datetime,open,high,low,close,volume
2000-01-03 00:00:00,1.00730,1.02780,1.00540,1.02560,73757
2000-01-04 00:00:00,1.02570,1.03400,1.02130,1.03040,83311
2000-01-05 00:00:00,1.03050,1.04020,1.02840,1.03230,72632
2000-01-06 00:00:00,1.03240,1.04150,1.02720,1.03190,81750
2000-01-07 00:00:00,1.03180,1.03340,1.02600,1.02940,62070
2000-01-10 00:00:00,1.02860,1.03050,1.02110,1.02620,65204
2000-01-11 00:00:00,1.02630,1.03410,1.02460,1.03340,72470
2000-01-12 00:00:00,1.03360,1.03700,1.02610,1.03100,76864
2000-01-13 00:00:00,1.03090,1.03180,1.02370,1.02550,67022
2000-01-14 00:00:00,1.02570,1.02750,1.01140,1.01450,67484
2000-01-17 00:00:00,1.01290,1.01480,1.00690,1.01140,60212
2000-01-18 00:00:00,1.01150,1.01420,1.00720,1.01340,73042
2000-01-19 00:00:00,1.01340,1.01650,1.00850,1.01260,69539
2000-01-20 00:00:00,1.01240,1.01880,1.00730,1.01710,75564
2000-01-21 00:00:00,1.01720,1.01930,1.00500,1.00880,92137
2000-01-24 00:00:00,1.00280,1.00730,0.99970,1.00690,69827
2000-01-25 00:00:00,1.00660,1.00960,0.99920,1.00100,63246
2000-01-26 00:00:00,1.00090,1.00550,0.99950,1.00170,77559
2000-01-27 00:00:00,1.00160,1.00300,0.98680,0.98810,83975
2000-01-28 00:00:00,0.98820,0.98950,0.97360,0.97680,77060
2000-01-31 00:00:00,0.97730,0.98290,0.96670,0.97030,67218
2000-02-01 00:00:00,0.97040,0.97820,0.96670,0.97280,73582
2000-02-02 00:00:00,0.97290,0.98080,0.96940,0.97620,75515
2000-02-03 00:00:00,0.97610,0.99470,0.97100,0.99040,87577
2000-02-04 00:00:00,0.99030,0.99400,0.97470,0.98240,87889
2000-02-07 00:00:00,0.98320,0.98320,0.97540,0.98030,61046
2000-02-08 00:00:00,0.98020,0.99140,0.97860,0.98650,73987
2000-02-09 00:00:00,0.98610,0.99710,0.98500,0.99310,85995
2000-02-10 00:00:00,0.99320,0.99620,0.98310,0.98520,77657
2000-02-11 00:00:00,0.98480,0.98790,0.97860,0.98680,70027
2000-02-14 00:00:00,0.98770,0.99160,0.97760,0.97990,64225
2000-02-15 00:00:00,0.97990,0.98620,0.97630,0.98130,70217
2000-02-16 00:00:00,0.98150,0.98780,0.97900,0.98630,60951
2000-02-17 00:00:00,0.98620,0.99580,0.98370,0.98820,67725
2000-02-18 00:00:00,0.98850,0.99020,0.98090,0.98540,66504
2000-02-21 00:00:00,0.98540,0.98890,0.98430,0.98740,56015
2000-02-22 00:00:00,0.98750,1.00810,0.98680,1.00350,69394
2000-02-23 00:00:00,1.00330,1.00890,1.00110,1.00320,62749
2000-02-24 00:00:00,1.00300,1.00420,0.98880,0.99320,68587
2000-02-25 00:00:00,0.99300,0.99370,0.97220,0.97400,72632
2000-02-28 00:00:00,0.97280,0.97320,0.94010,0.97190,87859
2000-02-29 00:00:00,0.97210,0.98720,0.96220,0.96520,89110
2000-03-01 00:00:00,0.96510,0.97670,0.96260,0.97350,78428
2000-03-02 00:00:00,0.97320,0.97930,0.96150,0.96580,91095
2000-03-03 00:00:00,0.96550,0.96780,0.95940,0.96100,81345
2000-03-06 00:00:00,0.95670,0.96720,0.95590,0.95970,68166
2000-03-07 00:00:00,0.95940,0.96240,0.95250,0.95930,79216
2000-03-08 00:00:00,0.95950,0.96310,0.95210,0.96080,82649
2000-03-09 00:00:00,0.96100,0.96980,0.95950,0.96630,77724
2000-03-10 00:00:00,0.96620,0.96900,0.95990,0.96340,75593
2000-03-13 00:00:00,0.96270,0.97300,0.96160,0.96430,69275
2000-03-14 00:00:00,0.96450,0.96830,0.95900,0.96790,73523
2000-03-15 00:00:00,0.96780,0.97140,0.96400,0.96840,72250
2000-03-16 00:00:00,0.96820,0.97400,0.96460,0.97090,73239
2000-03-17 00:00:00,0.97140,0.97300,0.96570,0.97200,70183
2000-03-20 00:00:00,0.97250,0.97460,0.96840,0.97340,63517
2000-03-21 00:00:00,0.97320,0.97400,0.96350,0.96430,71789
2000-03-22 00:00:00,0.96430,0.96490,0.95730,0.96080,76200
2000-03-23 00:00:00,0.96070,0.97300,0.96010,0.97170,68015
2000-03-24 00:00:00,0.97150,0.97750,0.96720,0.97710,80279
2000-03-27 00:00:00,0.97740,0.97900,0.96320,0.96530,70766
2000-03-28 00:00:00,0.96540,0.97020,0.96000,0.96160,80463
2000-03-29 00:00:00,0.96160,0.96170,0.94780,0.95050,83441
2000-03-30 00:00:00,0.95080,0.96240,0.95020,0.96140,76396
2000-03-31 00:00:00,0.96120,0.96320,0.95280,0.95560,76254
2000-04-03 00:00:00,0.95620,0.96060,0.95020,0.95750,68319
2000-04-04 00:00:00,0.95760,0.97490,0.95150,0.96250,70505
2000-04-05 00:00:00,0.96240,0.97120,0.95890,0.96340,83719
2000-04-06 00:00:00,0.96340,0.96490,0.95650,0.95850,71453
2000-04-07 00:00:00,0.95850,0.96090,0.95370,0.95450,72380
2000-04-10 00:00:00,0.95480,0.96280,0.95340,0.96210,66420
2000-04-11 00:00:00,0.96220,0.96490,0.95620,0.95890,87194
2000-04-12 00:00:00,0.95900,0.96070,0.95210,0.95800,94186
2000-04-13 00:00:00,0.95800,0.96020,0.95130,0.95440,93024
2000-04-14 00:00:00,0.95440,0.96220,0.95100,0.96070,86708
2000-04-17 00:00:00,0.96480,0.96790,0.95210,0.95240,87917
2000-04-18 00:00:00,0.95250,0.95280,0.94520,0.94720,94358
2000-04-19 00:00:00,0.94720,0.94910,0.93550,0.94050,72797
2000-04-20 00:00:00,0.94080,0.94250,0.93530,0.93840,68240
2000-04-21 00:00:00,0.93850,0.94000,0.93620,0.93840,30864
2000-04-24 00:00:00,0.93820,0.94510,0.93670,0.93870,28435
2000-04-25 00:00:00,0.93840,0.93970,0.91630,0.92100,70768
2000-04-26 00:00:00,0.92090,0.92490,0.91750,0.92360,76676
2000-04-27 00:00:00,0.92360,0.92490,0.90590,0.90960,82241
2000-04-28 00:00:00,0.90950,0.91370,0.90300,0.91110,76301
2000-05-01 00:00:00,0.91200,0.91740,0.90710,0.91630,39408
2000-05-02 00:00:00,0.91580,0.91750,0.90370,0.90890,69597
2000-05-03 00:00:00,0.90870,0.91070,0.88870,0.89480,81481
2000-05-04 00:00:00,0.89490,0.89730,0.88470,0.89040,83417
2000-05-05 00:00:00,0.89030,0.90110,0.88910,0.89770,76910
2000-05-08 00:00:00,0.89650,0.90450,0.89140,0.89850,80570
2000-05-09 00:00:00,0.89840,0.90800,0.89450,0.90730,66584
2000-05-10 00:00:00,0.90720,0.91320,0.90480,0.90680,75643
2000-05-11 00:00:00,0.90690,0.91100,0.89880,0.90130,79149
2000-05-12 00:00:00,0.90170,0.92010,0.89790,0.91920,76589
2000-05-15 00:00:00,0.91790,0.91900,0.91140,0.91140,55081
2000-05-16 00:00:00,0.91150,0.91230,0.90120,0.90250,65397
2000-05-17 00:00:00,0.90190,0.90300,0.88910,0.89460,70215
2000-05-18 00:00:00,0.89440,0.89710,0.89050,0.89410,69052
2000-05-19 00:00:00,0.89410,0.89980,0.88440,0.89900,73300
2000-05-22 00:00:00,0.89740,0.90730,0.89520,0.90250,65829
2000-05-23 00:00:00,0.90280,0.91560,0.90180,0.90640,82770
2000-05-24 00:00:00,0.90630,0.91300,0.90320,0.90560,71271
2000-05-25 00:00:00,0.90550,0.91310,0.89780,0.91230,71031
2000-05-26 00:00:00,0.91200,0.93360,0.91120,0.93150,78198
2000-05-29 00:00:00,0.93280,0.93350,0.92380,0.92660,57848
2000-05-30 00:00:00,0.92670,0.94120,0.92420,0.92990,73799
2000-05-31 00:00:00,0.93020,0.93760,0.92660,0.93720,72584
2000-06-01 00:00:00,0.93710,0.93820,0.92840,0.93170,56534
2000-06-02 00:00:00,0.93180,0.94980,0.92970,0.94400,69576
2000-06-05 00:00:00,0.94570,0.94930,0.94110,0.94770,62102
2000-06-06 00:00:00,0.94810,0.95990,0.94490,0.95370,68708
2000-06-07 00:00:00,0.95390,0.96270,0.95300,0.96160,73487
2000-06-08 00:00:00,0.96190,0.97000,0.95080,0.95640,80379
2000-06-09 00:00:00,0.95630,0.95700,0.94570,0.95320,75197
2000-06-12 00:00:00,0.95370,0.95640,0.94900,0.95330,55591
2000-06-13 00:00:00,0.95300,0.96270,0.95200,0.96090,61192
2000-06-14 00:00:00,0.96080,0.96540,0.95720,0.95880,66800
2000-06-15 00:00:00,0.95830,0.96040,0.95000,0.95370,68165
2000-06-16 00:00:00,0.95390,0.96590,0.94960,0.96520,66843
2000-06-19 00:00:00,0.96370,0.96930,0.95690,0.95690,63736
2000-06-20 00:00:00,0.95780,0.96160,0.95290,0.95670,66454
2000-06-21 00:00:00,0.95670,0.95670,0.94300,0.94580,66602
2000-06-22 00:00:00,0.94620,0.94750,0.93480,0.93690,68025
2000-06-23 00:00:00,0.93720,0.94310,0.93380,0.93600,64454
2000-06-26 00:00:00,0.93620,0.93970,0.92960,0.93660,63919
2000-06-27 00:00:00,0.93700,0.94710,0.93520,0.94630,65684
2000-06-28 00:00:00,0.94620,0.94680,0.93980,0.94260,62396
2000-06-29 00:00:00,0.94270,0.95370,0.93980,0.95160,67153
2000-06-30 00:00:00,0.95170,0.96030,0.95040,0.95390,74420
2000-07-03 00:00:00,0.95240,0.95470,0.94810,0.95090,62066
2000-07-04 00:00:00,0.95080,0.95250,0.94630,0.95160,60423
2000-07-05 00:00:00,0.95190,0.95730,0.95070,0.95250,65234
2000-07-06 00:00:00,0.95280,0.95990,0.94980,0.95070,67916
2000-07-07 00:00:00,0.95080,0.95280,0.94580,0.94730,71953
2000-07-10 00:00:00,0.94850,0.95540,0.94770,0.95520,60110
2000-07-11 00:00:00,0.95530,0.95660,0.94900,0.95290,61464
2000-07-12 00:00:00,0.95280,0.95300,0.93910,0.94210,62969
2000-07-13 00:00:00,0.94210,0.94320,0.93270,0.93710,73913
2000-07-14 00:00:00,0.93710,0.93900,0.93170,0.93760,71387
2000-07-17 00:00:00,0.93840,0.94010,0.93380,0.93600,64692
2000-07-18 00:00:00,0.93580,0.93690,0.92280,0.92630,63233
2000-07-19 00:00:00,0.92670,0.92670,0.91920,0.92460,66223
2000-07-20 00:00:00,0.92450,0.93450,0.92010,0.93300,68924
2000-07-21 00:00:00,0.93340,0.93820,0.93120,0.93730,69852
2000-07-24 00:00:00,0.93640,0.93780,0.93090,0.93300,58248
2000-07-25 00:00:00,0.93280,0.94310,0.93170,0.93840,59252
2000-07-26 00:00:00,0.93830,0.94500,0.93760,0.94180,65887
2000-07-27 00:00:00,0.94200,0.94440,0.93160,0.93270,70632
2000-07-28 00:00:00,0.93270,0.93360,0.92210,0.92380,61824
2000-07-31 00:00:00,0.92380,0.92940,0.92190,0.92720,54598
2000-08-01 00:00:00,0.92710,0.92930,0.91430,0.91440,60183
2000-08-02 00:00:00,0.91470,0.91920,0.91130,0.91330,65276
2000-08-03 00:00:00,0.91350,0.91760,0.89980,0.90650,65822
2000-08-04 00:00:00,0.90660,0.91010,0.90110,0.90770,68238
2000-08-07 00:00:00,0.90730,0.91120,0.90520,0.90860,60051
2000-08-08 00:00:00,0.90860,0.90900,0.89840,0.90190,69036
2000-08-09 00:00:00,0.90170,0.90340,0.89630,0.89950,62400
2000-08-10 00:00:00,0.89950,0.90980,0.89900,0.90810,65256
2000-08-11 00:00:00,0.90800,0.91400,0.90240,0.90270,45547
2000-08-14 00:00:00,0.90390,0.90710,0.90000,0.90540,58344
2000-08-15 00:00:00,0.90530,0.91410,0.90490,0.91340,62528
2000-08-16 00:00:00,0.91310,0.91780,0.90620,0.91540,67805
2000-08-17 00:00:00,0.91550,0.91750,0.91150,0.91680,62008
2000-08-18 00:00:00,0.91740,0.91840,0.90570,0.90640,65628
2000-08-21 00:00:00,0.90700,0.90790,0.90080,0.90170,56602
2000-08-22 00:00:00,0.90130,0.90380,0.89450,0.89720,62264
2000-08-23 00:00:00,0.89700,0.90030,0.89090,0.89960,71855
2000-08-24 00:00:00,0.89970,0.90520,0.89920,0.90230,64958
2000-08-25 00:00:00,0.90220,0.90730,0.89740,0.90210,71626
2000-08-28 00:00:00,0.90240,0.90450,0.89860,0.90030,45197
2000-08-29 00:00:00,0.89990,0.90230,0.89130,0.89270,60743
2000-08-30 00:00:00,0.89230,0.89440,0.88670,0.89310,58335
2000-08-31 00:00:00,0.89320,0.89710,0.88410,0.88760,59901
2000-09-01 00:00:00,0.88800,0.90170,0.88750,0.90000,59567
2000-09-04 00:00:00,0.90020,0.90400,0.89640,0.89850,51299
2000-09-05 00:00:00,0.89840,0.89920,0.88490,0.89060,63801
2000-09-06 00:00:00,0.89060,0.89100,0.86850,0.87080,75762
2000-09-07 00:00:00,0.87060,0.87630,0.86350,0.87220,87951
2000-09-08 00:00:00,0.87250,0.87480,0.86400,0.86960,75983
2000-09-11 00:00:00,0.86410,0.87250,0.85650,0.85910,80891
2000-09-12 00:00:00,0.85920,0.86900,0.85430,0.86230,86611
2000-09-13 00:00:00,0.86220,0.87050,0.85790,0.85870,77978
2000-09-14 00:00:00,0.85890,0.87190,0.85610,0.86630,88069
2000-09-15 00:00:00,0.86570,0.86990,0.85350,0.85370,70684
2000-09-18 00:00:00,0.85210,0.85750,0.85120,0.85380,68500
2000-09-19 00:00:00,0.85360,0.85650,0.84760,0.85130,71217
2000-09-20 00:00:00,0.85130,0.85250,0.84390,0.84820,73929
2000-09-21 00:00:00,0.84810,0.85940,0.84590,0.85830,71849
2000-09-22 00:00:00,0.85840,0.90080,0.85730,0.87850,97785
2000-09-25 00:00:00,0.87970,0.88290,0.87120,0.87410,76930
2000-09-26 00:00:00,0.87390,0.88390,0.87270,0.88250,72257
2000-09-27 00:00:00,0.88260,0.88860,0.87830,0.88330,69097
2000-09-28 00:00:00,0.88320,0.88650,0.87770,0.87950,70007
2000-09-29 00:00:00,0.87910,0.88490,0.87480,0.88220,69948
2000-10-02 00:00:00,0.88410,0.88580,0.87780,0.87870,56039
2000-10-03 00:00:00,0.87860,0.87900,0.87280,0.87470,61477
2000-10-04 00:00:00,0.87450,0.87800,0.87170,0.87470,51549
2000-10-05 00:00:00,0.87440,0.87890,0.86780,0.86900,62001
2000-10-06 00:00:00,0.86900,0.87420,0.86650,0.86850,60933
2000-10-09 00:00:00,0.86850,0.87120,0.86660,0.86840,44713
2000-10-10 00:00:00,0.86840,0.87460,0.86590,0.87190,63338
2000-10-11 00:00:00,0.87150,0.87680,0.86770,0.86970,67456
2000-10-12 00:00:00,0.86940,0.86990,0.86120,0.86220,70332
2000-10-13 00:00:00,0.86250,0.86600,0.85280,0.85390,72107
2000-10-16 00:00:00,0.85570,0.85610,0.84590,0.85070,68153
2000-10-17 00:00:00,0.85070,0.85650,0.84750,0.85490,71865
2000-10-18 00:00:00,0.85490,0.85730,0.83260,0.83970,77467
2000-10-19 00:00:00,0.83980,0.84460,0.83790,0.84330,81958
2000-10-20 00:00:00,0.84340,0.84830,0.83510,0.84140,74816
2000-10-23 00:00:00,0.84150,0.84240,0.83460,0.83560,64430
2000-10-24 00:00:00,0.83570,0.83990,0.83440,0.83690,74749
2000-10-25 00:00:00,0.83690,0.83870,0.82470,0.82830,82548
2000-10-26 00:00:00,0.82810,0.83260,0.82270,0.82940,79959
2000-10-27 00:00:00,0.82940,0.84430,0.82850,0.84050,90371
2000-10-30 00:00:00,0.84110,0.85300,0.83890,0.84260,110622
2000-10-31 00:00:00,0.84250,0.85000,0.83830,0.84880,90071
2000-11-01 00:00:00,0.84890,0.86180,0.84700,0.86130,76414
2000-11-02 00:00:00,0.86120,0.86670,0.85540,0.85890,82496
2000-11-03 00:00:00,0.85890,0.87960,0.85720,0.86670,102727
2000-11-06 00:00:00,0.86620,0.87320,0.85570,0.86150,85683
2000-11-07 00:00:00,0.86150,0.86660,0.85760,0.86040,86069
2000-11-08 00:00:00,0.86030,0.86930,0.85160,0.85570,100265
2000-11-09 00:00:00,0.85570,0.86760,0.85170,0.86630,85840
2000-11-10 00:00:00,0.86650,0.87060,0.85970,0.85990,96867
2000-11-13 00:00:00,0.86210,0.86650,0.85810,0.85990,75773
2000-11-14 00:00:00,0.85960,0.86180,0.85490,0.85850,78026
2000-11-15 00:00:00,0.85820,0.86310,0.85530,0.85750,82183
2000-11-16 00:00:00,0.85760,0.85990,0.85140,0.85230,69450
2000-11-17 00:00:00,0.85220,0.85780,0.84740,0.84880,78964
2000-11-20 00:00:00,0.84880,0.85170,0.84630,0.85160,69411
2000-11-21 00:00:00,0.85170,0.85360,0.84160,0.84350,76558
2000-11-22 00:00:00,0.84340,0.84860,0.84110,0.84340,77634
2000-11-23 00:00:00,0.84330,0.84600,0.83720,0.83880,70165
2000-11-24 00:00:00,0.83900,0.84590,0.83740,0.83850,80191
2000-11-27 00:00:00,0.83940,0.85270,0.83870,0.85200,68397
2000-11-28 00:00:00,0.85210,0.85820,0.85020,0.85670,75420
2000-11-29 00:00:00,0.85650,0.86610,0.85540,0.85750,78980
2000-11-30 00:00:00,0.85750,0.87380,0.85670,0.87230,93045
2000-12-01 00:00:00,0.87220,0.87910,0.87010,0.87890,88821
2000-12-04 00:00:00,0.87870,0.89320,0.87540,0.88980,94596
2000-12-05 00:00:00,0.88970,0.89080,0.87830,0.88020,89500
2000-12-06 00:00:00,0.87990,0.89210,0.87700,0.89170,89518
2000-12-07 00:00:00,0.89170,0.89760,0.88520,0.89000,97302
2000-12-08 00:00:00,0.88990,0.89160,0.88090,0.88090,94098
2000-12-11 00:00:00,0.88130,0.88640,0.87490,0.87650,69739
2000-12-12 00:00:00,0.87650,0.88400,0.87520,0.87890,85639
2000-12-13 00:00:00,0.87910,0.88280,0.87150,0.87640,101908
2000-12-14 00:00:00,0.87670,0.89120,0.87520,0.89080,94032
2000-12-15 00:00:00,0.89070,0.90020,0.89020,0.89520,105002
2000-12-18 00:00:00,0.89460,0.90170,0.89210,0.89350,89495
2000-12-19 00:00:00,0.89370,0.89690,0.88790,0.89470,94940
2000-12-20 00:00:00,0.89480,0.90970,0.89430,0.90970,96265
2000-12-21 00:00:00,0.90970,0.91710,0.90590,0.91590,101838
2000-12-22 00:00:00,0.91570,0.92620,0.91430,0.92420,97512
2000-12-25 00:00:00,0.92300,0.92800,0.91970,0.92520,21770
2000-12-26 00:00:00,0.92460,0.93270,0.92340,0.93230,63774
2000-12-27 00:00:00,0.93230,0.93400,0.92730,0.93040,95021
2000-12-28 00:00:00,0.93040,0.93200,0.92470,0.92950,83683
2000-12-29 00:00:00,0.92940,0.94270,0.92800,0.94200,81568
2001-01-01 00:00:00,0.94210,0.94250,0.93900,0.94180,837
2001-01-02 00:00:00,0.94290,0.95170,0.93670,0.95080,86229
2001-01-03 00:00:00,0.95060,0.95730,0.92750,0.92900,96976
2001-01-04 00:00:00,0.92900,0.95200,0.92620,0.94960,112966
2001-01-05 00:00:00,0.94990,0.95960,0.94630,0.95780,117436
2001-01-08 00:00:00,0.95840,0.95920,0.94660,0.94870,87637
2001-01-09 00:00:00,0.94860,0.94890,0.93830,0.94490,96439
2001-01-10 00:00:00,0.94490,0.94670,0.93630,0.93710,94298
2001-01-11 00:00:00,0.93730,0.95530,0.93620,0.95210,89669
2001-01-12 00:00:00,0.95230,0.95800,0.94680,0.95130,97149
2001-01-15 00:00:00,0.95240,0.95270,0.94090,0.94230,80427
2001-01-16 00:00:00,0.94240,0.94430,0.93720,0.94120,87166
2001-01-17 00:00:00,0.94170,0.94480,0.92880,0.93460,87776
2001-01-18 00:00:00,0.93450,0.94640,0.93430,0.94560,95449
2001-01-19 00:00:00,0.94580,0.95040,0.93370,0.93460,94809
2001-01-22 00:00:00,0.93470,0.94010,0.92680,0.93930,86168
2001-01-23 00:00:00,0.93950,0.94520,0.93690,0.93730,91981
2001-01-24 00:00:00,0.93750,0.93850,0.92090,0.92210,89349
2001-01-25 00:00:00,0.92200,0.92470,0.91150,0.92420,99537
2001-01-26 00:00:00,0.92440,0.93170,0.91980,0.92450,88720
2001-01-29 00:00:00,0.92390,0.92620,0.91740,0.91780,76306
2001-01-30 00:00:00,0.91750,0.92820,0.91430,0.92610,86611
2001-01-31 00:00:00,0.92610,0.93690,0.92520,0.93660,85430
2001-02-01 00:00:00,0.93640,0.94450,0.93570,0.94070,95461
2001-02-02 00:00:00,0.94050,0.94200,0.93170,0.93600,85228
2001-02-05 00:00:00,0.93530,0.94410,0.93530,0.93880,84961
2001-02-06 00:00:00,0.93860,0.93880,0.92810,0.92970,82877
2001-02-07 00:00:00,0.92940,0.93500,0.92580,0.92930,89814
2001-02-08 00:00:00,0.92970,0.93010,0.91500,0.91880,91885
2001-02-09 00:00:00,0.91880,0.92750,0.91320,0.92540,95319
2001-02-12 00:00:00,0.92550,0.93300,0.92470,0.93180,71757
2001-02-13 00:00:00,0.93170,0.93310,0.91710,0.92100,82612
2001-02-14 00:00:00,0.92100,0.92200,0.91650,0.91750,91287
2001-02-15 00:00:00,0.91740,0.91960,0.90260,0.90450,75477
2001-02-16 00:00:00,0.90450,0.91780,0.90420,0.91490,94391
2001-02-19 00:00:00,0.91310,0.92360,0.91210,0.92180,80952
2001-02-20 00:00:00,0.92170,0.92410,0.90490,0.91200,84619
2001-02-21 00:00:00,0.91170,0.91840,0.90570,0.90950,98514
2001-02-22 00:00:00,0.90950,0.91310,0.90140,0.90580,100662
2001-02-23 00:00:00,0.90600,0.92080,0.90270,0.91690,93681
2001-02-26 00:00:00,0.91740,0.91870,0.90770,0.91150,88372
2001-02-27 00:00:00,0.91170,0.92110,0.90820,0.91790,88764
2001-02-28 00:00:00,0.91770,0.92590,0.91600,0.92330,95874
2001-03-01 00:00:00,0.92340,0.93220,0.92240,0.92970,91697
2001-03-02 00:00:00,0.92940,0.93820,0.92840,0.93510,91445
2001-03-05 00:00:00,0.93640,0.93670,0.92820,0.92950,77817
2001-03-06 00:00:00,0.92980,0.93460,0.92520,0.93440,74524
2001-03-07 00:00:00,0.93450,0.93730,0.92640,0.92980,89710
2001-03-08 00:00:00,0.92990,0.93410,0.92720,0.93190,85247
2001-03-09 00:00:00,0.93160,0.93750,0.92940,0.93260,82912
2001-03-12 00:00:00,0.93210,0.93440,0.92570,0.92800,109801
2001-03-13 00:00:00,0.92800,0.93040,0.91260,0.91490,101651
2001-03-14 00:00:00,0.91480,0.92140,0.90790,0.91190,111892
2001-03-15 00:00:00,0.91180,0.91320,0.89520,0.89680,128543
2001-03-16 00:00:00,0.89660,0.90050,0.89150,0.89740,124297
2001-03-19 00:00:00,0.89700,0.90210,0.89320,0.89920,104167
2001-03-20 00:00:00,0.89930,0.91000,0.89860,0.90960,96669
2001-03-21 00:00:00,0.90970,0.91270,0.89300,0.89610,111661
2001-03-22 00:00:00,0.89630,0.89680,0.88340,0.88910,95455
2001-03-23 00:00:00,0.88930,0.89690,0.88530,0.88990,92910
2001-03-26 00:00:00,0.88970,0.89720,0.88840,0.89590,95624
2001-03-27 00:00:00,0.89570,0.89930,0.88970,0.89340,94397
2001-03-28 00:00:00,0.89300,0.89500,0.88450,0.88600,93340
2001-03-29 00:00:00,0.88600,0.88870,0.87970,0.88300,101893
2001-03-30 00:00:00,0.88280,0.88730,0.87490,0.87770,113564
2001-04-02 00:00:00,0.87430,0.88370,0.87320,0.87950,93694
2001-04-03 00:00:00,0.87940,0.89730,0.87880,0.89640,97609
2001-04-04 00:00:00,0.89630,0.90520,0.89340,0.90160,106891
2001-04-05 00:00:00,0.90150,0.90930,0.89450,0.89470,109545
2001-04-06 00:00:00,0.89430,0.90510,0.89230,0.90330,112665
2001-04-09 00:00:00,0.90420,0.90500,0.89620,0.89680,95406
2001-04-10 00:00:00,0.89700,0.89940,0.88650,0.88790,105017
2001-04-11 00:00:00,0.88780,0.89170,0.88090,0.88730,107197
2001-04-12 00:00:00,0.88740,0.89450,0.88360,0.89200,102663
2001-04-13 00:00:00,0.89190,0.89370,0.88790,0.88820,59721
2001-04-16 00:00:00,0.88860,0.89040,0.88280,0.88650,61217
2001-04-17 00:00:00,0.88660,0.89120,0.87750,0.88200,98759
2001-04-18 00:00:00,0.88210,0.88990,0.87060,0.88500,110313
2001-04-19 00:00:00,0.88530,0.89690,0.88070,0.89650,113588
2001-04-20 00:00:00,0.89640,0.90480,0.89520,0.90300,103709
2001-04-23 00:00:00,0.90150,0.90830,0.89460,0.89820,98039
2001-04-24 00:00:00,0.89820,0.90210,0.89300,0.89430,103627
2001-04-25 00:00:00,0.89410,0.90040,0.89080,0.89640,98269
2001-04-26 00:00:00,0.89630,0.90410,0.89460,0.90360,101631
2001-04-27 00:00:00,0.90360,0.90550,0.88870,0.89090,103086
2001-04-30 00:00:00,0.89140,0.89280,0.88500,0.88760,85155
2001-05-01 00:00:00,0.88750,0.89400,0.88550,0.89210,88446
2001-05-02 00:00:00,0.89230,0.89530,0.88840,0.89320,96597
2001-05-03 00:00:00,0.89300,0.89790,0.88810,0.89000,104046
2001-05-04 00:00:00,0.89000,0.90090,0.88880,0.89380,104053
2001-05-07 00:00:00,0.89260,0.89370,0.88980,0.89000,84643
2001-05-08 00:00:00,0.89000,0.89160,0.88230,0.88400,95421
2001-05-09 00:00:00,0.88410,0.88600,0.88100,0.88510,94171
2001-05-10 00:00:00,0.88500,0.89240,0.87820,0.88160,98814
2001-05-11 00:00:00,0.88140,0.88210,0.87360,0.87640,98785
2001-05-14 00:00:00,0.87600,0.87610,0.87250,0.87460,79154
2001-05-15 00:00:00,0.87440,0.87990,0.87310,0.87830,92469
2001-05-16 00:00:00,0.87790,0.88680,0.87430,0.88300,100925
2001-05-17 00:00:00,0.88310,0.88810,0.87910,0.88300,98884
2001-05-18 00:00:00,0.88300,0.88320,0.87540,0.88000,94393
2001-05-21 00:00:00,0.87990,0.88200,0.87400,0.87750,82940
2001-05-22 00:00:00,0.87710,0.87760,0.86260,0.86520,96376
2001-05-23 00:00:00,0.86520,0.86650,0.85470,0.85620,99794
2001-05-24 00:00:00,0.85640,0.86130,0.84940,0.85700,105261
2001-05-25 00:00:00,0.85670,0.86290,0.85360,0.86020,95903
2001-05-28 00:00:00,0.86020,0.86090,0.85760,0.85990,75750
2001-05-29 00:00:00,0.86010,0.86140,0.85270,0.85390,87364
2001-05-30 00:00:00,0.85410,0.85920,0.85350,0.85730,92191
2001-05-31 00:00:00,0.85700,0.85740,0.84390,0.84590,94594
2001-06-01 00:00:00,0.84570,0.84970,0.84310,0.84800,93699
2001-06-04 00:00:00,0.84680,0.85400,0.84400,0.84580,79712
2001-06-05 00:00:00,0.84600,0.85380,0.84240,0.85360,87846
2001-06-06 00:00:00,0.85380,0.85690,0.84450,0.84910,84861
2001-06-07 00:00:00,0.84900,0.85190,0.84560,0.85000,82992
2001-06-08 00:00:00,0.85020,0.85200,0.84570,0.85040,85956
2001-06-11 00:00:00,0.85000,0.85420,0.84100,0.84370,78567
2001-06-12 00:00:00,0.84360,0.85370,0.84130,0.85240,86782
2001-06-13 00:00:00,0.85240,0.85680,0.85100,0.85440,85279
2001-06-14 00:00:00,0.85430,0.86350,0.84860,0.86140,86132
2001-06-15 00:00:00,0.86130,0.86740,0.85990,0.86180,94256
2001-06-18 00:00:00,0.86290,0.86440,0.85750,0.86140,80464
2001-06-19 00:00:00,0.86120,0.86160,0.85250,0.85410,81246
2001-06-20 00:00:00,0.85400,0.85580,0.84950,0.85460,87097
2001-06-21 00:00:00,0.85470,0.85860,0.85120,0.85550,90719
2001-06-22 00:00:00,0.85540,0.85780,0.85100,0.85700,83262
2001-06-25 00:00:00,0.85680,0.86280,0.85640,0.85950,86021
2001-06-26 00:00:00,0.85930,0.86530,0.85820,0.86350,95576
2001-06-27 00:00:00,0.86350,0.86610,0.85870,0.86090,91269
2001-06-28 00:00:00,0.86040,0.86160,0.84340,0.84520,111719
2001-06-29 00:00:00,0.84540,0.84980,0.84300,0.84980,111099
2001-07-02 00:00:00,0.85030,0.85060,0.84390,0.84720,98723
2001-07-03 00:00:00,0.84740,0.85060,0.84540,0.84940,116876
2001-07-04 00:00:00,0.84950,0.85090,0.84290,0.84630,119508
2001-07-05 00:00:00,0.84640,0.84810,0.83540,0.83640,116285
2001-07-06 00:00:00,0.83650,0.84800,0.83460,0.84700,115739
2001-07-09 00:00:00,0.84690,0.85100,0.84440,0.84780,101833
2001-07-10 00:00:00,0.84790,0.85750,0.84770,0.85570,112695
2001-07-11 00:00:00,0.85560,0.86440,0.85320,0.85920,103805
2001-07-12 00:00:00,0.85940,0.86020,0.85040,0.85350,97289
2001-07-13 00:00:00,0.85370,0.85620,0.85070,0.85460,86826
2001-07-16 00:00:00,0.85400,0.85930,0.85400,0.85490,77073
2001-07-17 00:00:00,0.85520,0.86100,0.84880,0.85930,94111
2001-07-18 00:00:00,0.85930,0.87370,0.85680,0.87280,111471
2001-07-19 00:00:00,0.87250,0.87820,0.86800,0.87120,125178
2001-07-20 00:00:00,0.87110,0.87880,0.87000,0.87160,109267
2001-07-23 00:00:00,0.87050,0.87220,0.86490,0.86900,100463
2001-07-24 00:00:00,0.86900,0.87720,0.86830,0.87640,104931
2001-07-25 00:00:00,0.87680,0.88130,0.87140,0.88070,115507
2001-07-26 00:00:00,0.88070,0.88250,0.87460,0.87760,103270
2001-07-27 00:00:00,0.87750,0.88080,0.87210,0.87700,95767
2001-07-30 00:00:00,0.87770,0.87780,0.87210,0.87460,87178
2001-07-31 00:00:00,0.87450,0.87800,0.87220,0.87550,96702
2001-08-01 00:00:00,0.87560,0.88330,0.87510,0.88080,112257
2001-08-02 00:00:00,0.88090,0.88430,0.87840,0.88380,102894
2001-08-03 00:00:00,0.88400,0.88780,0.87760,0.88380,101339
2001-08-06 00:00:00,0.88300,0.88340,0.87840,0.88180,78968
2001-08-07 00:00:00,0.88180,0.88220,0.87490,0.87750,100492
2001-08-08 00:00:00,0.87780,0.88090,0.87370,0.88020,105958
2001-08-09 00:00:00,0.88010,0.89430,0.87950,0.89170,94991
2001-08-10 00:00:00,0.89140,0.89620,0.89090,0.89360,106457
2001-08-13 00:00:00,0.89370,0.90080,0.89200,0.89740,103747
2001-08-14 00:00:00,0.89730,0.90380,0.89350,0.90310,104932
2001-08-15 00:00:00,0.90300,0.91440,0.90180,0.91250,117724
2001-08-16 00:00:00,0.91280,0.92020,0.90920,0.91260,121276
2001-08-17 00:00:00,0.91280,0.91840,0.91000,0.91800,108767
2001-08-20 00:00:00,0.91760,0.92040,0.91090,0.91420,102975
2001-08-21 00:00:00,0.91430,0.91780,0.90770,0.91680,110053
2001-08-22 00:00:00,0.91700,0.92410,0.91360,0.91480,112994
2001-08-23 00:00:00,0.91470,0.91690,0.90980,0.91490,100876
2001-08-24 00:00:00,0.91480,0.91670,0.90760,0.91310,104392
2001-08-27 00:00:00,0.91450,0.91460,0.90830,0.91200,103667
2001-08-28 00:00:00,0.91180,0.91270,0.90260,0.91140,108842
2001-08-29 00:00:00,0.91150,0.91520,0.90840,0.91000,100761
2001-08-30 00:00:00,0.90990,0.91870,0.90550,0.91650,106907
2001-08-31 00:00:00,0.91640,0.92000,0.90660,0.91130,116252
2001-09-03 00:00:00,0.90940,0.91050,0.90550,0.90790,85319
2001-09-04 00:00:00,0.90780,0.90800,0.88470,0.88840,108219
2001-09-05 00:00:00,0.88840,0.89140,0.88540,0.88670,107576
2001-09-06 00:00:00,0.88660,0.89670,0.88240,0.89600,120749
2001-09-07 00:00:00,0.89590,0.90710,0.89280,0.90600,120411
2001-09-10 00:00:00,0.90600,0.90820,0.89770,0.89910,102413
2001-09-11 00:00:00,0.89910,0.91710,0.89540,0.91460,134207
2001-09-12 00:00:00,0.91470,0.91510,0.90070,0.90700,129031
2001-09-13 00:00:00,0.90720,0.91270,0.90460,0.91170,114396
2001-09-14 00:00:00,0.91190,0.92510,0.90800,0.92050,117558
2001-09-17 00:00:00,0.92360,0.93350,0.91720,0.92370,119948
2001-09-18 00:00:00,0.92380,0.92840,0.91860,0.92760,122462
2001-09-19 00:00:00,0.92740,0.93260,0.92280,0.92790,102390
2001-09-20 00:00:00,0.92780,0.92960,0.92280,0.92740,106094
2001-09-21 00:00:00,0.92750,0.92830,0.90840,0.91350,113360
2001-09-24 00:00:00,0.91340,0.92040,0.91030,0.91580,89375
2001-09-25 00:00:00,0.91580,0.92500,0.91450,0.92260,101132
2001-09-26 00:00:00,0.92270,0.92470,0.91950,0.92360,114298
2001-09-27 00:00:00,0.92360,0.92400,0.91590,0.91770,112194
2001-09-28 00:00:00,0.91750,0.91850,0.90780,0.91050,117039
2001-10-01 00:00:00,0.91030,0.91790,0.90590,0.91710,103243
2001-10-02 00:00:00,0.91690,0.91970,0.91320,0.91910,108039
2001-10-03 00:00:00,0.91910,0.92350,0.91250,0.91410,118839
2001-10-04 00:00:00,0.91410,0.91870,0.91100,0.91770,104791
2001-10-05 00:00:00,0.91760,0.92100,0.91560,0.91820,110527
2001-10-08 00:00:00,0.91910,0.92460,0.91650,0.92020,91086
2001-10-09 00:00:00,0.92000,0.92280,0.91280,0.91380,104508
2001-10-10 00:00:00,0.91380,0.91600,0.91020,0.91070,97564
2001-10-11 00:00:00,0.91060,0.91270,0.89890,0.90270,103962
2001-10-12 00:00:00,0.90280,0.91260,0.90100,0.90990,105071
2001-10-15 00:00:00,0.91170,0.91410,0.90590,0.90860,99734
2001-10-16 00:00:00,0.90850,0.91140,0.90380,0.90850,100703
2001-10-17 00:00:00,0.90840,0.90930,0.90090,0.90350,107419
2001-10-18 00:00:00,0.90350,0.90570,0.89960,0.90450,108429
2001-10-19 00:00:00,0.90440,0.90500,0.89650,0.89880,93964
2001-10-22 00:00:00,0.89850,0.90040,0.88960,0.89170,95212
2001-10-23 00:00:00,0.89170,0.89300,0.88670,0.89080,104159
2001-10-24 00:00:00,0.89100,0.89460,0.88970,0.89340,92833
2001-10-25 00:00:00,0.89340,0.89810,0.88780,0.89300,92625
2001-10-26 00:00:00,0.89310,0.89530,0.89030,0.89260,98944
2001-10-29 00:00:00,0.89220,0.90520,0.89210,0.90450,96794
2001-10-30 00:00:00,0.90440,0.91040,0.90330,0.90470,108595
2001-10-31 00:00:00,0.90470,0.90800,0.89850,0.90040,104883
2001-11-01 00:00:00,0.90020,0.91210,0.89920,0.90250,109385
2001-11-02 00:00:00,0.90260,0.90750,0.90060,0.90300,105846
2001-11-05 00:00:00,0.90150,0.90210,0.89420,0.89790,103558
2001-11-06 00:00:00,0.89800,0.89970,0.89540,0.89570,96417
2001-11-07 00:00:00,0.89560,0.90490,0.89370,0.89760,112649
2001-11-08 00:00:00,0.89760,0.89970,0.89060,0.89290,102990
2001-11-09 00:00:00,0.89280,0.89470,0.88880,0.89460,102597
2001-11-12 00:00:00,0.89440,0.90160,0.89110,0.89450,62226
2001-11-13 00:00:00,0.89450,0.89470,0.87900,0.88070,118765
2001-11-14 00:00:00,0.88090,0.88460,0.87700,0.88290,110273
2001-11-15 00:00:00,0.88290,0.88550,0.88000,0.88200,101831
2001-11-16 00:00:00,0.88220,0.88670,0.88080,0.88430,104614
2001-11-19 00:00:00,0.88430,0.88550,0.87640,0.87900,97540
2001-11-20 00:00:00,0.87900,0.88450,0.87780,0.88290,98687
2001-11-21 00:00:00,0.88320,0.88400,0.87530,0.87900,102528
2001-11-22 00:00:00,0.87930,0.87960,0.87610,0.87790,96353
2001-11-23 00:00:00,0.87780,0.88140,0.87350,0.87800,93671
2001-11-26 00:00:00,0.87780,0.88350,0.87750,0.88050,89266
2001-11-27 00:00:00,0.88080,0.88390,0.87690,0.88310,100927
2001-11-28 00:00:00,0.88330,0.88860,0.88160,0.88820,108584
2001-11-29 00:00:00,0.88840,0.89210,0.88550,0.88820,100752
2001-11-30 00:00:00,0.88830,0.89830,0.88470,0.89620,123812
2001-12-03 00:00:00,0.89560,0.89700,0.88890,0.89170,105244
2001-12-04 00:00:00,0.89160,0.89230,0.88850,0.88990,110988
2001-12-05 00:00:00,0.88960,0.89430,0.88460,0.88820,119186
2001-12-06 00:00:00,0.88810,0.89540,0.88640,0.89530,100351
2001-12-07 00:00:00,0.89540,0.89540,0.88840,0.88900,108976
2001-12-10 00:00:00,0.88940,0.89200,0.88400,0.89070,95490
2001-12-11 00:00:00,0.89060,0.89300,0.88810,0.89230,98393
2001-12-12 00:00:00,0.89260,0.89880,0.89200,0.89810,110781
2001-12-13 00:00:00,0.89780,0.89930,0.89190,0.89290,105355
2001-12-14 00:00:00,0.89270,0.90550,0.89210,0.90430,118255
2001-12-17 00:00:00,0.90350,0.90830,0.90170,0.90200,120514
2001-12-18 00:00:00,0.90230,0.90450,0.89930,0.90250,110367
2001-12-19 00:00:00,0.90250,0.90390,0.89510,0.90060,118143
2001-12-20 00:00:00,0.90070,0.90150,0.89600,0.90060,120045
2001-12-21 00:00:00,0.90040,0.90190,0.88540,0.88800,136757
2001-12-24 00:00:00,0.88880,0.89100,0.87410,0.87730,105906
2001-12-25 00:00:00,0.87750,0.88260,0.87670,0.87680,31140
2001-12-26 00:00:00,0.87850,0.88230,0.87650,0.87970,90932
2001-12-27 00:00:00,0.87970,0.88730,0.87740,0.88290,122241
2001-12-28 00:00:00,0.88260,0.88450,0.87880,0.88420,110861
2001-12-31 00:00:00,0.88410,0.89240,0.88240,0.89180,102424
2002-01-01 00:00:00,0.89180,0.89190,0.88630,0.88960,5492
2002-01-02 00:00:00,0.88960,0.90690,0.88830,0.90370,115155
2002-01-03 00:00:00,0.90350,0.90610,0.89740,0.89930,121056
2002-01-04 00:00:00,0.89950,0.90030,0.89380,0.89470,115427
2002-01-07 00:00:00,0.89500,0.89980,0.88810,0.89330,111270
2002-01-08 00:00:00,0.89330,0.89400,0.88820,0.89300,117159
2002-01-09 00:00:00,0.89310,0.89540,0.88640,0.89120,110887
2002-01-10 00:00:00,0.89130,0.89410,0.89000,0.89100,106767
2002-01-11 00:00:00,0.89140,0.89340,0.88950,0.89230,101552
2002-01-14 00:00:00,0.89450,0.89560,0.89140,0.89400,108293
2002-01-15 00:00:00,0.89420,0.89470,0.88280,0.88320,113693
2002-01-16 00:00:00,0.88310,0.88470,0.88020,0.88330,116196
2002-01-17 00:00:00,0.88330,0.88540,0.87930,0.88120,113493
2002-01-18 00:00:00,0.88090,0.88530,0.87950,0.88380,103951
2002-01-21 00:00:00,0.88400,0.88690,0.88240,0.88360,95834
2002-01-22 00:00:00,0.88350,0.88670,0.88110,0.88650,113318
2002-01-23 00:00:00,0.88640,0.88920,0.87650,0.87770,117461
2002-01-24 00:00:00,0.87800,0.87960,0.87520,0.87720,111189
2002-01-25 00:00:00,0.87730,0.87880,0.86310,0.86610,119837
2002-01-28 00:00:00,0.86450,0.86660,0.85700,0.86260,128247
2002-01-29 00:00:00,0.86260,0.86590,0.85920,0.86510,107979
2002-01-30 00:00:00,0.86510,0.86770,0.85990,0.86160,108909
2002-01-31 00:00:00,0.86150,0.86470,0.85760,0.85800,105873
2002-02-01 00:00:00,0.85820,0.86440,0.85620,0.86160,104222
2002-02-04 00:00:00,0.86150,0.87130,0.86050,0.87110,92079
2002-02-05 00:00:00,0.87080,0.87340,0.86510,0.86810,99170
2002-02-06 00:00:00,0.86800,0.87080,0.86330,0.86780,99874
2002-02-07 00:00:00,0.86770,0.87190,0.86450,0.87100,98084
2002-02-08 00:00:00,0.87120,0.87560,0.86960,0.87290,94053
2002-02-11 00:00:00,0.87080,0.88030,0.87050,0.87620,92438
2002-02-12 00:00:00,0.87590,0.88020,0.87400,0.87650,90579
2002-02-13 00:00:00,0.87640,0.87750,0.87030,0.87120,93315
2002-02-14 00:00:00,0.87130,0.87490,0.86800,0.87420,112096
2002-02-15 00:00:00,0.87390,0.87460,0.86940,0.87330,99871
2002-02-18 00:00:00,0.87320,0.87440,0.86990,0.87080,75493
2002-02-19 00:00:00,0.87070,0.87840,0.86630,0.87640,91679
2002-02-20 00:00:00,0.87640,0.87850,0.86870,0.86980,101151
2002-02-21 00:00:00,0.86950,0.87220,0.86790,0.86980,96971
2002-02-22 00:00:00,0.86980,0.87790,0.86800,0.87550,102329
2002-02-25 00:00:00,0.87530,0.87590,0.86870,0.86910,86702
2002-02-26 00:00:00,0.86930,0.87240,0.86150,0.86400,103456
2002-02-27 00:00:00,0.86390,0.86690,0.86250,0.86570,100060
2002-02-28 00:00:00,0.86560,0.86980,0.86230,0.86870,106969
2002-03-01 00:00:00,0.86910,0.86990,0.86290,0.86510,107490
2002-03-04 00:00:00,0.86470,0.87170,0.86310,0.86970,96768
2002-03-05 00:00:00,0.86960,0.87230,0.86480,0.87200,105689
2002-03-06 00:00:00,0.87210,0.87770,0.86930,0.87680,104337
2002-03-07 00:00:00,0.87680,0.88430,0.87390,0.88230,121223
2002-03-08 00:00:00,0.88210,0.88280,0.87200,0.87400,108135
2002-03-11 00:00:00,0.87370,0.87740,0.87320,0.87540,85767
2002-03-12 00:00:00,0.87540,0.87680,0.87030,0.87570,94098
2002-03-13 00:00:00,0.87580,0.87860,0.87240,0.87570,99683
2002-03-14 00:00:00,0.87550,0.88450,0.87530,0.88270,106965
2002-03-15 00:00:00,0.88270,0.88700,0.88070,0.88250,109196
2002-03-18 00:00:00,0.88120,0.88330,0.87820,0.88300,94334
2002-03-19 00:00:00,0.88270,0.88470,0.87950,0.88200,101155
2002-03-20 00:00:00,0.88190,0.88610,0.87870,0.88510,98871
2002-03-21 00:00:00,0.88520,0.88620,0.88050,0.88210,99511
2002-03-22 00:00:00,0.88220,0.88300,0.87490,0.87700,99924
2002-03-25 00:00:00,0.87730,0.87850,0.87520,0.87760,93821
2002-03-26 00:00:00,0.87770,0.87980,0.87310,0.87720,109913
2002-03-27 00:00:00,0.87710,0.87760,0.87190,0.87290,102345
2002-03-28 00:00:00,0.87300,0.87460,0.86980,0.87060,103847
2002-03-29 00:00:00,0.87110,0.87310,0.87010,0.87170,60271
2002-04-01 00:00:00,0.87160,0.88240,0.87140,0.88080,81301
2002-04-02 00:00:00,0.88060,0.88170,0.87720,0.87940,106271
2002-04-03 00:00:00,0.87940,0.88310,0.87740,0.88110,99398
2002-04-04 00:00:00,0.88120,0.88590,0.87640,0.87750,109201
2002-04-05 00:00:00,0.87770,0.88180,0.87720,0.87900,88490
2002-04-08 00:00:00,0.87910,0.87950,0.87350,0.87450,88437
2002-04-09 00:00:00,0.87450,0.88140,0.87330,0.88080,103931
2002-04-10 00:00:00,0.88090,0.88270,0.87860,0.88050,103261
2002-04-11 00:00:00,0.88080,0.88500,0.87880,0.88290,100175
2002-04-12 00:00:00,0.88280,0.88350,0.87740,0.87980,96853
2002-04-15 00:00:00,0.87970,0.88260,0.87880,0.87960,83771
2002-04-16 00:00:00,0.87960,0.88420,0.87890,0.88200,94153
2002-04-17 00:00:00,0.88210,0.88990,0.88170,0.88930,104017
2002-04-18 00:00:00,0.88950,0.89220,0.88560,0.89070,112191
2002-04-19 00:00:00,0.89080,0.89290,0.88780,0.89170,94671
2002-04-22 00:00:00,0.88940,0.89090,0.88670,0.88950,86942
2002-04-23 00:00:00,0.88960,0.89060,0.88580,0.88860,81868
2002-04-24 00:00:00,0.88870,0.89320,0.88730,0.89250,92879
2002-04-25 00:00:00,0.89270,0.89940,0.89150,0.89830,101815
2002-04-26 00:00:00,0.89840,0.90220,0.89600,0.90170,99114
2002-04-29 00:00:00,0.90130,0.90490,0.90070,0.90350,85354
2002-04-30 00:00:00,0.90360,0.90450,0.89880,0.90010,95279
2002-05-01 00:00:00,0.90030,0.90890,0.89900,0.90540,88069
2002-05-02 00:00:00,0.90540,0.90830,0.90100,0.90340,98224
2002-05-03 00:00:00,0.90300,0.91780,0.90240,0.91710,104861
2002-05-06 00:00:00,0.91640,0.91880,0.91330,0.91850,84830
2002-05-07 00:00:00,0.91840,0.91930,0.91140,0.91550,105298
2002-05-08 00:00:00,0.91540,0.91570,0.90360,0.90390,101769
2002-05-09 00:00:00,0.90420,0.91160,0.90370,0.90950,101905
2002-05-10 00:00:00,0.90930,0.91530,0.90840,0.91400,103441
2002-05-13 00:00:00,0.91290,0.91710,0.90940,0.91150,91247
2002-05-14 00:00:00,0.91150,0.91250,0.90100,0.90270,101311
2002-05-15 00:00:00,0.90260,0.91270,0.89940,0.91180,106427
2002-05-16 00:00:00,0.91190,0.91440,0.90850,0.91200,99315
2002-05-17 00:00:00,0.91210,0.92240,0.91090,0.92100,112388
2002-05-20 00:00:00,0.92060,0.92320,0.91800,0.92150,93424
2002-05-21 00:00:00,0.92160,0.92230,0.91610,0.91980,112043
2002-05-22 00:00:00,0.91990,0.92800,0.91790,0.92550,124055
2002-05-23 00:00:00,0.92550,0.92730,0.91800,0.92150,111274
2002-05-24 00:00:00,0.92150,0.92330,0.91610,0.92130,101977
2002-05-27 00:00:00,0.92050,0.92260,0.91820,0.92040,84154
2002-05-28 00:00:00,0.92020,0.93110,0.91970,0.92890,104600
2002-05-29 00:00:00,0.92900,0.93720,0.92710,0.93570,113902
2002-05-30 00:00:00,0.93560,0.94160,0.93430,0.93760,115287
2002-05-31 00:00:00,0.93760,0.94020,0.92830,0.93260,108013
2002-06-03 00:00:00,0.93300,0.94000,0.93020,0.93950,96723
2002-06-04 00:00:00,0.93950,0.94550,0.93920,0.94000,111514
2002-06-05 00:00:00,0.94000,0.94200,0.93510,0.93950,106256
2002-06-06 00:00:00,0.93950,0.94740,0.93360,0.94590,106729
2002-06-07 00:00:00,0.94580,0.94900,0.94280,0.94420,114765
2002-06-10 00:00:00,0.94310,0.94840,0.93870,0.94450,92287
2002-06-11 00:00:00,0.94460,0.94970,0.94030,0.94920,103725
2002-06-12 00:00:00,0.94890,0.95080,0.94290,0.94370,109635
2002-06-13 00:00:00,0.94390,0.94770,0.93950,0.94270,105591
2002-06-14 00:00:00,0.94310,0.95240,0.94130,0.94520,111321
2002-06-17 00:00:00,0.94510,0.94690,0.94110,0.94380,90124
2002-06-18 00:00:00,0.94400,0.95240,0.94350,0.95170,112514
2002-06-19 00:00:00,0.95170,0.95820,0.95070,0.95720,109327
2002-06-20 00:00:00,0.95750,0.96660,0.95560,0.96590,104404
2002-06-21 00:00:00,0.96570,0.97220,0.96300,0.97110,104227
2002-06-24 00:00:00,0.96990,0.98170,0.96780,0.97110,105814
2002-06-25 00:00:00,0.97120,0.97900,0.96610,0.97830,119553
2002-06-26 00:00:00,0.97850,0.99470,0.97820,0.98180,140935
2002-06-27 00:00:00,0.98150,0.99020,0.97860,0.98830,124498
2002-06-28 00:00:00,0.98820,0.99920,0.98370,0.99090,128997
2002-07-01 00:00:00,0.99140,0.99730,0.98610,0.99010,98078
2002-07-02 00:00:00,0.99000,0.99220,0.97970,0.98580,114286
2002-07-03 00:00:00,0.98600,0.98740,0.97670,0.98020,109339
2002-07-04 00:00:00,0.98020,0.98200,0.97490,0.98050,105272
2002-07-05 00:00:00,0.98030,0.98140,0.97140,0.97320,106171
2002-07-08 00:00:00,0.97450,0.98840,0.97410,0.98780,112360
2002-07-09 00:00:00,0.98770,0.99560,0.98710,0.99410,120510
2002-07-10 00:00:00,0.99430,0.99710,0.98580,0.98900,121687
2002-07-11 00:00:00,0.98890,0.99410,0.98320,0.98930,117340
2002-07-12 00:00:00,0.98920,0.99260,0.98500,0.99130,116774
2002-07-15 00:00:00,0.99160,1.00910,0.99130,1.00320,111366
2002-07-16 00:00:00,1.00320,1.01500,1.00250,1.01140,134619
2002-07-17 00:00:00,1.01150,1.01640,1.00320,1.00790,135028
2002-07-18 00:00:00,1.00770,1.01030,1.00390,1.00990,121697
2002-07-19 00:00:00,1.00990,1.02100,1.00960,1.01490,131586
2002-07-22 00:00:00,1.01120,1.01350,1.00540,1.00790,126557
2002-07-23 00:00:00,1.00780,1.00920,0.98440,0.98720,129297
2002-07-24 00:00:00,0.98710,0.99830,0.98630,0.99440,124705
2002-07-25 00:00:00,0.99420,1.00420,0.99310,1.00290,110467
2002-07-26 00:00:00,1.00300,1.00700,0.98580,0.98730,132155
2002-07-29 00:00:00,0.98730,0.98910,0.97700,0.98000,115755
2002-07-30 00:00:00,0.98010,0.98940,0.97780,0.98390,112234
2002-07-31 00:00:00,0.98400,0.98570,0.97590,0.97730,117083
2002-08-01 00:00:00,0.97750,0.98590,0.97260,0.98410,114615
2002-08-02 00:00:00,0.98400,0.99190,0.98350,0.98650,130204
2002-08-05 00:00:00,0.98650,0.98760,0.98060,0.98190,112134
2002-08-06 00:00:00,0.98200,0.98200,0.96210,0.96730,133468
2002-08-07 00:00:00,0.96720,0.97650,0.96420,0.97440,122890
2002-08-08 00:00:00,0.97430,0.97740,0.96400,0.96640,127172
2002-08-09 00:00:00,0.96640,0.97420,0.96530,0.97010,120344
2002-08-12 00:00:00,0.97020,0.98010,0.96890,0.97870,118104
2002-08-13 00:00:00,0.97840,0.98310,0.97520,0.98290,113899
2002-08-14 00:00:00,0.98280,0.98940,0.97800,0.97840,122652
2002-08-15 00:00:00,0.97840,0.98500,0.97460,0.98220,110307
2002-08-16 00:00:00,0.98220,0.98680,0.97830,0.98480,102756
2002-08-19 00:00:00,0.98440,0.98730,0.97500,0.97610,95858
2002-08-20 00:00:00,0.97610,0.98090,0.97300,0.97950,105831
2002-08-21 00:00:00,0.97980,0.98510,0.97510,0.97990,107525
2002-08-22 00:00:00,0.98010,0.98140,0.96710,0.96880,104107
2002-08-23 00:00:00,0.96890,0.97340,0.96640,0.97270,105766
2002-08-26 00:00:00,0.97320,0.97420,0.96840,0.97180,91648
2002-08-27 00:00:00,0.97190,0.98420,0.97020,0.98330,86880
2002-08-28 00:00:00,0.98310,0.98380,0.97920,0.97990,101831
2002-08-29 00:00:00,0.97990,0.98880,0.97730,0.98410,103134
2002-08-30 00:00:00,0.98420,0.98660,0.97930,0.98270,101316
2002-09-02 00:00:00,0.98240,0.98570,0.97960,0.98390,93040
2002-09-03 00:00:00,0.98390,0.99760,0.98290,0.99700,98067
2002-09-04 00:00:00,0.99680,0.99770,0.99030,0.99160,103722
2002-09-05 00:00:00,0.99150,0.99930,0.98860,0.99320,111919
2002-09-06 00:00:00,0.99340,0.99570,0.98040,0.98190,122648
2002-09-09 00:00:00,0.98170,0.98310,0.97800,0.97920,97867
2002-09-10 00:00:00,0.97910,0.98440,0.97210,0.97530,108214
2002-09-11 00:00:00,0.97540,0.97710,0.96980,0.97570,105492
2002-09-12 00:00:00,0.97560,0.98240,0.97390,0.98200,127522
2002-09-13 00:00:00,0.98210,0.98410,0.97020,0.97190,125818
2002-09-16 00:00:00,0.97080,0.97300,0.96640,0.97010,118484
2002-09-17 00:00:00,0.96990,0.97240,0.96080,0.97230,131167
2002-09-18 00:00:00,0.97230,0.97980,0.96850,0.97670,119436
2002-09-19 00:00:00,0.97630,0.98680,0.97620,0.98650,133813
2002-09-20 00:00:00,0.98640,0.98780,0.97830,0.98170,111946
2002-09-23 00:00:00,0.98080,0.98590,0.97510,0.97740,100305
2002-09-24 00:00:00,0.97730,0.98400,0.97590,0.98140,117418
2002-09-25 00:00:00,0.98130,0.98560,0.97550,0.97710,123672
2002-09-26 00:00:00,0.97690,0.98120,0.97270,0.97650,110487
2002-09-27 00:00:00,0.97650,0.98130,0.97480,0.98080,103630
2002-09-30 00:00:00,0.98110,0.99010,0.98050,0.98750,98704
2002-10-01 00:00:00,0.98760,0.98950,0.98270,0.98410,100249
2002-10-02 00:00:00,0.98400,0.98700,0.98090,0.98650,101543
2002-10-03 00:00:00,0.98670,0.99120,0.98570,0.98770,106757
2002-10-04 00:00:00,0.98780,0.98910,0.97810,0.97950,97997
2002-10-07 00:00:00,0.97880,0.98400,0.97770,0.98370,92097
2002-10-08 00:00:00,0.98330,0.98460,0.97650,0.97930,100547
2002-10-09 00:00:00,0.97890,0.99150,0.97780,0.99020,117164
2002-10-10 00:00:00,0.99020,0.99310,0.98470,0.98510,120703
2002-10-11 00:00:00,0.98530,0.98820,0.98330,0.98680,93682
2002-10-14 00:00:00,0.98740,0.98950,0.98540,0.98690,83383
2002-10-15 00:00:00,0.98700,0.98890,0.97910,0.98070,111905
2002-10-16 00:00:00,0.98060,0.98380,0.97980,0.98230,119440
2002-10-17 00:00:00,0.98230,0.98260,0.96970,0.97190,115843
2002-10-18 00:00:00,0.97230,0.97450,0.96970,0.97190,104614
2002-10-21 00:00:00,0.97220,0.97650,0.96870,0.97440,94596
2002-10-22 00:00:00,0.97430,0.98030,0.97200,0.97830,101306
2002-10-23 00:00:00,0.97840,0.98010,0.97470,0.97650,96735
2002-10-24 00:00:00,0.97630,0.97840,0.97240,0.97820,102367
2002-10-25 00:00:00,0.97810,0.97980,0.97550,0.97640,101343
2002-10-28 00:00:00,0.97620,0.98510,0.97250,0.98460,95521
2002-10-29 00:00:00,0.98440,0.98680,0.98050,0.98360,108321
2002-10-30 00:00:00,0.98350,0.98540,0.98150,0.98430,96850
2002-10-31 00:00:00,0.98420,0.99110,0.98330,0.99000,108476
2002-11-01 00:00:00,0.98980,1.00060,0.98880,0.99670,117112
2002-11-04 00:00:00,0.99640,0.99810,0.99310,0.99760,86263
2002-11-05 00:00:00,0.99770,1.00430,0.99690,1.00010,107271
2002-11-06 00:00:00,1.00020,1.00520,0.99400,1.00310,108548
2002-11-07 00:00:00,1.00300,1.01010,0.99890,1.00970,125852
2002-11-08 00:00:00,1.00950,1.01540,1.00730,1.01290,104465
2002-11-11 00:00:00,1.01270,1.01730,1.00920,1.01060,93449
2002-11-12 00:00:00,1.01050,1.01380,1.00650,1.01230,115107
2002-11-13 00:00:00,1.01230,1.01330,1.00450,1.00680,116280
2002-11-14 00:00:00,1.00700,1.01020,1.00290,1.00430,116982
2002-11-15 00:00:00,1.00430,1.01000,1.00100,1.00930,113307
2002-11-18 00:00:00,1.01020,1.01230,1.00610,1.00840,108950
2002-11-19 00:00:00,1.00810,1.01430,1.00070,1.00340,110584
2002-11-20 00:00:00,1.00330,1.00490,0.99900,1.00160,115229
2002-11-21 00:00:00,1.00170,1.00440,0.99760,1.00100,105832
2002-11-22 00:00:00,1.00140,1.00380,0.99610,0.99710,104513
2002-11-25 00:00:00,0.99680,0.99710,0.98930,0.99110,99379
2002-11-26 00:00:00,0.99110,0.99370,0.98950,0.99350,103964
2002-11-27 00:00:00,0.99310,0.99450,0.98770,0.99060,106317
2002-11-28 00:00:00,0.99050,0.99620,0.98930,0.99470,93448
2002-11-29 00:00:00,0.99450,0.99590,0.99170,0.99440,86954
2002-12-02 00:00:00,0.99280,0.99850,0.98600,0.99660,102872
2002-12-03 00:00:00,0.99660,1.00020,0.99510,0.99660,110224
2002-12-04 00:00:00,0.99680,1.00340,0.99610,1.00060,108484
2002-12-05 00:00:00,1.00050,1.00260,0.99700,1.00080,104429
2002-12-06 00:00:00,1.00070,1.01290,0.99980,1.00980,117357
2002-12-09 00:00:00,1.01010,1.01210,1.00670,1.01070,103143
2002-12-10 00:00:00,1.01080,1.01410,1.00710,1.00830,99485
2002-12-11 00:00:00,1.00820,1.01030,1.00590,1.00820,102952
2002-12-12 00:00:00,1.00820,1.01960,1.00740,1.01840,112209
2002-12-13 00:00:00,1.01850,1.02620,1.01660,1.02290,112040
2002-12-16 00:00:00,1.02300,1.02510,1.01940,1.02290,106801
2002-12-17 00:00:00,1.02280,1.03350,1.02090,1.02870,120443
2002-12-18 00:00:00,1.02850,1.02930,1.02250,1.02650,115522
2002-12-19 00:00:00,1.02640,1.02910,1.02070,1.02730,121132
2002-12-20 00:00:00,1.02740,1.02780,1.02400,1.02710,115226
2002-12-23 00:00:00,1.02640,1.03200,1.02180,1.02610,96085
2002-12-24 00:00:00,1.02610,1.03280,1.02530,1.03050,95853
2002-12-25 00:00:00,1.02990,1.03290,1.02810,1.03220,31240
2002-12-26 00:00:00,1.03180,1.03790,1.03130,1.03770,71750
2002-12-27 00:00:00,1.03740,1.04450,1.03590,1.04380,111876
2002-12-30 00:00:00,1.04190,1.04870,1.04060,1.04820,96301
2002-12-31 00:00:00,1.04810,1.05070,1.04540,1.05030,95773
2003-01-01 00:00:00,1.04990,1.05030,1.04670,1.04890,6493
2003-01-02 00:00:00,1.04910,1.05000,1.03350,1.03610,101601
2003-01-03 00:00:00,1.03620,1.04400,1.03400,1.04150,107756
2003-01-06 00:00:00,1.04200,1.04970,1.04160,1.04700,104852
2003-01-07 00:00:00,1.04690,1.04740,1.03950,1.04170,111088
2003-01-08 00:00:00,1.04180,1.05360,1.03590,1.04930,111617
2003-01-09 00:00:00,1.04930,1.05430,1.04530,1.04880,116387
2003-01-10 00:00:00,1.04870,1.05880,1.04730,1.05810,117598
2003-01-13 00:00:00,1.05790,1.05860,1.05260,1.05450,106560
2003-01-14 00:00:00,1.05440,1.06000,1.05350,1.05500,116266
2003-01-15 00:00:00,1.05510,1.05950,1.05020,1.05510,115557
2003-01-16 00:00:00,1.05500,1.06290,1.05420,1.06180,112171
2003-01-17 00:00:00,1.06170,1.06820,1.06040,1.06670,120630
2003-01-20 00:00:00,1.06580,1.06920,1.06320,1.06810,106588
2003-01-21 00:00:00,1.06810,1.07360,1.06310,1.07250,138313
2003-01-22 00:00:00,1.07260,1.07450,1.06830,1.07300,145871
2003-01-23 00:00:00,1.07300,1.07800,1.07050,1.07510,125200
2003-01-24 00:00:00,1.07520,1.08570,1.07400,1.08350,128910
2003-01-27 00:00:00,1.08390,1.09100,1.07820,1.08560,114249
2003-01-28 00:00:00,1.08600,1.08630,1.07820,1.08230,118089
2003-01-29 00:00:00,1.08220,1.09010,1.08080,1.08300,135293
2003-01-30 00:00:00,1.08320,1.08470,1.07280,1.08140,122875
2003-01-31 00:00:00,1.08130,1.08340,1.07220,1.07660,117306
2003-02-03 00:00:00,1.07890,1.07940,1.06910,1.07800,120411
2003-02-04 00:00:00,1.07800,1.09080,1.07650,1.08820,137009
2003-02-05 00:00:00,1.08830,1.09380,1.07360,1.07960,128556
2003-02-06 00:00:00,1.07960,1.08650,1.07620,1.08390,114134
2003-02-07 00:00:00,1.08370,1.08470,1.07290,1.08280,112617
2003-02-10 00:00:00,1.08170,1.08310,1.07280,1.07390,103359
2003-02-11 00:00:00,1.07380,1.07620,1.06640,1.07330,124920
2003-02-12 00:00:00,1.07330,1.07720,1.07030,1.07140,115899
2003-02-13 00:00:00,1.07180,1.08610,1.07030,1.08290,131900
2003-02-14 00:00:00,1.08310,1.08530,1.07600,1.07930,125201
2003-02-17 00:00:00,1.07730,1.07790,1.06720,1.07330,102639
2003-02-18 00:00:00,1.07330,1.07590,1.06760,1.06930,118069
2003-02-19 00:00:00,1.06900,1.07680,1.06640,1.07450,116231
2003-02-20 00:00:00,1.07470,1.08370,1.07380,1.08160,121624
2003-02-21 00:00:00,1.08160,1.08500,1.07500,1.07610,116873
2003-02-24 00:00:00,1.07230,1.08100,1.07060,1.07960,106341
2003-02-25 00:00:00,1.07960,1.08240,1.07420,1.07650,120793
2003-02-26 00:00:00,1.07650,1.08140,1.07300,1.07850,109051
2003-02-27 00:00:00,1.07840,1.08390,1.07350,1.07590,120585
2003-02-28 00:00:00,1.07570,1.08080,1.07340,1.08010,111930
2003-03-03 00:00:00,1.07790,1.09010,1.07680,1.08920,106915
2003-03-04 00:00:00,1.08950,1.09390,1.08740,1.08850,113588
2003-03-05 00:00:00,1.08850,1.10050,1.08790,1.09630,125222
2003-03-06 00:00:00,1.09630,1.10110,1.09240,1.09740,124785
2003-03-07 00:00:00,1.09730,1.10690,1.09650,1.10050,120096
2003-03-10 00:00:00,1.10060,1.10690,1.10040,1.10570,102704
2003-03-11 00:00:00,1.10560,1.10870,1.10030,1.10370,111313
2003-03-12 00:00:00,1.10370,1.10600,1.09820,1.09990,123671
2003-03-13 00:00:00,1.10000,1.10120,1.07930,1.08050,129470
2003-03-14 00:00:00,1.08060,1.08230,1.06910,1.07420,119890
2003-03-17 00:00:00,1.07830,1.08450,1.05890,1.06390,123600
2003-03-18 00:00:00,1.06370,1.06560,1.05430,1.06340,138653
2003-03-19 00:00:00,1.06320,1.06570,1.05530,1.05610,127247
2003-03-20 00:00:00,1.05590,1.06740,1.05300,1.06170,137647
2003-03-21 00:00:00,1.06180,1.06270,1.05020,1.05240,132171
2003-03-24 00:00:00,1.05860,1.06760,1.05660,1.06320,111377
2003-03-25 00:00:00,1.06320,1.07230,1.06300,1.06570,126181
2003-03-26 00:00:00,1.06540,1.07040,1.06220,1.06850,117220
2003-03-27 00:00:00,1.06850,1.07470,1.06740,1.06970,126234
2003-03-28 00:00:00,1.06970,1.08050,1.06680,1.07760,117114
2003-03-31 00:00:00,1.07970,1.09200,1.07800,1.08980,116367
2003-04-01 00:00:00,1.08980,1.09340,1.08680,1.08880,110269
2003-04-02 00:00:00,1.08870,1.09610,1.07500,1.07530,139211
2003-04-03 00:00:00,1.07520,1.07940,1.06860,1.07310,130563
2003-04-04 00:00:00,1.07330,1.07720,1.06840,1.07270,131027
2003-04-07 00:00:00,1.06720,1.06800,1.05590,1.06690,118173
2003-04-08 00:00:00,1.06680,1.07240,1.06420,1.07160,124137
2003-04-09 00:00:00,1.07170,1.07850,1.06750,1.07710,122143
2003-04-10 00:00:00,1.07760,1.08320,1.07580,1.07830,120553
2003-04-11 00:00:00,1.07850,1.07930,1.06930,1.07560,117789
2003-04-14 00:00:00,1.07450,1.08140,1.07170,1.07730,112548
2003-04-15 00:00:00,1.07750,1.08240,1.07340,1.08140,121085
2003-04-16 00:00:00,1.08140,1.09230,1.07830,1.09160,118401
2003-04-17 00:00:00,1.09140,1.09770,1.08670,1.08760,124378
2003-04-18 00:00:00,1.08740,1.09000,1.08680,1.08840,69594
2003-04-21 00:00:00,1.08980,1.09090,1.08210,1.08700,79350
2003-04-22 00:00:00,1.08680,1.10040,1.08480,1.09720,109216
2003-04-23 00:00:00,1.09730,1.09840,1.09200,1.09700,107799
2003-04-24 00:00:00,1.09670,1.10490,1.09440,1.10390,113810
2003-04-25 00:00:00,1.10370,1.10510,1.09600,1.10380,118847
2003-04-28 00:00:00,1.10370,1.10780,1.09760,1.09880,104106
2003-04-29 00:00:00,1.09870,1.10770,1.09300,1.10700,107672
2003-04-30 00:00:00,1.10700,1.11910,1.10630,1.11780,127750
2003-05-01 00:00:00,1.11790,1.12880,1.11540,1.12350,109150
2003-05-02 00:00:00,1.12360,1.12750,1.11880,1.12290,117045
2003-05-05 00:00:00,1.12270,1.13050,1.12040,1.12820,145980
2003-05-06 00:00:00,1.12840,1.14560,1.12750,1.14340,180780
2003-05-07 00:00:00,1.14350,1.14490,1.13290,1.13710,184727
2003-05-08 00:00:00,1.13720,1.15130,1.13100,1.15050,184478
2003-05-09 00:00:00,1.15050,1.15410,1.14370,1.14940,189773
2003-05-12 00:00:00,1.15310,1.16290,1.15280,1.15450,152736
2003-05-13 00:00:00,1.15410,1.15790,1.14630,1.15180,173627
2003-05-14 00:00:00,1.15170,1.15420,1.14670,1.14970,138256
2003-05-15 00:00:00,1.14970,1.15010,1.13760,1.13880,124645
2003-05-16 00:00:00,1.13890,1.15830,1.13710,1.15750,117046
2003-05-19 00:00:00,1.16730,1.17410,1.16220,1.16620,127841
2003-05-20 00:00:00,1.16620,1.17200,1.16020,1.17060,143202
2003-05-21 00:00:00,1.17050,1.17490,1.16630,1.16770,140117
2003-05-22 00:00:00,1.16780,1.17320,1.16200,1.16970,137930
2003-05-23 00:00:00,1.16940,1.18400,1.16650,1.18320,131238
2003-05-26 00:00:00,1.18320,1.18780,1.17990,1.18710,93382
2003-05-27 00:00:00,1.18710,1.19310,1.18180,1.18260,130925
2003-05-28 00:00:00,1.18260,1.18510,1.17060,1.17660,133371
2003-05-29 00:00:00,1.17660,1.19050,1.16910,1.18840,141558
2003-05-30 00:00:00,1.18840,1.19190,1.17410,1.17730,146088
2003-06-02 00:00:00,1.17200,1.17720,1.16520,1.17520,136344
2003-06-03 00:00:00,1.17530,1.17830,1.16860,1.17390,141498
2003-06-04 00:00:00,1.17430,1.17510,1.16620,1.16650,132309
2003-06-05 00:00:00,1.16630,1.18900,1.16310,1.18400,147507
2003-06-06 00:00:00,1.18390,1.18810,1.16840,1.17020,141225
2003-06-09 00:00:00,1.17080,1.17910,1.16590,1.17170,133158
2003-06-10 00:00:00,1.17160,1.17460,1.16690,1.16800,127431
2003-06-11 00:00:00,1.16760,1.17850,1.16590,1.17460,131388
2003-06-12 00:00:00,1.17430,1.18100,1.17050,1.17620,132170
2003-06-13 00:00:00,1.17620,1.18820,1.17360,1.18630,129837
2003-06-16 00:00:00,1.18760,1.19320,1.18210,1.18390,120313
2003-06-17 00:00:00,1.18380,1.18690,1.17690,1.17960,122097
2003-06-18 00:00:00,1.17960,1.18070,1.16630,1.16880,117938
2003-06-19 00:00:00,1.16880,1.17430,1.15830,1.17230,139209
2003-06-20 00:00:00,1.17230,1.17380,1.15520,1.16030,134401
2003-06-23 00:00:00,1.15790,1.16080,1.15090,1.15450,133583
2003-06-24 00:00:00,1.15420,1.15840,1.14770,1.15180,127723
2003-06-25 00:00:00,1.15190,1.16250,1.14940,1.15440,134490
2003-06-26 00:00:00,1.15420,1.15550,1.14140,1.14210,130510
2003-06-27 00:00:00,1.14190,1.14700,1.13990,1.14280,123091
2003-06-30 00:00:00,1.14300,1.15170,1.14000,1.15160,108345
2003-07-01 00:00:00,1.15140,1.16130,1.15050,1.15630,113129
2003-07-02 00:00:00,1.15650,1.15720,1.15060,1.15420,118013
2003-07-03 00:00:00,1.15370,1.15490,1.14320,1.14950,118808
2003-07-04 00:00:00,1.14940,1.15040,1.14460,1.14880,104018
2003-07-07 00:00:00,1.14800,1.14840,1.13140,1.13270,118277
2003-07-08 00:00:00,1.13300,1.13560,1.12580,1.13130,151736
2003-07-09 00:00:00,1.13140,1.13700,1.13050,1.13470,137017
2003-07-10 00:00:00,1.13480,1.13960,1.13100,1.13890,141411
2003-07-11 00:00:00,1.13880,1.13930,1.12750,1.13000,141126
2003-07-14 00:00:00,1.12890,1.13120,1.12420,1.12750,119489
2003-07-15 00:00:00,1.12770,1.13410,1.11550,1.11870,142296
2003-07-16 00:00:00,1.11860,1.12360,1.11120,1.12080,144903
2003-07-17 00:00:00,1.12090,1.12530,1.11550,1.12060,139949
2003-07-18 00:00:00,1.12070,1.13090,1.11720,1.12760,140779
2003-07-21 00:00:00,1.12500,1.13570,1.12420,1.13500,120681
2003-07-22 00:00:00,1.13480,1.13770,1.13070,1.13340,134636
2003-07-23 00:00:00,1.13310,1.14930,1.13160,1.14770,132823
2003-07-24 00:00:00,1.14780,1.15140,1.14230,1.14720,127296
2003-07-25 00:00:00,1.14740,1.15530,1.14440,1.15110,131117
2003-07-28 00:00:00,1.14970,1.15230,1.14520,1.14940,116256
2003-07-29 00:00:00,1.14930,1.15430,1.14520,1.14590,131691
2003-07-30 00:00:00,1.14570,1.14640,1.13360,1.13420,131962
2003-07-31 00:00:00,1.13420,1.13750,1.12250,1.12430,138244
2003-08-01 00:00:00,1.12430,1.12770,1.11340,1.12630,133239
2003-08-04 00:00:00,1.12840,1.13780,1.12610,1.13580,117369
2003-08-05 00:00:00,1.13580,1.13840,1.13070,1.13720,122614
2003-08-06 00:00:00,1.13740,1.14300,1.13270,1.13470,121414
2003-08-07 00:00:00,1.13470,1.14190,1.13190,1.13730,123209
2003-08-08 00:00:00,1.13730,1.13870,1.12860,1.13050,119186
2003-08-11 00:00:00,1.13060,1.13830,1.12640,1.13620,99223
2003-08-12 00:00:00,1.13600,1.13770,1.12820,1.12880,114914
2003-08-13 00:00:00,1.12870,1.13340,1.12180,1.13180,127633
2003-08-14 00:00:00,1.13180,1.13420,1.12260,1.12450,116555
2003-08-15 00:00:00,1.12460,1.13170,1.12400,1.12640,137422
2003-08-18 00:00:00,1.12670,1.12720,1.11260,1.11510,99830
2003-08-19 00:00:00,1.11520,1.11560,1.10530,1.11380,117665
2003-08-20 00:00:00,1.11400,1.11500,1.10810,1.11170,114005
2003-08-21 00:00:00,1.11180,1.11290,1.08840,1.09200,118981
2003-08-22 00:00:00,1.09200,1.09480,1.08350,1.08900,123116
2003-08-25 00:00:00,1.08690,1.09230,1.08480,1.08750,107348
2003-08-26 00:00:00,1.08730,1.09110,1.07880,1.08720,121980
2003-08-27 00:00:00,1.08710,1.09350,1.08310,1.08780,126970
2003-08-28 00:00:00,1.08790,1.09170,1.08090,1.08740,121274
2003-08-29 00:00:00,1.08730,1.10000,1.08710,1.09900,123288
2003-09-01 00:00:00,1.09900,1.10190,1.09530,1.09700,99320
2003-09-02 00:00:00,1.09690,1.09800,1.08090,1.08170,126234
2003-09-03 00:00:00,1.08160,1.08750,1.07620,1.08400,137443
2003-09-04 00:00:00,1.08410,1.09470,1.08090,1.09410,127635
2003-09-05 00:00:00,1.09410,1.11120,1.09140,1.11070,127931
2003-09-08 00:00:00,1.10980,1.11320,1.10470,1.10750,117298
2003-09-09 00:00:00,1.10750,1.12430,1.10550,1.12320,122242
2003-09-10 00:00:00,1.12310,1.12410,1.11620,1.12140,121436
2003-09-11 00:00:00,1.12120,1.12750,1.11540,1.12070,127462
2003-09-12 00:00:00,1.12060,1.13270,1.11350,1.12890,121496
2003-09-15 00:00:00,1.12620,1.13130,1.12440,1.12850,109855
2003-09-16 00:00:00,1.12850,1.13220,1.11540,1.11780,109464
2003-09-17 00:00:00,1.11790,1.13030,1.11380,1.12830,114086
2003-09-18 00:00:00,1.12850,1.13460,1.12260,1.12540,124615
2003-09-19 00:00:00,1.12540,1.13860,1.12380,1.13660,118959
2003-09-22 00:00:00,1.14520,1.15080,1.14140,1.14770,131088
2003-09-23 00:00:00,1.14770,1.15290,1.14370,1.14440,119110
2003-09-24 00:00:00,1.14450,1.15030,1.14270,1.15020,118584
2003-09-25 00:00:00,1.15000,1.15370,1.14580,1.14970,125520
2003-09-26 00:00:00,1.14980,1.15060,1.14390,1.14740,117748
2003-09-29 00:00:00,1.14590,1.16030,1.13940,1.15950,119104
2003-09-30 00:00:00,1.15980,1.17390,1.15720,1.16650,153146
2003-10-01 00:00:00,1.16650,1.17320,1.16430,1.17260,123243
2003-10-02 00:00:00,1.17270,1.17710,1.16620,1.16920,139208
2003-10-03 00:00:00,1.16910,1.17240,1.15510,1.15700,129075
2003-10-06 00:00:00,1.15740,1.17260,1.15310,1.17230,113499
2003-10-07 00:00:00,1.17200,1.18150,1.16970,1.17700,129484
2003-10-08 00:00:00,1.17710,1.18430,1.17560,1.18100,126302
2003-10-09 00:00:00,1.18100,1.18650,1.16850,1.17370,132167
2003-10-10 00:00:00,1.17340,1.18510,1.17030,1.18020,124704
2003-10-13 00:00:00,1.18090,1.18190,1.16520,1.17040,109804
2003-10-14 00:00:00,1.17040,1.17670,1.15820,1.17210,137753
2003-10-15 00:00:00,1.17200,1.17480,1.15880,1.16360,140183
2003-10-16 00:00:00,1.16380,1.16980,1.15690,1.15930,132802
2003-10-17 00:00:00,1.15910,1.16860,1.15440,1.16730,126845
2003-10-20 00:00:00,1.17040,1.17180,1.16020,1.16430,124797
2003-10-21 00:00:00,1.16410,1.17040,1.16170,1.16520,121138
2003-10-22 00:00:00,1.16530,1.18300,1.16500,1.18100,124973
2003-10-23 00:00:00,1.18090,1.18470,1.17550,1.17790,130238
2003-10-24 00:00:00,1.17810,1.18600,1.17620,1.18010,126893
2003-10-27 00:00:00,1.17730,1.17870,1.17190,1.17460,118600
2003-10-28 00:00:00,1.17470,1.17560,1.16580,1.16680,132375
2003-10-29 00:00:00,1.16710,1.17230,1.16570,1.16700,122041
2003-10-30 00:00:00,1.16700,1.17590,1.16200,1.16360,126318
2003-10-31 00:00:00,1.16380,1.16600,1.15630,1.15820,125131
2003-11-03 00:00:00,1.15820,1.16230,1.14280,1.14470,105628
2003-11-04 00:00:00,1.14470,1.15150,1.14270,1.14960,108432
2003-11-05 00:00:00,1.14940,1.15060,1.14130,1.14370,109585
2003-11-06 00:00:00,1.14390,1.14680,1.13890,1.14080,117456
2003-11-07 00:00:00,1.14090,1.15450,1.13760,1.15350,126210
2003-11-10 00:00:00,1.15030,1.15380,1.14670,1.14920,106366
2003-11-11 00:00:00,1.14970,1.15330,1.14440,1.15080,114986
2003-11-12 00:00:00,1.15070,1.16630,1.15040,1.16390,121603
2003-11-13 00:00:00,1.16420,1.17420,1.16270,1.17310,129046
2003-11-14 00:00:00,1.17320,1.18060,1.17240,1.17800,135772
2003-11-17 00:00:00,1.18140,1.18520,1.17240,1.17540,122819
2003-11-18 00:00:00,1.17540,1.19620,1.17350,1.19500,132482
2003-11-19 00:00:00,1.19490,1.19810,1.18740,1.18850,141146
2003-11-20 00:00:00,1.18860,1.19680,1.18730,1.19120,130294
2003-11-21 00:00:00,1.19130,1.19410,1.18560,1.19160,125331
2003-11-24 00:00:00,1.19120,1.19210,1.17590,1.17620,108225
2003-11-25 00:00:00,1.17630,1.18230,1.17540,1.17850,126685
2003-11-26 00:00:00,1.17850,1.19500,1.17720,1.19420,131066
2003-11-27 00:00:00,1.19440,1.19460,1.18860,1.19100,104019
2003-11-28 00:00:00,1.19100,1.20190,1.18940,1.19940,115892
2003-12-01 00:00:00,1.19880,1.20440,1.19350,1.19750,126135
2003-12-02 00:00:00,1.19760,1.20940,1.19430,1.20770,130961
2003-12-03 00:00:00,1.20770,1.21310,1.20640,1.21120,138466
2003-12-04 00:00:00,1.21100,1.21590,1.20280,1.20750,135775
2003-12-05 00:00:00,1.20740,1.21820,1.20620,1.21670,136132
2003-12-08 00:00:00,1.21670,1.22420,1.21510,1.22210,117597
2003-12-09 00:00:00,1.22260,1.22780,1.21860,1.22540,127641
2003-12-10 00:00:00,1.22550,1.22680,1.21510,1.22180,139285
2003-12-11 00:00:00,1.22190,1.22370,1.21140,1.22130,136555
2003-12-12 00:00:00,1.22100,1.23090,1.22040,1.22930,128232
2003-12-15 00:00:00,1.21330,1.23260,1.21320,1.23090,131284
2003-12-16 00:00:00,1.23100,1.23650,1.22970,1.23210,135276
2003-12-17 00:00:00,1.23210,1.24240,1.22960,1.24040,132815
2003-12-18 00:00:00,1.24040,1.24400,1.23590,1.24400,134300
2003-12-19 00:00:00,1.24360,1.24430,1.23440,1.23780,121523
2003-12-22 00:00:00,1.23820,1.24490,1.23500,1.24050,111954
2003-12-23 00:00:00,1.24060,1.24300,1.23830,1.23930,113709
2003-12-24 00:00:00,1.23940,1.24730,1.23840,1.24500,105406
2003-12-25 00:00:00,1.24520,1.24640,1.24370,1.24480,37805
2003-12-26 00:00:00,1.24540,1.24720,1.24250,1.24330,70675
2003-12-29 00:00:00,1.24330,1.25120,1.24260,1.24860,102410
2003-12-30 00:00:00,1.24870,1.25650,1.24760,1.25530,111069
2003-12-31 00:00:00,1.25520,1.26490,1.25120,1.25790,111641
2004-01-01 00:00:00,1.25780,1.26060,1.25380,1.25450,7688
2004-01-02 00:00:00,1.25450,1.26310,1.25230,1.25940,116677
2004-01-05 00:00:00,1.26090,1.26980,1.26080,1.26580,127157
2004-01-06 00:00:00,1.26580,1.28140,1.26530,1.27380,131433
2004-01-07 00:00:00,1.27380,1.27510,1.26320,1.26390,135297
2004-01-08 00:00:00,1.26410,1.27860,1.25600,1.27660,143232
2004-01-09 00:00:00,1.27660,1.28700,1.27030,1.28420,140485
2004-01-12 00:00:00,1.28420,1.29010,1.27350,1.27450,125713
2004-01-13 00:00:00,1.27470,1.28000,1.27120,1.27670,143938
2004-01-14 00:00:00,1.27660,1.27910,1.26280,1.26520,148066
2004-01-15 00:00:00,1.26530,1.26740,1.25660,1.25660,140487
2004-01-16 00:00:00,1.25670,1.26110,1.23510,1.23730,146358
2004-01-19 00:00:00,1.23830,1.24270,1.23330,1.23550,122356
2004-01-20 00:00:00,1.23540,1.25990,1.23450,1.25780,139245
2004-01-21 00:00:00,1.25800,1.26750,1.25480,1.26290,145500
2004-01-22 00:00:00,1.26310,1.27520,1.26210,1.27110,140896
2004-01-23 00:00:00,1.27100,1.27790,1.25620,1.25900,138707
2004-01-26 00:00:00,1.25800,1.26170,1.24610,1.24720,136407
2004-01-27 00:00:00,1.24710,1.26550,1.24370,1.26390,145406
2004-01-28 00:00:00,1.26380,1.26650,1.24590,1.24980,159096
2004-01-29 00:00:00,1.24970,1.25320,1.23620,1.24110,157124
2004-01-30 00:00:00,1.24100,1.24950,1.23500,1.24760,155861
2004-02-02 00:00:00,1.24810,1.24910,1.23910,1.24270,116852
2004-02-03 00:00:00,1.24270,1.26010,1.24160,1.25360,145857
2004-02-04 00:00:00,1.25340,1.25650,1.24900,1.25290,151576
2004-02-05 00:00:00,1.25280,1.26400,1.25200,1.25420,151306
2004-02-06 00:00:00,1.25420,1.27270,1.25120,1.27020,150496
2004-02-09 00:00:00,1.26190,1.27640,1.26060,1.26830,145906
2004-02-10 00:00:00,1.26830,1.27910,1.26810,1.26980,164316
2004-02-11 00:00:00,1.26990,1.28410,1.26470,1.28270,161226
2004-02-12 00:00:00,1.28270,1.28490,1.27860,1.28060,157180
2004-02-13 00:00:00,1.28060,1.28940,1.27150,1.27420,150113
2004-02-16 00:00:00,1.27280,1.27930,1.27180,1.27730,112167
2004-02-17 00:00:00,1.27720,1.28780,1.27550,1.28370,122815
2004-02-18 00:00:00,1.28370,1.29300,1.26600,1.26630,135157
2004-02-19 00:00:00,1.26640,1.27380,1.26470,1.27100,132407
2004-02-20 00:00:00,1.27090,1.27690,1.24930,1.25230,139047
2004-02-23 00:00:00,1.25170,1.25960,1.24500,1.25570,120025
2004-02-24 00:00:00,1.25550,1.27160,1.25220,1.26830,129276
2004-02-25 00:00:00,1.26820,1.27090,1.24760,1.24930,130144
2004-02-26 00:00:00,1.24950,1.25170,1.23820,1.24330,130125
2004-02-27 00:00:00,1.24320,1.25100,1.23710,1.24930,128594
2004-03-01 00:00:00,1.24810,1.25440,1.24260,1.24440,113068
2004-03-02 00:00:00,1.24450,1.24720,1.21950,1.22170,125226
2004-03-03 00:00:00,1.22170,1.22270,1.20560,1.21990,140708
2004-03-04 00:00:00,1.22000,1.22430,1.21340,1.21910,135606
2004-03-05 00:00:00,1.21920,1.24330,1.21740,1.23760,133537
2004-03-08 00:00:00,1.23660,1.24180,1.23370,1.24060,109577
2004-03-09 00:00:00,1.24070,1.24630,1.22740,1.23160,130827
2004-03-10 00:00:00,1.23160,1.23420,1.21980,1.22430,135152
2004-03-11 00:00:00,1.22430,1.23510,1.21620,1.23360,141446
2004-03-12 00:00:00,1.23370,1.23890,1.21730,1.22230,137879
2004-03-15 00:00:00,1.22100,1.23190,1.22000,1.22700,121304
2004-03-16 00:00:00,1.22710,1.23750,1.22300,1.22630,132407
2004-03-17 00:00:00,1.22580,1.22920,1.21770,1.22380,125338
2004-03-18 00:00:00,1.22410,1.24380,1.22210,1.23890,140975
2004-03-19 00:00:00,1.23880,1.24100,1.22560,1.22770,128329
2004-03-22 00:00:00,1.22740,1.24030,1.22220,1.23330,113945
2004-03-23 00:00:00,1.23320,1.23720,1.22640,1.23270,118344
2004-03-24 00:00:00,1.23280,1.23700,1.21170,1.21290,131833
2004-03-25 00:00:00,1.21270,1.22030,1.20960,1.21380,137664
2004-03-26 00:00:00,1.21380,1.22150,1.20700,1.21290,130881
2004-03-29 00:00:00,1.21180,1.21710,1.20460,1.21430,113831
2004-03-30 00:00:00,1.21410,1.22290,1.21390,1.21730,122947
2004-03-31 00:00:00,1.21720,1.23230,1.21640,1.23050,128378
2004-04-01 00:00:00,1.23050,1.23910,1.22530,1.23520,123258
2004-04-02 00:00:00,1.23500,1.23740,1.21020,1.21350,124656
2004-04-05 00:00:00,1.21120,1.21310,1.19830,1.20190,121621
2004-04-06 00:00:00,1.20200,1.21220,1.19790,1.20910,143649
2004-04-07 00:00:00,1.20910,1.22000,1.20500,1.21710,125538
2004-04-08 00:00:00,1.21710,1.22210,1.20590,1.20790,116657
2004-04-09 00:00:00,1.20800,1.21160,1.20650,1.20960,78059
2004-04-12 00:00:00,1.20860,1.21000,1.20540,1.20740,89220
2004-04-13 00:00:00,1.20710,1.20870,1.19040,1.19460,155142
2004-04-14 00:00:00,1.19450,1.19750,1.18680,1.19670,161606
2004-04-15 00:00:00,1.19700,1.19960,1.18920,1.19780,165417
2004-04-16 00:00:00,1.19760,1.20490,1.19220,1.19950,159876
2004-04-19 00:00:00,1.20160,1.20810,1.20010,1.20180,105280
2004-04-20 00:00:00,1.20190,1.20290,1.18540,1.18600,118229
2004-04-21 00:00:00,1.18590,1.19170,1.18150,1.18340,122541
2004-04-22 00:00:00,1.18330,1.19070,1.17780,1.19010,122202
2004-04-23 00:00:00,1.19020,1.19450,1.17960,1.18370,123657
2004-04-26 00:00:00,1.18010,1.18860,1.17590,1.18730,101359
2004-04-27 00:00:00,1.18730,1.19490,1.18320,1.19370,107605
2004-04-28 00:00:00,1.19370,1.19480,1.18220,1.18360,124485
2004-04-29 00:00:00,1.18360,1.19870,1.18030,1.19810,164885
2004-04-30 00:00:00,1.19860,1.20160,1.19170,1.19840,156388
2004-05-03 00:00:00,1.19960,1.20050,1.19200,1.19420,129145
2004-05-04 00:00:00,1.19390,1.21230,1.19260,1.20950,152795
2004-05-05 00:00:00,1.20910,1.21820,1.20890,1.21710,164216
2004-05-06 00:00:00,1.21680,1.21800,1.20620,1.20750,167102
2004-05-07 00:00:00,1.20750,1.21480,1.18750,1.18870,165676
2004-05-10 00:00:00,1.18810,1.18980,1.18110,1.18540,150137
2004-05-11 00:00:00,1.18550,1.18930,1.17870,1.18650,152485
2004-05-12 00:00:00,1.18680,1.19450,1.18340,1.19010,161547
2004-05-13 00:00:00,1.19010,1.19330,1.17700,1.18230,172054
2004-05-14 00:00:00,1.18190,1.19050,1.17800,1.18810,158809
2004-05-17 00:00:00,1.18910,1.20630,1.18780,1.20220,161876
2004-05-18 00:00:00,1.20230,1.20420,1.19280,1.19510,164084
2004-05-19 00:00:00,1.19480,1.20470,1.19360,1.20150,165749
2004-05-20 00:00:00,1.20110,1.20220,1.18940,1.19380,164347
2004-05-21 00:00:00,1.19370,1.20740,1.19330,1.19930,155120
2004-05-24 00:00:00,1.19930,1.20270,1.19320,1.20110,140636
2004-05-25 00:00:00,1.20120,1.21300,1.19850,1.20990,160851
2004-05-26 00:00:00,1.20980,1.21470,1.20770,1.21050,167891
2004-05-27 00:00:00,1.21060,1.22930,1.20870,1.22720,164761
2004-05-28 00:00:00,1.22740,1.23000,1.22010,1.22120,162706
2004-05-31 00:00:00,1.22400,1.22480,1.21790,1.21850,138553
2004-06-01 00:00:00,1.21850,1.22690,1.21550,1.22480,168057
2004-06-02 00:00:00,1.22450,1.23100,1.22050,1.22160,156727
2004-06-03 00:00:00,1.22200,1.22550,1.21690,1.22230,164185
2004-06-04 00:00:00,1.22250,1.23030,1.21360,1.22890,163644
2004-06-07 00:00:00,1.23000,1.23420,1.22910,1.23200,145178
2004-06-08 00:00:00,1.23210,1.23560,1.22450,1.22630,158218
2004-06-09 00:00:00,1.22650,1.22780,1.20340,1.20450,167627
2004-06-10 00:00:00,1.20470,1.21210,1.20220,1.21110,153977
2004-06-11 00:00:00,1.21060,1.21170,1.19650,1.20190,159074
2004-06-14 00:00:00,1.19740,1.20910,1.19530,1.20690,149666
2004-06-15 00:00:00,1.20680,1.21740,1.20270,1.21620,157749
2004-06-16 00:00:00,1.21630,1.21730,1.19800,1.20100,151208
2004-06-17 00:00:00,1.20100,1.20810,1.19920,1.20550,150348
2004-06-18 00:00:00,1.20560,1.21490,1.19720,1.21410,152717
2004-06-21 00:00:00,1.21440,1.21510,1.20760,1.21160,140917
2004-06-22 00:00:00,1.21150,1.21360,1.20650,1.21040,151756
2004-06-23 00:00:00,1.21070,1.21960,1.20630,1.20890,156877
2004-06-24 00:00:00,1.20900,1.21930,1.20400,1.21690,154737
2004-06-25 00:00:00,1.21690,1.21930,1.21050,1.21610,153956
2004-06-28 00:00:00,1.21780,1.22320,1.21220,1.21850,132688
2004-06-29 00:00:00,1.21880,1.21950,1.20680,1.20830,142284
2004-06-30 00:00:00,1.20860,1.22080,1.20660,1.21960,150648
2004-07-01 00:00:00,1.21980,1.22130,1.21300,1.21670,145055
2004-07-02 00:00:00,1.21680,1.23310,1.21410,1.23200,150665
2004-07-05 00:00:00,1.23280,1.23390,1.22690,1.22840,127945
2004-07-06 00:00:00,1.22840,1.23330,1.22630,1.22920,146792
2004-07-07 00:00:00,1.22930,1.23930,1.22730,1.23670,153384
2004-07-08 00:00:00,1.23630,1.24090,1.23390,1.23920,135636
2004-07-09 00:00:00,1.23920,1.24260,1.23690,1.24120,138076
2004-07-12 00:00:00,1.24110,1.24400,1.23830,1.24130,129775
2004-07-13 00:00:00,1.24130,1.24210,1.22990,1.23290,142697
2004-07-14 00:00:00,1.23250,1.24250,1.23170,1.23870,139782
2004-07-15 00:00:00,1.23870,1.23930,1.23260,1.23470,135944
2004-07-16 00:00:00,1.23500,1.24620,1.23270,1.24490,141659
2004-07-19 00:00:00,1.24510,1.24640,1.23980,1.24370,118637
2004-07-20 00:00:00,1.24380,1.24570,1.22990,1.23280,136486
2004-07-21 00:00:00,1.23280,1.23530,1.22100,1.22580,143838
2004-07-22 00:00:00,1.22560,1.22960,1.22320,1.22490,144074
2004-07-23 00:00:00,1.22500,1.22690,1.20880,1.21070,137788
2004-07-26 00:00:00,1.21030,1.21740,1.20890,1.21530,137366
2004-07-27 00:00:00,1.21510,1.21930,1.20350,1.20510,145832
2004-07-28 00:00:00,1.20500,1.20830,1.19990,1.20480,153648
2004-07-29 00:00:00,1.20470,1.20990,1.19900,1.20270,158577
2004-07-30 00:00:00,1.20320,1.21220,1.20010,1.20260,158124
2004-08-02 00:00:00,1.20690,1.20960,1.20240,1.20350,131493
2004-08-03 00:00:00,1.20330,1.20790,1.19940,1.20520,137035
2004-08-04 00:00:00,1.20550,1.20710,1.19680,1.20440,136127
2004-08-05 00:00:00,1.20460,1.20760,1.20190,1.20640,125283
2004-08-06 00:00:00,1.20620,1.22940,1.20420,1.22880,152151
2004-08-09 00:00:00,1.22870,1.22930,1.22450,1.22700,132172
2004-08-10 00:00:00,1.22680,1.23230,1.22300,1.22400,135041
2004-08-11 00:00:00,1.22400,1.22520,1.21950,1.22190,135696
2004-08-12 00:00:00,1.22170,1.22960,1.22120,1.22610,139072
2004-08-13 00:00:00,1.22610,1.23800,1.21750,1.23720,150349
2004-08-16 00:00:00,1.23790,1.23850,1.23140,1.23660,119581
2004-08-17 00:00:00,1.23650,1.23910,1.23100,1.23510,129941
2004-08-18 00:00:00,1.23510,1.23680,1.22840,1.23420,126412
2004-08-19 00:00:00,1.23390,1.23820,1.23240,1.23700,135094
2004-08-20 00:00:00,1.23700,1.23850,1.22780,1.23120,128483
2004-08-23 00:00:00,1.23130,1.23220,1.21310,1.21380,119869
2004-08-24 00:00:00,1.21370,1.21700,1.20580,1.20830,136161
2004-08-25 00:00:00,1.20820,1.21190,1.20520,1.20860,137545
2004-08-26 00:00:00,1.20870,1.21190,1.20490,1.21040,133351
2004-08-27 00:00:00,1.21040,1.21380,1.20060,1.20120,134765
2004-08-30 00:00:00,1.20120,1.20710,1.19860,1.20530,89485
2004-08-31 00:00:00,1.20530,1.21960,1.20430,1.21780,105507
2004-09-01 00:00:00,1.21780,1.22240,1.21440,1.21880,108462
2004-09-02 00:00:00,1.21860,1.22030,1.21400,1.21660,124302
2004-09-03 00:00:00,1.21670,1.21970,1.20410,1.20640,136213
2004-09-06 00:00:00,1.20620,1.20820,1.20460,1.20650,83539
2004-09-07 00:00:00,1.20650,1.21130,1.20540,1.21050,100158
2004-09-08 00:00:00,1.21080,1.21950,1.20260,1.21840,113067
2004-09-09 00:00:00,1.21850,1.22090,1.21580,1.21980,106275
2004-09-10 00:00:00,1.22010,1.23110,1.21870,1.22680,120317
2004-09-13 00:00:00,1.22680,1.22890,1.22230,1.22540,89361
2004-09-14 00:00:00,1.22520,1.22970,1.22240,1.22570,107769
2004-09-15 00:00:00,1.22540,1.22640,1.21340,1.21560,109635
2004-09-16 00:00:00,1.21550,1.22050,1.21200,1.21920,102621
2004-09-17 00:00:00,1.21920,1.22250,1.21560,1.21840,99997
2004-09-20 00:00:00,1.21740,1.21830,1.21250,1.21680,88294
2004-09-21 00:00:00,1.21680,1.23480,1.21630,1.23370,103452
2004-09-22 00:00:00,1.23380,1.23450,1.22240,1.22570,104436
2004-09-23 00:00:00,1.22570,1.23350,1.22530,1.22720,109656
2004-09-24 00:00:00,1.22740,1.23640,1.22370,1.22620,106591
2004-09-27 00:00:00,1.22830,1.23190,1.22460,1.22920,90910
2004-09-28 00:00:00,1.22920,1.23490,1.22800,1.23190,105075
2004-09-29 00:00:00,1.23190,1.23440,1.22880,1.23320,99079
2004-09-30 00:00:00,1.23280,1.24440,1.23130,1.24370,108795
2004-10-01 00:00:00,1.24370,1.24460,1.23830,1.24150,101197
2004-10-04 00:00:00,1.24010,1.24020,1.22560,1.22840,95854
2004-10-05 00:00:00,1.22840,1.23320,1.22630,1.23190,106080
2004-10-06 00:00:00,1.23220,1.23250,1.22460,1.22780,104074
2004-10-07 00:00:00,1.22790,1.23160,1.22710,1.22920,99826
2004-10-08 00:00:00,1.22920,1.24350,1.22820,1.24130,109704
2004-10-11 00:00:00,1.24170,1.24240,1.23680,1.23810,81403
2004-10-12 00:00:00,1.23820,1.23930,1.22870,1.23290,97201
2004-10-13 00:00:00,1.23280,1.23580,1.22240,1.23440,97406
2004-10-14 00:00:00,1.23450,1.24210,1.23210,1.23930,113800
2004-10-15 00:00:00,1.23920,1.25070,1.23530,1.24760,119638
2004-10-18 00:00:00,1.24770,1.25360,1.24610,1.25020,90861
2004-10-19 00:00:00,1.24990,1.25290,1.24510,1.25220,105651
2004-10-20 00:00:00,1.25230,1.26310,1.24940,1.25830,108420
2004-10-21 00:00:00,1.25830,1.26530,1.25710,1.26150,115960
2004-10-22 00:00:00,1.26160,1.26840,1.25960,1.26730,103594
2004-10-25 00:00:00,1.27200,1.28310,1.27090,1.28030,115155
2004-10-26 00:00:00,1.28020,1.28440,1.27260,1.27630,116391
2004-10-27 00:00:00,1.27630,1.28160,1.26920,1.27030,117878
2004-10-28 00:00:00,1.27020,1.27680,1.26310,1.27390,120417
2004-10-29 00:00:00,1.27370,1.27970,1.27050,1.27940,109744
2004-11-01 00:00:00,1.28180,1.28330,1.27160,1.27540,97497
2004-11-02 00:00:00,1.27540,1.27580,1.26630,1.27280,104036
2004-11-03 00:00:00,1.27280,1.28320,1.26550,1.28220,129377
2004-11-04 00:00:00,1.28220,1.28990,1.27890,1.28720,109827
2004-11-05 00:00:00,1.28710,1.29740,1.27590,1.29670,121853
2004-11-08 00:00:00,1.29690,1.29880,1.29050,1.29180,100649
2004-11-09 00:00:00,1.29170,1.29410,1.28810,1.28980,109015
2004-11-10 00:00:00,1.28990,1.30060,1.28480,1.28950,118438
2004-11-11 00:00:00,1.28960,1.29200,1.28570,1.29040,96234
2004-11-12 00:00:00,1.29060,1.29900,1.28790,1.29770,108094
2004-11-15 00:00:00,1.29700,1.30000,1.29160,1.29450,97295
2004-11-16 00:00:00,1.29450,1.29970,1.29190,1.29580,110780
2004-11-17 00:00:00,1.29570,1.30500,1.29510,1.30320,106291
2004-11-18 00:00:00,1.30330,1.30760,1.29390,1.29620,103691
2004-11-19 00:00:00,1.29640,1.30700,1.29370,1.30260,107817
2004-11-22 00:00:00,1.30390,1.30530,1.30110,1.30450,86417
2004-11-23 00:00:00,1.30440,1.31070,1.29750,1.30790,106017
2004-11-24 00:00:00,1.30790,1.31810,1.30770,1.31760,101938
2004-11-25 00:00:00,1.31750,1.32500,1.31620,1.32460,94402
2004-11-26 00:00:00,1.32460,1.33310,1.31820,1.32950,111185
2004-11-29 00:00:00,1.32800,1.33060,1.32290,1.32720,94867
2004-11-30 00:00:00,1.32720,1.33360,1.32300,1.32940,109666
2004-12-01 00:00:00,1.32940,1.33390,1.32740,1.33250,103588
2004-12-02 00:00:00,1.33240,1.33860,1.32360,1.32690,119728
2004-12-03 00:00:00,1.32680,1.34640,1.32540,1.34590,112384
2004-12-06 00:00:00,1.34420,1.34570,1.33900,1.33990,93082
2004-12-07 00:00:00,1.33980,1.34710,1.33900,1.34310,101762
2004-12-08 00:00:00,1.34300,1.34350,1.31910,1.33340,122276
2004-12-09 00:00:00,1.33320,1.33650,1.32500,1.33170,123938
2004-12-10 00:00:00,1.33180,1.33260,1.31390,1.32250,120765
2004-12-13 00:00:00,1.31960,1.33310,1.31950,1.33060,105749
2004-12-14 00:00:00,1.33060,1.33380,1.32600,1.33050,111732
2004-12-15 00:00:00,1.33050,1.34440,1.32610,1.34010,106114
2004-12-16 00:00:00,1.34020,1.34310,1.32020,1.32460,126256
2004-12-17 00:00:00,1.32460,1.33180,1.32260,1.32870,122811
2004-12-20 00:00:00,1.33330,1.34100,1.32970,1.33870,94699
2004-12-21 00:00:00,1.33870,1.34120,1.33520,1.33710,93767
2004-12-22 00:00:00,1.33710,1.34070,1.33430,1.33890,100378
2004-12-23 00:00:00,1.33910,1.35180,1.33800,1.35120,100704
2004-12-24 00:00:00,1.35110,1.35530,1.34840,1.35320,81042
2004-12-27 00:00:00,1.35270,1.36420,1.35140,1.36150,78072
2004-12-28 00:00:00,1.36140,1.36460,1.35880,1.36090,94998
2004-12-29 00:00:00,1.36110,1.36480,1.35560,1.36000,111081
2004-12-30 00:00:00,1.36000,1.36700,1.35730,1.36420,110148
2004-12-31 00:00:00,1.36420,1.36640,1.35120,1.35650,102872
2005-01-03 00:00:00,1.35620,1.35810,1.33850,1.34710,107855
2005-01-04 00:00:00,1.34720,1.34970,1.32480,1.32680,120857
2005-01-05 00:00:00,1.32660,1.33040,1.32130,1.32600,119734
2005-01-06 00:00:00,1.32590,1.32830,1.31540,1.31750,116723
2005-01-07 00:00:00,1.31740,1.32520,1.30240,1.30480,124190
2005-01-10 00:00:00,1.30580,1.31260,1.30520,1.30870,98253
2005-01-11 00:00:00,1.30860,1.31720,1.30660,1.31140,109162
2005-01-12 00:00:00,1.31130,1.32940,1.30820,1.32650,110435
2005-01-13 00:00:00,1.32650,1.32700,1.31930,1.32200,106902
2005-01-14 00:00:00,1.32200,1.32270,1.30550,1.31030,126969
2005-01-17 00:00:00,1.31090,1.31290,1.30630,1.30680,80881
2005-01-18 00:00:00,1.30680,1.30770,1.29930,1.30230,108280
2005-01-19 00:00:00,1.30240,1.31200,1.29630,1.30050,110565
2005-01-20 00:00:00,1.30050,1.30260,1.29220,1.29730,114354
2005-01-21 00:00:00,1.29740,1.30690,1.29320,1.30470,115686
2005-01-24 00:00:00,1.30460,1.31020,1.30290,1.30600,99287
2005-01-25 00:00:00,1.30610,1.30780,1.29450,1.29700,110506
2005-01-26 00:00:00,1.29700,1.31110,1.29640,1.30740,108906
2005-01-27 00:00:00,1.30750,1.31260,1.30100,1.30330,113965
2005-01-28 00:00:00,1.30350,1.30830,1.29850,1.30440,115273
2005-01-31 00:00:00,1.30120,1.30610,1.29740,1.30310,101299
2005-02-01 00:00:00,1.30320,1.30690,1.29990,1.30400,112186
2005-02-02 00:00:00,1.30460,1.30980,1.30080,1.30370,122121
2005-02-03 00:00:00,1.30360,1.30410,1.29390,1.29740,110026
2005-02-04 00:00:00,1.29740,1.30440,1.28660,1.28730,112611
2005-02-07 00:00:00,1.28550,1.28660,1.27320,1.27650,103734
2005-02-08 00:00:00,1.27660,1.27990,1.27320,1.27660,111392
2005-02-09 00:00:00,1.27660,1.28150,1.27380,1.28060,108627
2005-02-10 00:00:00,1.28060,1.29090,1.27380,1.28720,115604
2005-02-11 00:00:00,1.28730,1.28980,1.28440,1.28670,101447
2005-02-14 00:00:00,1.28810,1.29920,1.28770,1.29600,94775
2005-02-15 00:00:00,1.29610,1.30540,1.29520,1.30170,109038
2005-02-16 00:00:00,1.30160,1.30660,1.29590,1.30260,116523
2005-02-17 00:00:00,1.30270,1.30910,1.30140,1.30770,101609
2005-02-18 00:00:00,1.30770,1.30850,1.30140,1.30690,100652
2005-02-21 00:00:00,1.30520,1.30810,1.30310,1.30660,79927
2005-02-22 00:00:00,1.30670,1.32660,1.30540,1.32550,113572
2005-02-23 00:00:00,1.32550,1.32760,1.31850,1.32120,115667
2005-02-24 00:00:00,1.32110,1.32720,1.31760,1.32070,111605
2005-02-25 00:00:00,1.32080,1.32480,1.31450,1.32420,108089
2005-02-28 00:00:00,1.32380,1.32800,1.32300,1.32430,100086
2005-03-01 00:00:00,1.32430,1.32450,1.31670,1.31830,108009
2005-03-02 00:00:00,1.31830,1.31940,1.30870,1.31370,109304
2005-03-03 00:00:00,1.31370,1.31670,1.30970,1.31110,104394
2005-03-04 00:00:00,1.31110,1.32560,1.30950,1.32410,107962
2005-03-07 00:00:00,1.32360,1.32490,1.31770,1.32120,90606
2005-03-08 00:00:00,1.32120,1.33640,1.32050,1.33430,101900
2005-03-09 00:00:00,1.33410,1.34260,1.33290,1.33870,115353
2005-03-10 00:00:00,1.33870,1.34570,1.33700,1.34330,120150
2005-03-11 00:00:00,1.34330,1.34830,1.33910,1.34530,122402
2005-03-14 00:00:00,1.34630,1.34790,1.33350,1.33710,98757
2005-03-15 00:00:00,1.33710,1.34120,1.32960,1.33130,115365
2005-03-16 00:00:00,1.33120,1.34420,1.32900,1.34190,113459
2005-03-17 00:00:00,1.34200,1.34240,1.33410,1.33740,112682
2005-03-18 00:00:00,1.33750,1.33890,1.32650,1.33140,105362
2005-03-21 00:00:00,1.33100,1.33180,1.31400,1.31690,101802
2005-03-22 00:00:00,1.31700,1.32210,1.30540,1.30870,116462
2005-03-23 00:00:00,1.30880,1.30900,1.29600,1.29760,114396
2005-03-24 00:00:00,1.29770,1.30350,1.29320,1.29410,108777
2005-03-25 00:00:00,1.29400,1.29720,1.29280,1.29580,70611
2005-03-28 00:00:00,1.29620,1.29640,1.28560,1.28770,90457
2005-03-29 00:00:00,1.28780,1.29570,1.28730,1.29250,111399
2005-03-30 00:00:00,1.29250,1.29870,1.29130,1.29390,115815
2005-03-31 00:00:00,1.29360,1.30210,1.29100,1.29600,116743
2005-04-01 00:00:00,1.29610,1.30600,1.28700,1.29090,117329
2005-04-04 00:00:00,1.28850,1.29070,1.28190,1.28530,100793
2005-04-05 00:00:00,1.28540,1.28760,1.28000,1.28660,109029
2005-04-06 00:00:00,1.28660,1.29120,1.28390,1.28720,108037
2005-04-07 00:00:00,1.28700,1.29420,1.28450,1.28570,113432
2005-04-08 00:00:00,1.28580,1.29330,1.28110,1.29280,107000
2005-04-11 00:00:00,1.29260,1.30050,1.29070,1.29770,98786
2005-04-12 00:00:00,1.29770,1.30170,1.28630,1.29170,117928
2005-04-13 00:00:00,1.29180,1.29560,1.28490,1.29090,112442
2005-04-14 00:00:00,1.29100,1.29230,1.27670,1.28150,114846
2005-04-15 00:00:00,1.28190,1.29420,1.27780,1.29200,117639
2005-04-18 00:00:00,1.29180,1.30460,1.28760,1.30150,104096
2005-04-19 00:00:00,1.30130,1.30810,1.29810,1.30750,144540
2005-04-20 00:00:00,1.30750,1.31060,1.29910,1.30970,146724
2005-04-21 00:00:00,1.30950,1.31270,1.30240,1.30560,147955
2005-04-22 00:00:00,1.30530,1.30960,1.30210,1.30640,141431
2005-04-25 00:00:00,1.30570,1.30630,1.29540,1.29990,136135
2005-04-26 00:00:00,1.29980,1.30170,1.29440,1.29800,142361
2005-04-27 00:00:00,1.29800,1.29970,1.29030,1.29340,150530
2005-04-28 00:00:00,1.29320,1.29450,1.28810,1.28950,151359
2005-04-29 00:00:00,1.28950,1.29820,1.28530,1.28670,146164
2005-05-02 00:00:00,1.28620,1.28780,1.28360,1.28600,111553
2005-05-03 00:00:00,1.28590,1.29150,1.28270,1.28910,136352
2005-05-04 00:00:00,1.28900,1.29770,1.28670,1.29440,151104
2005-05-05 00:00:00,1.29460,1.29930,1.29250,1.29570,144331
2005-05-06 00:00:00,1.29560,1.29690,1.28100,1.28240,146824
2005-05-09 00:00:00,1.28160,1.28510,1.27890,1.28430,133237
2005-05-10 00:00:00,1.28440,1.28930,1.28150,1.28740,143825
2005-05-11 00:00:00,1.28750,1.29160,1.27770,1.28050,155112
2005-05-12 00:00:00,1.28060,1.28190,1.26910,1.27070,154304
2005-05-13 00:00:00,1.27070,1.27090,1.26100,1.26220,149024
2005-05-16 00:00:00,1.26250,1.26490,1.25800,1.26360,132158
2005-05-17 00:00:00,1.26390,1.26670,1.25930,1.26000,144496
2005-05-18 00:00:00,1.26010,1.26920,1.25850,1.26830,143754
2005-05-19 00:00:00,1.26800,1.26940,1.26040,1.26340,143274
2005-05-20 00:00:00,1.26370,1.26580,1.25350,1.25600,141347
2005-05-23 00:00:00,1.25430,1.26000,1.25340,1.25840,124783
2005-05-24 00:00:00,1.25860,1.26320,1.25560,1.25860,142406
2005-05-25 00:00:00,1.25850,1.26220,1.25510,1.26070,141348
2005-05-26 00:00:00,1.26070,1.26180,1.24930,1.25150,141456
2005-05-27 00:00:00,1.25120,1.25920,1.25050,1.25800,133938
2005-05-30 00:00:00,1.25380,1.25490,1.24620,1.24730,113986
2005-05-31 00:00:00,1.24700,1.24900,1.22950,1.23060,156216
2005-06-01 00:00:00,1.23060,1.23450,1.21980,1.22020,155424
2005-06-02 00:00:00,1.22020,1.22990,1.21580,1.22770,158397
2005-06-03 00:00:00,1.22760,1.23440,1.22030,1.22260,161945
2005-06-06 00:00:00,1.22270,1.22960,1.22180,1.22690,129217
2005-06-07 00:00:00,1.22690,1.23170,1.22360,1.22850,137935
2005-06-08 00:00:00,1.22840,1.23560,1.22060,1.22300,175828
2005-06-09 00:00:00,1.22250,1.22600,1.21760,1.22170,169654
2005-06-10 00:00:00,1.22180,1.22520,1.21060,1.21200,174854
2005-06-13 00:00:00,1.21090,1.21240,1.20280,1.21130,165795
2005-06-14 00:00:00,1.21100,1.21540,1.20210,1.20330,162045
2005-06-15 00:00:00,1.20310,1.21350,1.20160,1.21110,181844
2005-06-16 00:00:00,1.21090,1.21710,1.20570,1.21020,179322
2005-06-17 00:00:00,1.20980,1.22870,1.20910,1.22790,178936
2005-06-20 00:00:00,1.21880,1.22440,1.21240,1.21430,140233
2005-06-21 00:00:00,1.21430,1.21820,1.20680,1.21790,183658
2005-06-22 00:00:00,1.21780,1.22090,1.20980,1.21240,179317
2005-06-23 00:00:00,1.21250,1.21460,1.20160,1.20420,173128
2005-06-24 00:00:00,1.20460,1.21110,1.19820,1.21020,157948
2005-06-27 00:00:00,1.20990,1.21880,1.20930,1.21600,145166
2005-06-28 00:00:00,1.21580,1.21790,1.20550,1.20600,165156
2005-06-29 00:00:00,1.20590,1.21140,1.20150,1.20640,171067
2005-06-30 00:00:00,1.20640,1.21240,1.20420,1.21030,175845
2005-07-01 00:00:00,1.21020,1.21130,1.19400,1.19490,156255
2005-07-04 00:00:00,1.19320,1.19520,1.18850,1.19040,113461
2005-07-05 00:00:00,1.19070,1.19420,1.18650,1.19160,157245
2005-07-06 00:00:00,1.19160,1.19560,1.18920,1.19300,148497
2005-07-07 00:00:00,1.19310,1.20420,1.19080,1.19420,175389
2005-07-08 00:00:00,1.19420,1.19890,1.18720,1.19610,157814
2005-07-11 00:00:00,1.19670,1.20910,1.19550,1.20700,151217
2005-07-12 00:00:00,1.20690,1.22590,1.20520,1.22430,195496
2005-07-13 00:00:00,1.22420,1.22490,1.20730,1.20900,166693
2005-07-14 00:00:00,1.20910,1.21290,1.20560,1.20830,174097
2005-07-15 00:00:00,1.20850,1.21410,1.20200,1.20430,166687
2005-07-18 00:00:00,1.20240,1.20910,1.20230,1.20520,134327
2005-07-19 00:00:00,1.20520,1.20690,1.19520,1.20390,158026
2005-07-20 00:00:00,1.20400,1.21900,1.19960,1.21500,182995
2005-07-21 00:00:00,1.21480,1.22570,1.20980,1.21760,193827
2005-07-22 00:00:00,1.21770,1.21930,1.20550,1.20610,184708
2005-07-25 00:00:00,1.20530,1.20910,1.20270,1.20700,131743
2005-07-26 00:00:00,1.20690,1.20740,1.19800,1.20180,171656
2005-07-27 00:00:00,1.20140,1.20880,1.19630,1.20760,170088
2005-07-28 00:00:00,1.20750,1.21520,1.20360,1.21410,149434
2005-07-29 00:00:00,1.21370,1.21630,1.20740,1.21260,175557
2005-08-01 00:00:00,1.21230,1.22460,1.21170,1.21850,135544
2005-08-02 00:00:00,1.21870,1.22560,1.21710,1.21950,170777
2005-08-03 00:00:00,1.21970,1.23470,1.21480,1.23380,151778
2005-08-04 00:00:00,1.23350,1.24050,1.22990,1.23790,155908
2005-08-05 00:00:00,1.23780,1.23980,1.23110,1.23520,176274
2005-08-08 00:00:00,1.23370,1.23930,1.23140,1.23520,148917
2005-08-09 00:00:00,1.23530,1.24170,1.23290,1.23720,170883
2005-08-10 00:00:00,1.23700,1.24280,1.23350,1.23670,176065
2005-08-11 00:00:00,1.23700,1.24700,1.23680,1.24660,175194
2005-08-12 00:00:00,1.24640,1.24890,1.23820,1.24390,167236
2005-08-15 00:00:00,1.24540,1.24600,1.23440,1.23680,140614
2005-08-16 00:00:00,1.23670,1.23760,1.22950,1.23600,166365
2005-08-17 00:00:00,1.23600,1.23730,1.22600,1.22690,170567
2005-08-18 00:00:00,1.22670,1.22980,1.21580,1.21820,141838
2005-08-19 00:00:00,1.21820,1.21970,1.21250,1.21660,136994
2005-08-22 00:00:00,1.21680,1.22460,1.21550,1.22340,131287
2005-08-23 00:00:00,1.22330,1.22570,1.21900,1.22320,144327
2005-08-24 00:00:00,1.22320,1.22820,1.21610,1.22720,147288
2005-08-25 00:00:00,1.22720,1.23290,1.22560,1.23020,148117
2005-08-26 00:00:00,1.22990,1.23440,1.22700,1.22840,150297
2005-08-29 00:00:00,1.22840,1.23480,1.22150,1.22300,133259
2005-08-30 00:00:00,1.22290,1.22420,1.21700,1.22240,153027
2005-08-31 00:00:00,1.22250,1.23600,1.21870,1.23350,157137
2005-09-01 00:00:00,1.23380,1.25280,1.23240,1.24910,161006
2005-09-02 00:00:00,1.24900,1.25910,1.24660,1.25450,163514
2005-09-05 00:00:00,1.25340,1.25890,1.25110,1.25360,130661
2005-09-06 00:00:00,1.25320,1.25480,1.24420,1.24740,163807
2005-09-07 00:00:00,1.24740,1.25400,1.24050,1.24230,155989
2005-09-08 00:00:00,1.24230,1.24560,1.23830,1.24020,149726
2005-09-09 00:00:00,1.24010,1.24620,1.23740,1.24140,145866
2005-09-12 00:00:00,1.24020,1.24170,1.22700,1.22840,129807
2005-09-13 00:00:00,1.22840,1.23200,1.22450,1.22710,156928
2005-09-14 00:00:00,1.22740,1.23310,1.22560,1.22820,154667
2005-09-15 00:00:00,1.22810,1.22950,1.21930,1.22240,153337
2005-09-16 00:00:00,1.22230,1.23120,1.21990,1.22350,142167
2005-09-19 00:00:00,1.21630,1.21770,1.20990,1.21540,120773
2005-09-20 00:00:00,1.21530,1.21920,1.21170,1.21260,142889
2005-09-21 00:00:00,1.21250,1.22430,1.21100,1.22100,154617
2005-09-22 00:00:00,1.22100,1.22740,1.21310,1.21490,159558
2005-09-23 00:00:00,1.21510,1.21720,1.20430,1.20480,129809
2005-09-26 00:00:00,1.20250,1.20800,1.20090,1.20790,133507
2005-09-27 00:00:00,1.20750,1.20840,1.19780,1.20140,146984
2005-09-28 00:00:00,1.20150,1.20530,1.19910,1.20400,147231
2005-09-29 00:00:00,1.20380,1.20790,1.20050,1.20430,150767
2005-09-30 00:00:00,1.20450,1.20930,1.19950,1.20210,150593
2005-10-03 00:00:00,1.20200,1.20360,1.19010,1.19160,133647
2005-10-04 00:00:00,1.19180,1.19510,1.19000,1.19240,147147
2005-10-05 00:00:00,1.19240,1.19900,1.19140,1.19650,143655
2005-10-06 00:00:00,1.19630,1.22090,1.19620,1.21790,167568
2005-10-07 00:00:00,1.21800,1.21930,1.20910,1.21240,151157
2005-10-10 00:00:00,1.21170,1.21560,1.20390,1.20670,103965
2005-10-11 00:00:00,1.20680,1.20740,1.19750,1.19930,106458
2005-10-12 00:00:00,1.19940,1.20560,1.19520,1.20270,107669
2005-10-13 00:00:00,1.20270,1.20410,1.19130,1.20320,115096
2005-10-14 00:00:00,1.20340,1.21110,1.19790,1.20870,127058
2005-10-17 00:00:00,1.20780,1.21240,1.20100,1.20280,165421
2005-10-18 00:00:00,1.20280,1.20300,1.19150,1.19600,116416
2005-10-19 00:00:00,1.19610,1.20030,1.18750,1.19980,124077
2005-10-20 00:00:00,1.19980,1.20260,1.19480,1.20160,118554
2005-10-21 00:00:00,1.20150,1.20790,1.19270,1.19520,121278
2005-10-24 00:00:00,1.19440,1.20220,1.19220,1.19810,90217
2005-10-25 00:00:00,1.19810,1.21190,1.19360,1.20950,116108
2005-10-26 00:00:00,1.20950,1.21380,1.20470,1.20680,115479
2005-10-27 00:00:00,1.20700,1.21740,1.20420,1.21390,119028
2005-10-28 00:00:00,1.21380,1.21730,1.20480,1.20640,112619
2005-10-31 00:00:00,1.20630,1.20920,1.19670,1.19840,102436
2005-11-01 00:00:00,1.19840,1.20290,1.19720,1.20130,116487
2005-11-02 00:00:00,1.20130,1.20850,1.19860,1.20710,116556
2005-11-03 00:00:00,1.20700,1.20830,1.19340,1.19450,112137
2005-11-04 00:00:00,1.19440,1.19970,1.18000,1.18240,114829
2005-11-07 00:00:00,1.18040,1.18340,1.17750,1.18090,102557
2005-11-08 00:00:00,1.18100,1.18140,1.17090,1.17790,112798
2005-11-09 00:00:00,1.17800,1.17950,1.17170,1.17700,108986
2005-11-10 00:00:00,1.17700,1.17990,1.16750,1.16880,116558
2005-11-11 00:00:00,1.16870,1.17340,1.16710,1.17300,99467
2005-11-14 00:00:00,1.17180,1.17750,1.16590,1.16950,100199
2005-11-15 00:00:00,1.16970,1.17310,1.16380,1.17270,113707
2005-11-16 00:00:00,1.17270,1.17400,1.16450,1.16740,113139
2005-11-17 00:00:00,1.16740,1.17650,1.16430,1.17530,119676
2005-11-18 00:00:00,1.17540,1.17960,1.16640,1.17650,117888
2005-11-21 00:00:00,1.17800,1.18390,1.17170,1.17250,109086
2005-11-22 00:00:00,1.17260,1.18280,1.16850,1.18100,118877
2005-11-23 00:00:00,1.18110,1.18690,1.17630,1.18200,124415
2005-11-24 00:00:00,1.18190,1.18270,1.17700,1.17880,99683
2005-11-25 00:00:00,1.17890,1.17940,1.17080,1.17250,97259
2005-11-28 00:00:00,1.17070,1.19040,1.16800,1.18520,106878
2005-11-29 00:00:00,1.18520,1.18650,1.17370,1.17870,120757
2005-11-30 00:00:00,1.17870,1.18050,1.17530,1.17900,111656
2005-12-01 00:00:00,1.17910,1.18060,1.16890,1.17350,113884
2005-12-02 00:00:00,1.17350,1.17540,1.16600,1.17160,115509
2005-12-05 00:00:00,1.17000,1.18210,1.16870,1.17920,104186
2005-12-06 00:00:00,1.17930,1.18080,1.17530,1.17910,106289
2005-12-07 00:00:00,1.17930,1.18040,1.17030,1.17230,100268
2005-12-08 00:00:00,1.17230,1.18530,1.17020,1.18220,113439
2005-12-09 00:00:00,1.18220,1.18390,1.17660,1.18160,109487
2005-12-12 00:00:00,1.17880,1.19840,1.17840,1.19520,105688
2005-12-13 00:00:00,1.19520,1.19890,1.19050,1.19320,113727
2005-12-14 00:00:00,1.19330,1.20640,1.19280,1.19990,122338
2005-12-15 00:00:00,1.19990,1.20410,1.19350,1.19700,118989
2005-12-16 00:00:00,1.19690,1.20290,1.19360,1.20130,111987
2005-12-19 00:00:00,1.20250,1.20400,1.19750,1.20090,97859
2005-12-20 00:00:00,1.20090,1.20150,1.18390,1.18650,106846
2005-12-21 00:00:00,1.18640,1.19140,1.18010,1.18370,113778
2005-12-22 00:00:00,1.18370,1.19000,1.18090,1.18740,105578
2005-12-23 00:00:00,1.18740,1.18870,1.18290,1.18730,97796
2005-12-26 00:00:00,1.18600,1.18980,1.18320,1.18550,59405
2005-12-27 00:00:00,1.18540,1.18780,1.18270,1.18320,77821
2005-12-28 00:00:00,1.18320,1.19340,1.18100,1.18320,102607
2005-12-29 00:00:00,1.18330,1.18830,1.18180,1.18430,100158
2005-12-30 00:00:00,1.18440,1.18900,1.17780,1.18390,97967
2006-01-02 00:00:00,1.18490,1.18690,1.18010,1.18250,56368
2006-01-03 00:00:00,1.18260,1.20330,1.18100,1.20140,108565
2006-01-04 00:00:00,1.20150,1.21460,1.20040,1.21270,121716
2006-01-05 00:00:00,1.21270,1.21310,1.20650,1.21030,112558
2006-01-06 00:00:00,1.21020,1.21820,1.20780,1.21540,109967
2006-01-09 00:00:00,1.21430,1.21550,1.20510,1.20850,104938
2006-01-10 00:00:00,1.20850,1.21120,1.20360,1.20720,119797
2006-01-11 00:00:00,1.20710,1.21460,1.20430,1.21230,112056
2006-01-12 00:00:00,1.21230,1.21650,1.20070,1.20340,116629
2006-01-13 00:00:00,1.20330,1.21470,1.20250,1.21320,112167
2006-01-16 00:00:00,1.21530,1.21760,1.21040,1.21220,96007
2006-01-17 00:00:00,1.21220,1.21450,1.20500,1.21050,113306
2006-01-18 00:00:00,1.21060,1.21610,1.20690,1.21100,115528
2006-01-19 00:00:00,1.21090,1.21270,1.20530,1.20920,110037
2006-01-20 00:00:00,1.20910,1.21430,1.20400,1.21360,109558
2006-01-23 00:00:00,1.21430,1.23090,1.21410,1.23050,117867
2006-01-24 00:00:00,1.23050,1.23230,1.22560,1.22820,113828
2006-01-25 00:00:00,1.22830,1.23240,1.22340,1.22410,123649
2006-01-26 00:00:00,1.22410,1.22730,1.21980,1.22110,119197
2006-01-27 00:00:00,1.22130,1.22380,1.20860,1.20990,118525
2006-01-30 00:00:00,1.21040,1.21160,1.20630,1.20860,97109
2006-01-31 00:00:00,1.20860,1.21910,1.20780,1.21530,112568
2006-02-01 00:00:00,1.21520,1.21670,1.20490,1.20610,108286
2006-02-02 00:00:00,1.20590,1.21090,1.20310,1.20990,110289
2006-02-03 00:00:00,1.20980,1.21130,1.19670,1.20210,110338
2006-02-06 00:00:00,1.20330,1.20500,1.19440,1.19590,100157
2006-02-07 00:00:00,1.19580,1.20170,1.19420,1.19680,104959
2006-02-08 00:00:00,1.19670,1.19960,1.19230,1.19510,107198
2006-02-09 00:00:00,1.19530,1.19960,1.19440,1.19840,100388
2006-02-10 00:00:00,1.19820,1.20280,1.18920,1.19000,114418
2006-02-13 00:00:00,1.18950,1.19220,1.18770,1.19080,99187
2006-02-14 00:00:00,1.19070,1.19270,1.18590,1.19190,103895
2006-02-15 00:00:00,1.19200,1.19550,1.18700,1.18860,104422
2006-02-16 00:00:00,1.18850,1.19020,1.18480,1.18960,101619
2006-02-17 00:00:00,1.18970,1.19450,1.18570,1.19330,112108
2006-02-20 00:00:00,1.19250,1.19770,1.19230,1.19460,85527
2006-02-21 00:00:00,1.19470,1.19470,1.18900,1.19120,95048
2006-02-22 00:00:00,1.19110,1.19320,1.18640,1.19050,99077
2006-02-23 00:00:00,1.19050,1.19740,1.18930,1.19170,109629
2006-02-24 00:00:00,1.19170,1.19350,1.18630,1.18680,104447
2006-02-27 00:00:00,1.18660,1.18800,1.18250,1.18480,99298
2006-02-28 00:00:00,1.18490,1.19430,1.18330,1.19190,104157
2006-03-01 00:00:00,1.19210,1.19770,1.18900,1.19140,108018
2006-03-02 00:00:00,1.19140,1.20480,1.19110,1.20420,113499
2006-03-03 00:00:00,1.20430,1.20550,1.19950,1.20390,104489
2006-03-06 00:00:00,1.20500,1.20950,1.19890,1.20210,100329
2006-03-07 00:00:00,1.20220,1.20240,1.18680,1.18810,120077
2006-03-08 00:00:00,1.18800,1.19430,1.18720,1.19200,112909
2006-03-09 00:00:00,1.19190,1.19540,1.19030,1.19110,111697
2006-03-10 00:00:00,1.19120,1.19310,1.18590,1.19160,112218
2006-03-13 00:00:00,1.19130,1.19710,1.19110,1.19580,100788
2006-03-14 00:00:00,1.19570,1.20340,1.19390,1.20140,124449
2006-03-15 00:00:00,1.20170,1.20760,1.20050,1.20720,121978
2006-03-16 00:00:00,1.20720,1.21920,1.20340,1.21770,124786
2006-03-17 00:00:00,1.21770,1.22090,1.21400,1.21940,118158
2006-03-20 00:00:00,1.21760,1.21990,1.21450,1.21690,108628
2006-03-21 00:00:00,1.21710,1.21750,1.20750,1.20900,124657
2006-03-22 00:00:00,1.20890,1.21160,1.20640,1.20780,115459
2006-03-23 00:00:00,1.20760,1.20840,1.19540,1.19750,116753
2006-03-24 00:00:00,1.19730,1.20490,1.19510,1.20380,111636
2006-03-27 00:00:00,1.20390,1.20640,1.20040,1.20100,105507
2006-03-28 00:00:00,1.20090,1.21100,1.19910,1.20060,123467
2006-03-29 00:00:00,1.20080,1.20510,1.19800,1.20250,111004
2006-03-30 00:00:00,1.20240,1.21690,1.20180,1.21570,127317
2006-03-31 00:00:00,1.21590,1.21780,1.20820,1.21180,132457
2006-04-03 00:00:00,1.21190,1.21510,1.20310,1.21410,116537
2006-04-04 00:00:00,1.21410,1.22790,1.21190,1.22600,119806
2006-04-05 00:00:00,1.22600,1.23080,1.22420,1.22930,128609
2006-04-06 00:00:00,1.22930,1.23350,1.21960,1.22320,133919
2006-04-07 00:00:00,1.22310,1.22350,1.20910,1.21000,130177
2006-04-10 00:00:00,1.21060,1.21320,1.20750,1.21070,106256
2006-04-11 00:00:00,1.21060,1.21560,1.20900,1.21470,114908
2006-04-12 00:00:00,1.21460,1.21700,1.20650,1.21040,110509
2006-04-13 00:00:00,1.21020,1.21350,1.20690,1.21130,115687
2006-04-14 00:00:00,1.21120,1.21200,1.20930,1.21110,81347
2006-04-17 00:00:00,1.21220,1.22890,1.21190,1.22560,97257
2006-04-18 00:00:00,1.22560,1.23260,1.22230,1.23200,118738
2006-04-19 00:00:00,1.23180,1.23960,1.22840,1.23890,133618
2006-04-20 00:00:00,1.23900,1.23920,1.22860,1.23210,119868
2006-04-21 00:00:00,1.23220,1.23630,1.22680,1.23470,120486
2006-04-24 00:00:00,1.23710,1.24180,1.23330,1.24050,115778
2006-04-25 00:00:00,1.24050,1.24420,1.23660,1.24340,126178
2006-04-26 00:00:00,1.24330,1.24730,1.23850,1.24540,128657
2006-04-27 00:00:00,1.24540,1.25500,1.24030,1.25340,119349
2006-04-28 00:00:00,1.25320,1.26380,1.25200,1.26190,122186
2006-05-01 00:00:00,1.26290,1.26930,1.25550,1.25880,99478
2006-05-02 00:00:00,1.25890,1.26690,1.25570,1.26220,123369
2006-05-03 00:00:00,1.26240,1.26720,1.25900,1.26280,128287
2006-05-04 00:00:00,1.26280,1.27260,1.25710,1.27080,124957
2006-05-05 00:00:00,1.27080,1.27660,1.26720,1.27320,128626
2006-05-08 00:00:00,1.27440,1.27900,1.26920,1.27040,114119
2006-05-09 00:00:00,1.27040,1.27850,1.26600,1.27500,116195
2006-05-10 00:00:00,1.27500,1.28360,1.27460,1.28110,121718
2006-05-11 00:00:00,1.28110,1.28760,1.26840,1.28400,122609
2006-05-12 00:00:00,1.28390,1.29600,1.28270,1.29310,130787
2006-05-15 00:00:00,1.29470,1.29730,1.27830,1.27890,112815
2006-05-16 00:00:00,1.27890,1.28700,1.27690,1.28570,123587
2006-05-17 00:00:00,1.28570,1.29210,1.27010,1.27510,129338
2006-05-18 00:00:00,1.27500,1.28400,1.27210,1.28240,121649
2006-05-19 00:00:00,1.28230,1.28760,1.26920,1.27710,125226
2006-05-22 00:00:00,1.27630,1.28880,1.26940,1.28700,109146
2006-05-23 00:00:00,1.28700,1.28800,1.28060,1.28540,117647
2006-05-24 00:00:00,1.28550,1.28950,1.27280,1.27790,139509
2006-05-25 00:00:00,1.27770,1.28200,1.27480,1.27910,117768
2006-05-26 00:00:00,1.27930,1.28360,1.27000,1.27260,122703
2006-05-29 00:00:00,1.27320,1.27710,1.27180,1.27450,95317
2006-05-30 00:00:00,1.27460,1.29110,1.27400,1.28640,129465
2006-05-31 00:00:00,1.28660,1.29050,1.28050,1.28130,128457
2006-06-01 00:00:00,1.28150,1.28260,1.27220,1.27990,129732
2006-06-02 00:00:00,1.27980,1.29410,1.27890,1.29220,125307
2006-06-05 00:00:00,1.29270,1.29810,1.29110,1.29170,112734
2006-06-06 00:00:00,1.29200,1.29370,1.28080,1.28350,124367
2006-06-07 00:00:00,1.28350,1.28410,1.27590,1.27940,118658
2006-06-08 00:00:00,1.27940,1.28100,1.26250,1.26530,133117
2006-06-09 00:00:00,1.26560,1.26860,1.25970,1.26400,127488
2006-06-12 00:00:00,1.26150,1.26540,1.25650,1.26000,95587
2006-06-13 00:00:00,1.26010,1.26210,1.25300,1.25420,119106
2006-06-14 00:00:00,1.25430,1.26500,1.25310,1.25920,128203
2006-06-15 00:00:00,1.25920,1.26610,1.25790,1.26160,122437
2006-06-16 00:00:00,1.26170,1.26760,1.26130,1.26390,114778
2006-06-19 00:00:00,1.26490,1.26540,1.25520,1.25790,103764
2006-06-20 00:00:00,1.25770,1.26200,1.25380,1.25820,114094
2006-06-21 00:00:00,1.25840,1.26820,1.25740,1.26590,110084
2006-06-22 00:00:00,1.26620,1.26820,1.25500,1.25790,112038
2006-06-23 00:00:00,1.25790,1.25900,1.24780,1.25100,114483
2006-06-26 00:00:00,1.25060,1.26060,1.25010,1.25770,110168
2006-06-27 00:00:00,1.25790,1.26200,1.25610,1.25840,121946
2006-06-28 00:00:00,1.25850,1.25900,1.25140,1.25520,107064
2006-06-29 00:00:00,1.25530,1.26700,1.25190,1.26460,119115
2006-06-30 00:00:00,1.26460,1.27950,1.26430,1.27920,125836
2006-07-03 00:00:00,1.27880,1.28240,1.27600,1.28070,102513
2006-07-04 00:00:00,1.28070,1.28260,1.27860,1.28000,110725
2006-07-05 00:00:00,1.28010,1.28410,1.27050,1.27300,124227
2006-07-06 00:00:00,1.27290,1.27850,1.27150,1.27760,119013
2006-07-07 00:00:00,1.27760,1.28640,1.27650,1.28160,120551
2006-07-10 00:00:00,1.28130,1.28200,1.27180,1.27370,107035
2006-07-11 00:00:00,1.27350,1.27800,1.27050,1.27730,121486
2006-07-12 00:00:00,1.27730,1.27810,1.26740,1.27010,121234
2006-07-13 00:00:00,1.27020,1.27330,1.26620,1.26910,111719
2006-07-14 00:00:00,1.26910,1.27000,1.26260,1.26460,114670
2006-07-17 00:00:00,1.26380,1.26470,1.25100,1.25230,100738
2006-07-18 00:00:00,1.25220,1.25610,1.24730,1.25100,117854
2006-07-19 00:00:00,1.25100,1.26120,1.24570,1.25990,124123
2006-07-20 00:00:00,1.26000,1.26560,1.25840,1.26340,118734
2006-07-21 00:00:00,1.26330,1.26980,1.26190,1.26940,116974
2006-07-24 00:00:00,1.27040,1.27080,1.26100,1.26290,99965
2006-07-25 00:00:00,1.26270,1.26770,1.25620,1.25780,116459
2006-07-26 00:00:00,1.25790,1.27090,1.25590,1.27030,120112
2006-07-27 00:00:00,1.27040,1.27750,1.26800,1.26950,115435
2006-07-28 00:00:00,1.26960,1.27710,1.26590,1.27500,117221
2006-07-31 00:00:00,1.27650,1.27860,1.27390,1.27740,101208
2006-08-01 00:00:00,1.27740,1.28270,1.27200,1.28230,115765
2006-08-02 00:00:00,1.28230,1.28380,1.27750,1.27860,113808
2006-08-03 00:00:00,1.27870,1.28360,1.27410,1.28080,115992
2006-08-04 00:00:00,1.28060,1.29120,1.27760,1.28760,119824
2006-08-07 00:00:00,1.28840,1.28950,1.28290,1.28400,104455
2006-08-08 00:00:00,1.28400,1.28940,1.28060,1.28460,120293
2006-08-09 00:00:00,1.28450,1.29050,1.27640,1.28620,118167
2006-08-10 00:00:00,1.28630,1.29150,1.27460,1.27920,125566
2006-08-11 00:00:00,1.27930,1.28020,1.27150,1.27300,119240
2006-08-14 00:00:00,1.27120,1.27640,1.27070,1.27230,97907
2006-08-15 00:00:00,1.27230,1.28070,1.26940,1.27840,114506
2006-08-16 00:00:00,1.27840,1.28670,1.27680,1.28430,109374
2006-08-17 00:00:00,1.28420,1.28900,1.28130,1.28270,112336
2006-08-18 00:00:00,1.28270,1.28480,1.27810,1.28290,109639
2006-08-21 00:00:00,1.28270,1.29420,1.28250,1.28940,104222
2006-08-22 00:00:00,1.28930,1.28990,1.27820,1.28020,116248
2006-08-23 00:00:00,1.28010,1.28540,1.27740,1.27940,115151
2006-08-24 00:00:00,1.27920,1.28410,1.27560,1.27610,118956
2006-08-25 00:00:00,1.27590,1.27850,1.27230,1.27560,115495
2006-08-28 00:00:00,1.27610,1.28230,1.27540,1.27880,95440
2006-08-29 00:00:00,1.27930,1.28410,1.27490,1.28230,114943
2006-08-30 00:00:00,1.28250,1.28550,1.28120,1.28360,118752
2006-08-31 00:00:00,1.28360,1.28810,1.27850,1.28120,123934
2006-09-01 00:00:00,1.28120,1.28500,1.27550,1.28380,117803
2006-09-04 00:00:00,1.28460,1.28760,1.28380,1.28700,87628
2006-09-05 00:00:00,1.28710,1.28770,1.27950,1.28190,105223
2006-09-06 00:00:00,1.28180,1.28360,1.27690,1.28090,110544
2006-09-07 00:00:00,1.28100,1.28350,1.27060,1.27290,116205
2006-09-08 00:00:00,1.27320,1.27460,1.26500,1.26780,126695
2006-09-11 00:00:00,1.26660,1.27450,1.26480,1.27020,95861
2006-09-12 00:00:00,1.27030,1.27350,1.26710,1.26920,112061
2006-09-13 00:00:00,1.26910,1.27190,1.26640,1.26940,107701
2006-09-14 00:00:00,1.26940,1.27560,1.26750,1.27300,109368
2006-09-15 00:00:00,1.27280,1.27400,1.26300,1.26600,114660
2006-09-18 00:00:00,1.26370,1.27110,1.26290,1.27030,94548
2006-09-19 00:00:00,1.27040,1.27260,1.26500,1.26760,46517
2006-09-20 00:00:00,1.26780,1.27270,1.26650,1.26860,45565
2006-09-21 00:00:00,1.26870,1.27980,1.26780,1.27890,53812
2006-09-22 00:00:00,1.27900,1.28300,1.27760,1.27870,53212
2006-09-25 00:00:00,1.27890,1.28190,1.27310,1.27550,41835
2006-09-26 00:00:00,1.27580,1.27610,1.26620,1.26890,44173
2006-09-27 00:00:00,1.26900,1.27170,1.26700,1.27010,48393
2006-09-28 00:00:00,1.27030,1.27320,1.26780,1.27050,51633
2006-09-29 00:00:00,1.27040,1.27140,1.26390,1.26800,51834
2006-10-02 00:00:00,1.26830,1.27610,1.26620,1.27390,47393
2006-10-03 00:00:00,1.27400,1.27640,1.27190,1.27260,52989
2006-10-04 00:00:00,1.27250,1.27380,1.26680,1.27120,60426
2006-10-05 00:00:00,1.27120,1.27250,1.26710,1.26930,48190
2006-10-06 00:00:00,1.26940,1.27140,1.25740,1.25850,34248
2006-10-09 00:00:00,1.25880,1.26120,1.25840,1.25990,22686
2006-10-10 00:00:00,1.26000,1.26120,1.25170,1.25350,32018
2006-10-11 00:00:00,1.25340,1.25560,1.25020,1.25210,32184
2006-10-12 00:00:00,1.25220,1.25630,1.25100,1.25510,30670
2006-10-13 00:00:00,1.25520,1.25770,1.24830,1.25070,31536
2006-10-16 00:00:00,1.25010,1.25360,1.24880,1.25310,25047
2006-10-17 00:00:00,1.25300,1.25640,1.25080,1.25450,31216
2006-10-18 00:00:00,1.25460,1.25570,1.25020,1.25310,30969
2006-10-19 00:00:00,1.25300,1.26410,1.25260,1.26260,30430
2006-10-20 00:00:00,1.26250,1.26400,1.25960,1.26180,27178
2006-10-23 00:00:00,1.26150,1.26210,1.25350,1.25480,24538
2006-10-24 00:00:00,1.25490,1.25750,1.25240,1.25610,28384
2006-10-25 00:00:00,1.25620,1.26210,1.25510,1.26070,31572
2006-10-26 00:00:00,1.26080,1.27010,1.25980,1.26870,31026
2006-10-27 00:00:00,1.26880,1.27490,1.26620,1.27330,32828
2006-10-30 00:00:00,1.27300,1.27340,1.26980,1.27280,26204
2006-10-31 00:00:00,1.27290,1.27820,1.26770,1.27620,32796
2006-11-01 00:00:00,1.27610,1.27970,1.27420,1.27560,27586
2006-11-02 00:00:00,1.27550,1.27840,1.27360,1.27750,28579
2006-11-03 00:00:00,1.27740,1.27820,1.26810,1.27170,32961
2006-11-06 00:00:00,1.27170,1.27240,1.26890,1.27210,23669
2006-11-07 00:00:00,1.27200,1.28170,1.27160,1.27700,28978
2006-11-08 00:00:00,1.27690,1.28060,1.27450,1.27580,31600
2006-11-09 00:00:00,1.27590,1.28470,1.27490,1.28230,32855
2006-11-10 00:00:00,1.28220,1.28990,1.28220,1.28450,31526
2006-11-13 00:00:00,1.28510,1.28780,1.27950,1.28010,40576
2006-11-14 00:00:00,1.28020,1.28690,1.27890,1.28200,33681
2006-11-15 00:00:00,1.28190,1.28330,1.27720,1.28240,30962
2006-11-16 00:00:00,1.28250,1.28390,1.27830,1.27940,31807
2006-11-17 00:00:00,1.27950,1.28440,1.27610,1.28240,30518
2006-11-20 00:00:00,1.28250,1.28500,1.28040,1.28130,24717
2006-11-21 00:00:00,1.28150,1.28530,1.27970,1.28460,27945
2006-11-22 00:00:00,1.28450,1.29560,1.28360,1.29390,32623
2006-11-23 00:00:00,1.29380,1.29740,1.29270,1.29410,28671
2006-11-24 00:00:00,1.29400,1.31090,1.29390,1.30940,36735
2006-11-27 00:00:00,1.31560,1.31610,1.30860,1.31290,34427
2006-11-28 00:00:00,1.31300,1.32030,1.31180,1.31960,46377
2006-11-29 00:00:00,1.31950,1.32170,1.31310,1.31440,39136
2006-11-30 00:00:00,1.31450,1.32730,1.31400,1.32420,37804
2006-12-01 00:00:00,1.32410,1.33470,1.32190,1.33350,37465
2006-12-04 00:00:00,1.33620,1.33630,1.32810,1.33260,31520
2006-12-05 00:00:00,1.33270,1.33610,1.32860,1.33240,40971
2006-12-06 00:00:00,1.33250,1.33400,1.32540,1.32840,33399
2006-12-07 00:00:00,1.32850,1.33230,1.32750,1.32840,34342
2006-12-08 00:00:00,1.32830,1.33640,1.31890,1.32020,42521
2006-12-11 00:00:00,1.31820,1.32610,1.31300,1.32370,34303
2006-12-12 00:00:00,1.32350,1.32910,1.32120,1.32780,38511
2006-12-13 00:00:00,1.32770,1.32870,1.31900,1.32120,34530
2006-12-14 00:00:00,1.32110,1.32520,1.31400,1.31480,43958
2006-12-15 00:00:00,1.31470,1.31860,1.30590,1.30830,41867
2006-12-18 00:00:00,1.30820,1.31170,1.30510,1.30990,27650
2006-12-19 00:00:00,1.30960,1.32140,1.30820,1.31900,37407
2006-12-20 00:00:00,1.31880,1.32440,1.31590,1.31680,34395
2006-12-21 00:00:00,1.31710,1.32120,1.31400,1.31670,33339
2006-12-22 00:00:00,1.31660,1.32110,1.31070,1.31390,32426
2006-12-26 00:00:00,1.31380,1.31400,1.30870,1.30960,63895
2006-12-27 00:00:00,1.30970,1.31770,1.30920,1.31200,42244
2006-12-28 00:00:00,1.31190,1.32010,1.31030,1.31400,47371
2006-12-29 00:00:00,1.31410,1.32050,1.31340,1.32010,47058
2007-01-01 00:00:00,1.31890,1.31890,1.31890,1.31890,1
2007-01-02 00:00:00,1.32050,1.32960,1.32010,1.32770,42604
2007-01-03 00:00:00,1.32750,1.32890,1.31460,1.31580,42432
2007-01-04 00:00:00,1.31590,1.31790,1.30750,1.30810,41226
2007-01-05 00:00:00,1.30800,1.31040,1.29800,1.30020,40561
2007-01-08 00:00:00,1.30100,1.30350,1.29710,1.30190,34286
2007-01-09 00:00:00,1.30180,1.30510,1.29850,1.29970,35569
2007-01-10 00:00:00,1.29960,1.30030,1.29290,1.29380,37825
2007-01-11 00:00:00,1.29360,1.30140,1.28810,1.28920,37369
2007-01-12 00:00:00,1.28930,1.29440,1.28650,1.29160,38223
2007-01-15 00:00:00,1.29270,1.29550,1.29140,1.29340,28362
2007-01-16 00:00:00,1.29330,1.29880,1.29070,1.29130,39358
2007-01-17 00:00:00,1.29140,1.29490,1.28960,1.29340,36700
2007-01-18 00:00:00,1.29350,1.29750,1.28950,1.29620,39956
2007-01-19 00:00:00,1.29630,1.29990,1.29120,1.29610,33712
2007-01-22 00:00:00,1.29560,1.29780,1.29210,1.29460,30970
2007-01-23 00:00:00,1.29470,1.30420,1.29270,1.30240,36315
2007-01-24 00:00:00,1.30250,1.30360,1.29460,1.29580,39167
2007-01-25 00:00:00,1.29570,1.30000,1.29130,1.29350,39322
2007-01-26 00:00:00,1.29360,1.29430,1.28760,1.29120,38895
2007-01-29 00:00:00,1.29210,1.29650,1.28960,1.29500,19154
2007-01-30 00:00:00,1.29490,1.29800,1.29420,1.29640,26782
2007-01-31 00:00:00,1.29690,1.30360,1.29230,1.30310,32945
2007-02-01 00:00:00,1.30320,1.30550,1.30010,1.30160,28565
2007-02-02 00:00:00,1.30170,1.30620,1.29490,1.29630,27411
2007-02-05 00:00:00,1.29550,1.29640,1.29120,1.29250,24103
2007-02-06 00:00:00,1.29270,1.29880,1.29110,1.29780,23203
2007-02-07 00:00:00,1.29830,1.30220,1.29710,1.30090,22222
2007-02-08 00:00:00,1.30120,1.30410,1.29730,1.30370,26211
2007-02-09 00:00:00,1.30400,1.30450,1.29820,1.30020,25974
2007-02-12 00:00:00,1.30150,1.30340,1.29390,1.29610,21579
2007-02-13 00:00:00,1.29620,1.30420,1.29530,1.30340,25352
2007-02-14 00:00:00,1.30350,1.31490,1.30220,1.31260,29612
2007-02-15 00:00:00,1.31280,1.31710,1.31170,1.31410,34037
2007-02-16 00:00:00,1.31420,1.31470,1.30920,1.31370,28076
2007-02-19 00:00:00,1.31540,1.31590,1.31210,1.31540,16477
2007-02-20 00:00:00,1.31550,1.31870,1.31280,1.31360,23472
2007-02-21 00:00:00,1.31380,1.31640,1.31100,1.31370,30123
2007-02-22 00:00:00,1.31360,1.31430,1.30790,1.31210,24506
2007-02-23 00:00:00,1.31200,1.31850,1.31010,1.31620,22687
2007-02-26 00:00:00,1.31890,1.31960,1.31490,1.31810,17453
2007-02-27 00:00:00,1.31820,1.32580,1.31590,1.32340,30177
2007-02-28 00:00:00,1.32330,1.32450,1.31800,1.32310,36113
2007-03-01 00:00:00,1.32320,1.32380,1.31530,1.31830,36155
2007-03-02 00:00:00,1.31840,1.32010,1.31410,1.31900,32275
2007-03-05 00:00:00,1.32090,1.32100,1.30700,1.30930,39139
2007-03-06 00:00:00,1.30920,1.31300,1.30790,1.31220,30977
2007-03-07 00:00:00,1.31260,1.31850,1.31090,1.31790,25206
2007-03-08 00:00:00,1.31800,1.31820,1.31160,1.31340,27993
2007-03-09 00:00:00,1.31320,1.31590,1.30860,1.31130,24654
2007-03-12 00:00:00,1.31170,1.32000,1.31090,1.31890,22351
2007-03-13 00:00:00,1.31880,1.32210,1.31550,1.31940,27072
2007-03-14 00:00:00,1.31950,1.32440,1.31750,1.32210,31440
2007-03-15 00:00:00,1.32200,1.32510,1.31930,1.32370,28597
2007-03-16 00:00:00,1.32360,1.33380,1.32340,1.33170,34235
2007-03-19 00:00:00,1.33180,1.33240,1.32800,1.33020,22425
2007-03-20 00:00:00,1.33030,1.33220,1.32680,1.33180,28604
2007-03-21 00:00:00,1.33160,1.33890,1.32880,1.33850,25015
2007-03-22 00:00:00,1.33840,1.34100,1.33100,1.33280,27991
2007-03-23 00:00:00,1.33330,1.33420,1.32810,1.32820,26885
2007-03-26 00:00:00,1.32880,1.33460,1.32530,1.33280,23999
2007-03-27 00:00:00,1.33290,1.33630,1.33230,1.33510,24368
2007-03-28 00:00:00,1.33520,1.33720,1.33080,1.33100,33893
2007-03-29 00:00:00,1.33110,1.33530,1.33010,1.33340,23226
2007-03-30 00:00:00,1.33350,1.33990,1.32870,1.33570,31835
2007-04-02 00:00:00,1.33720,1.33820,1.33310,1.33660,20407
2007-04-03 00:00:00,1.33650,1.33800,1.33180,1.33300,19040
2007-04-04 00:00:00,1.33290,1.33800,1.33190,1.33700,23461
2007-04-05 00:00:00,1.33690,1.34390,1.33530,1.34230,20396
2007-04-06 00:00:00,1.34220,1.34320,1.33640,1.33740,14107
2007-04-09 00:00:00,1.33750,1.33810,1.33390,1.33590,11961
2007-04-10 00:00:00,1.33630,1.34530,1.33490,1.34320,22614
2007-04-11 00:00:00,1.34340,1.34410,1.34060,1.34280,20000
2007-04-12 00:00:00,1.34290,1.35050,1.34260,1.34850,24426
2007-04-13 00:00:00,1.34840,1.35520,1.34800,1.35300,30354
2007-04-16 00:00:00,1.35660,1.35760,1.35380,1.35430,20465
2007-04-17 00:00:00,1.35420,1.35940,1.35250,1.35690,25592
2007-04-18 00:00:00,1.35700,1.36150,1.35550,1.35900,23046
2007-04-19 00:00:00,1.35890,1.36190,1.35600,1.36050,29962
2007-04-20 00:00:00,1.36040,1.36360,1.35850,1.35930,21437
2007-04-23 00:00:00,1.36040,1.36080,1.35410,1.35760,19237
2007-04-24 00:00:00,1.35750,1.36350,1.35470,1.36330,22673
2007-04-25 00:00:00,1.36340,1.36650,1.36210,1.36350,25715
2007-04-26 00:00:00,1.36360,1.36530,1.35840,1.36040,26453
2007-04-27 00:00:00,1.36020,1.36810,1.35850,1.36500,26160
2007-04-30 00:00:00,1.36360,1.36780,1.35890,1.36470,22967
2007-05-01 00:00:00,1.36460,1.36710,1.35900,1.36110,25463
2007-05-02 00:00:00,1.36130,1.36130,1.35600,1.35930,27581
2007-05-03 00:00:00,1.35920,1.36220,1.35460,1.35550,21716
2007-05-04 00:00:00,1.35560,1.36090,1.35350,1.35960,22182
2007-05-07 00:00:00,1.35980,1.36270,1.35900,1.36030,13873
2007-05-08 00:00:00,1.36020,1.36200,1.35150,1.35420,22402
2007-05-09 00:00:00,1.35430,1.35640,1.35190,1.35250,19445
2007-05-10 00:00:00,1.35270,1.35630,1.34640,1.34860,26904
2007-05-11 00:00:00,1.34870,1.35300,1.34610,1.35280,24327
2007-05-14 00:00:00,1.35310,1.35570,1.35230,1.35430,16868
2007-05-15 00:00:00,1.35450,1.36080,1.35260,1.35870,22035
2007-05-16 00:00:00,1.35880,1.36090,1.35040,1.35150,20373
2007-05-17 00:00:00,1.35160,1.35440,1.34760,1.34930,20728
2007-05-18 00:00:00,1.34940,1.35210,1.34640,1.35110,21557
2007-05-21 00:00:00,1.35170,1.35250,1.34350,1.34690,17927
2007-05-22 00:00:00,1.34680,1.34750,1.34380,1.34490,17245
2007-05-23 00:00:00,1.34500,1.35000,1.34150,1.34610,21299
2007-05-24 00:00:00,1.34620,1.34620,1.34140,1.34260,21653
2007-05-25 00:00:00,1.34270,1.34720,1.34110,1.34450,20795
2007-05-28 00:00:00,1.34470,1.34580,1.34450,1.34540,5944
2007-05-29 00:00:00,1.34530,1.35190,1.34190,1.34480,21093
2007-05-30 00:00:00,1.34490,1.34570,1.34060,1.34330,22740
2007-05-31 00:00:00,1.34340,1.34770,1.34230,1.34540,19857
2007-06-01 00:00:00,1.34550,1.34610,1.33920,1.34460,20707
2007-06-04 00:00:00,1.34400,1.34990,1.34310,1.34910,16608
2007-06-05 00:00:00,1.34900,1.35530,1.34870,1.35190,20509
2007-06-06 00:00:00,1.35200,1.35380,1.34850,1.35050,21154
2007-06-07 00:00:00,1.35060,1.35120,1.34220,1.34280,23258
2007-06-08 00:00:00,1.34270,1.34340,1.33200,1.33670,26536
2007-06-11 00:00:00,1.33620,1.33650,1.33350,1.33530,17026
2007-06-12 00:00:00,1.33540,1.33680,1.33100,1.33100,20577
2007-06-13 00:00:00,1.33110,1.33150,1.32620,1.33070,27150
2007-06-14 00:00:00,1.33080,1.33230,1.32790,1.33080,18304
2007-06-15 00:00:00,1.33090,1.33860,1.33050,1.33790,19158
2007-06-18 00:00:00,1.33810,1.34170,1.33770,1.34120,16775
2007-06-19 00:00:00,1.34090,1.34360,1.33830,1.34260,19598
2007-06-20 00:00:00,1.34250,1.34370,1.34050,1.34060,16641
2007-06-21 00:00:00,1.34070,1.34080,1.33710,1.33880,22375
2007-06-22 00:00:00,1.33920,1.34680,1.33810,1.34660,21944
2007-06-25 00:00:00,1.34670,1.34730,1.34380,1.34630,15675
2007-06-26 00:00:00,1.34640,1.34780,1.34310,1.34610,19065
2007-06-27 00:00:00,1.34600,1.34610,1.34150,1.34480,23716
2007-06-28 00:00:00,1.34470,1.34800,1.34220,1.34350,22788
2007-06-29 00:00:00,1.34370,1.35400,1.34280,1.35330,26267
2007-07-02 00:00:00,1.35420,1.36370,1.35270,1.36200,20146
2007-07-03 00:00:00,1.36220,1.36350,1.35830,1.36110,20990
2007-07-04 00:00:00,1.36100,1.36300,1.36040,1.36120,13966
2007-07-05 00:00:00,1.36110,1.36590,1.35780,1.35990,22911
2007-07-06 00:00:00,1.36000,1.36410,1.35670,1.36240,24673
2007-07-09 00:00:00,1.36320,1.36420,1.36110,1.36210,11096
2007-07-10 00:00:00,1.36220,1.37390,1.35940,1.37270,26978
2007-07-11 00:00:00,1.37280,1.37850,1.37270,1.37540,33011
2007-07-12 00:00:00,1.37530,1.38000,1.37400,1.37790,26332
2007-07-13 00:00:00,1.37800,1.38120,1.37620,1.37860,25860
2007-07-16 00:00:00,1.37800,1.38040,1.37590,1.37760,15686
2007-07-17 00:00:00,1.37770,1.37980,1.37580,1.37810,21290
2007-07-18 00:00:00,1.37800,1.38330,1.37520,1.37910,29956
2007-07-19 00:00:00,1.37900,1.38300,1.37850,1.37960,25206
2007-07-20 00:00:00,1.37950,1.38420,1.37790,1.38250,25038
2007-07-23 00:00:00,1.38300,1.38430,1.37940,1.37990,19896
2007-07-24 00:00:00,1.38000,1.38510,1.37980,1.38140,27144
2007-07-25 00:00:00,1.38160,1.38310,1.36950,1.37140,30920
2007-07-26 00:00:00,1.37150,1.37700,1.36920,1.37420,32552
2007-07-27 00:00:00,1.37430,1.37530,1.36290,1.36360,41091
2007-07-30 00:00:00,1.36120,1.37040,1.36090,1.36920,29883
2007-07-31 00:00:00,1.36910,1.37260,1.36800,1.36800,31095
2007-08-01 00:00:00,1.36810,1.37090,1.36370,1.36700,38894
2007-08-02 00:00:00,1.36690,1.37050,1.36510,1.36980,30448
2007-08-03 00:00:00,1.36990,1.38170,1.36840,1.37860,29625
2007-08-06 00:00:00,1.38380,1.38380,1.37800,1.37820,24849
2007-08-07 00:00:00,1.37830,1.38150,1.37360,1.37480,29706
2007-08-08 00:00:00,1.37490,1.38250,1.37210,1.37960,28241
2007-08-09 00:00:00,1.37940,1.38160,1.36540,1.36750,33521
2007-08-10 00:00:00,1.36760,1.37040,1.36430,1.36950,41323
2007-08-13 00:00:00,1.36850,1.37080,1.36060,1.36100,27064
2007-08-14 00:00:00,1.36090,1.36250,1.35320,1.35360,33047
2007-08-15 00:00:00,1.35370,1.35410,1.34460,1.34490,36772
2007-08-16 00:00:00,1.34480,1.34560,1.33600,1.34130,62682
2007-08-17 00:00:00,1.34140,1.35450,1.33700,1.34890,66752
2007-08-20 00:00:00,1.34770,1.35070,1.34590,1.34840,32561
2007-08-21 00:00:00,1.34850,1.35190,1.34570,1.34640,34514
2007-08-22 00:00:00,1.34650,1.35460,1.34500,1.35380,27901
2007-08-23 00:00:00,1.35390,1.35870,1.35350,1.35600,32286
2007-08-24 00:00:00,1.35610,1.36810,1.35530,1.36670,31498
2007-08-27 00:00:00,1.36720,1.36840,1.36350,1.36460,18920
2007-08-28 00:00:00,1.36470,1.36790,1.36010,1.36080,27009
2007-08-29 00:00:00,1.36070,1.36750,1.35620,1.36720,34040
2007-08-30 00:00:00,1.36710,1.36800,1.35920,1.36200,33455
2007-08-31 00:00:00,1.36210,1.37190,1.36190,1.36220,33533
2007-09-03 00:00:00,1.36280,1.36540,1.36070,1.36250,17505
2007-09-04 00:00:00,1.36240,1.36250,1.35500,1.36080,27369
2007-09-05 00:00:00,1.36070,1.36710,1.35690,1.36580,26100
2007-09-06 00:00:00,1.36590,1.37090,1.36340,1.36870,28195
2007-09-07 00:00:00,1.36860,1.37970,1.36630,1.37660,27691
2007-09-10 00:00:00,1.37810,1.38140,1.37660,1.37950,27360
2007-09-11 00:00:00,1.37960,1.38480,1.37780,1.38340,27245
2007-09-12 00:00:00,1.38350,1.39130,1.38240,1.39030,29084
2007-09-13 00:00:00,1.39040,1.39260,1.38670,1.38850,26810
2007-09-14 00:00:00,1.38830,1.38950,1.38440,1.38740,31447
2007-09-17 00:00:00,1.38720,1.38880,1.38480,1.38660,23176
2007-09-18 00:00:00,1.38670,1.39810,1.38280,1.39690,32879
2007-09-19 00:00:00,1.39700,1.39870,1.39350,1.39610,33159
2007-09-20 00:00:00,1.39590,1.40980,1.39540,1.40670,35124
2007-09-21 00:00:00,1.40660,1.41190,1.40420,1.40900,31518
2007-09-24 00:00:00,1.40890,1.41290,1.40670,1.40840,22780
2007-09-25 00:00:00,1.40850,1.41540,1.40600,1.41450,27852
2007-09-26 00:00:00,1.41460,1.41610,1.41110,1.41240,27896
2007-09-27 00:00:00,1.41250,1.41890,1.41220,1.41450,28814
2007-09-28 00:00:00,1.41460,1.42780,1.41450,1.42570,34050
2007-10-01 00:00:00,1.42800,1.42810,1.42100,1.42350,26236
2007-10-02 00:00:00,1.42360,1.42370,1.41380,1.41520,26471
2007-10-03 00:00:00,1.41510,1.41990,1.40860,1.40890,28196
2007-10-04 00:00:00,1.40900,1.41480,1.40670,1.41340,29483
2007-10-05 00:00:00,1.41350,1.41560,1.40320,1.41350,29776
2007-10-08 00:00:00,1.41500,1.41510,1.40360,1.40410,19266
2007-10-09 00:00:00,1.40420,1.41130,1.40140,1.41080,26625
2007-10-10 00:00:00,1.41090,1.41700,1.40930,1.41450,26754
2007-10-11 00:00:00,1.41460,1.42400,1.41350,1.41870,32724
2007-10-12 00:00:00,1.41860,1.42120,1.41550,1.41760,30674
2007-10-15 00:00:00,1.41760,1.42420,1.41610,1.41980,23643
2007-10-16 00:00:00,1.41990,1.42250,1.41430,1.41630,33205
2007-10-17 00:00:00,1.41620,1.42290,1.41560,1.41870,32204
2007-10-18 00:00:00,1.41880,1.43090,1.41880,1.42930,33691
2007-10-19 00:00:00,1.42940,1.43170,1.42450,1.42940,29806
2007-10-22 00:00:00,1.43340,1.43480,1.41250,1.41640,44306
2007-10-23 00:00:00,1.41650,1.42780,1.41610,1.42560,35683
2007-10-24 00:00:00,1.42550,1.42670,1.41870,1.42600,36467
2007-10-25 00:00:00,1.42590,1.43420,1.42470,1.43130,34414
2007-10-26 00:00:00,1.43120,1.43920,1.43090,1.43890,30900
2007-10-29 00:00:00,1.44120,1.44350,1.43760,1.44250,26021
2007-10-30 00:00:00,1.44240,1.44400,1.43730,1.44320,29108
2007-10-31 00:00:00,1.44310,1.45030,1.44180,1.44860,38072
2007-11-01 00:00:00,1.44850,1.44860,1.44030,1.44240,39423
2007-11-02 00:00:00,1.44230,1.45270,1.44140,1.45040,41632
2007-11-05 00:00:00,1.45180,1.45180,1.44420,1.44700,30611
2007-11-06 00:00:00,1.44690,1.45690,1.44590,1.45520,30301
2007-11-07 00:00:00,1.45510,1.47280,1.45510,1.46310,50973
2007-11-08 00:00:00,1.46320,1.47030,1.46130,1.46770,48630
2007-11-09 00:00:00,1.46780,1.47510,1.46310,1.46680,54686
2007-11-12 00:00:00,1.46770,1.46770,1.45250,1.45380,47029
2007-11-13 00:00:00,1.45390,1.46330,1.45190,1.46000,39367
2007-11-14 00:00:00,1.46010,1.47280,1.45980,1.46450,46752
2007-11-15 00:00:00,1.46440,1.47020,1.46040,1.46170,41875
2007-11-16 00:00:00,1.46180,1.46710,1.45810,1.46470,41053
2007-11-19 00:00:00,1.46670,1.46860,1.46200,1.46640,32583
2007-11-20 00:00:00,1.46650,1.48200,1.46350,1.48090,43170
2007-11-21 00:00:00,1.48100,1.48690,1.47750,1.48630,41771
2007-11-22 00:00:00,1.48640,1.48720,1.48210,1.48510,30521
2007-11-23 00:00:00,1.48520,1.49660,1.47830,1.48350,44905
2007-11-26 00:00:00,1.48260,1.48850,1.48040,1.48780,29142
2007-11-27 00:00:00,1.48770,1.49050,1.48080,1.48310,43471
2007-11-28 00:00:00,1.48300,1.48570,1.47110,1.48260,42876
2007-11-29 00:00:00,1.48250,1.48430,1.47220,1.47390,41419
2007-11-30 00:00:00,1.47400,1.47830,1.46270,1.46290,41228
2007-12-03 00:00:00,1.46480,1.47060,1.46200,1.46650,33262
2007-12-04 00:00:00,1.46670,1.47670,1.46350,1.47600,34835
2007-12-05 00:00:00,1.47580,1.47690,1.45900,1.46070,37400
2007-12-06 00:00:00,1.46080,1.46510,1.45270,1.46260,43936
2007-12-07 00:00:00,1.46250,1.46700,1.45980,1.46530,34286
2007-12-10 00:00:00,1.46540,1.47350,1.46390,1.47150,24906
2007-12-11 00:00:00,1.47140,1.47500,1.46480,1.46520,37091
2007-12-12 00:00:00,1.46530,1.47480,1.46390,1.47060,40717
2007-12-13 00:00:00,1.47070,1.47360,1.45770,1.46230,36580
2007-12-14 00:00:00,1.46220,1.46540,1.44100,1.44230,49037
2007-12-17 00:00:00,1.44050,1.44530,1.43310,1.43900,36396
2007-12-18 00:00:00,1.43890,1.44340,1.43660,1.44020,35848
2007-12-19 00:00:00,1.44010,1.44220,1.43250,1.43740,35609
2007-12-20 00:00:00,1.43730,1.43900,1.43090,1.43220,30742
2007-12-21 00:00:00,1.43210,1.44090,1.43150,1.43560,28916
2007-12-24 00:00:00,1.43730,1.44110,1.43700,1.44060,15786
2007-12-26 00:00:00,1.44170,1.45040,1.44150,1.44890,12666
2007-12-27 00:00:00,1.44900,1.46380,1.44680,1.46080,27883
2007-12-28 00:00:00,1.46070,1.47260,1.45910,1.47140,32118
2007-12-31 00:00:00,1.47220,1.47470,1.45810,1.46010,18812
2008-01-02 00:00:00,1.46520,1.47480,1.46410,1.47270,26018
2008-01-03 00:00:00,1.47280,1.47800,1.46860,1.47500,42108
2008-01-04 00:00:00,1.47490,1.48230,1.46950,1.47490,41310
2008-01-07 00:00:00,1.47460,1.47490,1.46560,1.46940,32461
2008-01-08 00:00:00,1.46950,1.47410,1.46770,1.47070,37488
2008-01-09 00:00:00,1.47080,1.47410,1.46380,1.46670,37538
2008-01-10 00:00:00,1.46680,1.48120,1.46400,1.47970,45022
2008-01-11 00:00:00,1.47980,1.48190,1.47600,1.47770,40995
2008-01-14 00:00:00,1.48070,1.49130,1.47960,1.48700,34030
2008-01-15 00:00:00,1.48710,1.49210,1.48180,1.48270,41562
2008-01-16 00:00:00,1.48260,1.48580,1.45930,1.46550,61188
2008-01-17 00:00:00,1.46560,1.47140,1.45890,1.46560,56803
2008-01-18 00:00:00,1.46570,1.46930,1.46020,1.46150,53281
2008-01-21 00:00:00,1.45970,1.46010,1.44210,1.44430,47125
2008-01-22 00:00:00,1.44440,1.46450,1.43650,1.46180,74719
2008-01-23 00:00:00,1.46170,1.46830,1.45100,1.46330,64152
2008-01-24 00:00:00,1.46340,1.47780,1.45910,1.47720,51420
2008-01-25 00:00:00,1.47710,1.47770,1.46600,1.46700,48071
2008-01-28 00:00:00,1.46910,1.47980,1.46610,1.47820,36687
2008-01-29 00:00:00,1.47810,1.47960,1.47370,1.47730,37016
2008-01-30 00:00:00,1.47720,1.49060,1.47540,1.48810,45132
2008-01-31 00:00:00,1.48820,1.49130,1.48010,1.48650,58910
2008-02-01 00:00:00,1.48640,1.49490,1.47860,1.47970,53244
2008-02-04 00:00:00,1.47960,1.48470,1.47920,1.48280,35681
2008-02-05 00:00:00,1.48270,1.48340,1.46210,1.46360,47175
2008-02-06 00:00:00,1.46330,1.46700,1.45910,1.46210,43904
2008-02-07 00:00:00,1.46220,1.46510,1.44380,1.44730,54061
2008-02-08 00:00:00,1.44720,1.45460,1.44510,1.45110,44783
2008-02-11 00:00:00,1.45240,1.45760,1.44810,1.45220,35666
2008-02-12 00:00:00,1.45210,1.46140,1.44960,1.45830,40585
2008-02-13 00:00:00,1.45820,1.45970,1.45310,1.45690,41369
2008-02-14 00:00:00,1.45680,1.46480,1.45480,1.46350,38227
2008-02-15 00:00:00,1.46360,1.47070,1.46300,1.46770,38997
2008-02-18 00:00:00,1.46720,1.46900,1.46100,1.46590,27545
2008-02-19 00:00:00,1.46600,1.47560,1.46420,1.47250,40372
2008-02-20 00:00:00,1.47240,1.47300,1.46130,1.47070,44887
2008-02-21 00:00:00,1.47080,1.48360,1.47020,1.48150,42667
2008-02-22 00:00:00,1.48160,1.48610,1.47880,1.48310,38753
2008-02-25 00:00:00,1.48340,1.48430,1.47940,1.48250,25632
2008-02-26 00:00:00,1.48260,1.49810,1.47780,1.49650,40047
2008-02-27 00:00:00,1.49640,1.51420,1.49630,1.51330,58544
2008-02-28 00:00:00,1.51320,1.52280,1.50720,1.52130,48815
2008-02-29 00:00:00,1.52140,1.52380,1.51430,1.51800,57439
2008-03-03 00:00:00,1.52120,1.52730,1.51590,1.52100,43750
2008-03-04 00:00:00,1.52090,1.52480,1.51730,1.52090,44836
2008-03-05 00:00:00,1.52080,1.53010,1.51450,1.52630,46762
2008-03-06 00:00:00,1.52640,1.53800,1.52600,1.53770,52032
2008-03-07 00:00:00,1.53760,1.54620,1.53130,1.53440,53686
2008-03-10 00:00:00,1.53990,1.54030,1.53120,1.53430,34169
2008-03-11 00:00:00,1.53440,1.54920,1.52810,1.53360,51194
2008-03-12 00:00:00,1.53370,1.55700,1.53310,1.55500,52504
2008-03-13 00:00:00,1.55490,1.56440,1.55220,1.56340,67757
2008-03-14 00:00:00,1.56330,1.56870,1.55310,1.56730,66106
2008-03-17 00:00:00,1.57040,1.59020,1.56850,1.57290,93783
2008-03-18 00:00:00,1.57270,1.58300,1.56180,1.56260,69060
2008-03-19 00:00:00,1.56270,1.57860,1.55810,1.56240,76915
2008-03-20 00:00:00,1.56220,1.56490,1.53960,1.54280,64332
2008-03-21 00:00:00,1.54270,1.54720,1.54060,1.54320,25066
2008-03-24 00:00:00,1.54120,1.54550,1.53430,1.54210,33294
2008-03-25 00:00:00,1.54220,1.56580,1.54070,1.56490,52105
2008-03-26 00:00:00,1.56480,1.58590,1.55840,1.58450,58203
2008-03-27 00:00:00,1.58460,1.58470,1.57260,1.57780,64664
2008-03-28 00:00:00,1.57770,1.58380,1.57420,1.57940,60232
2008-03-31 00:00:00,1.58040,1.58960,1.57590,1.57860,50749
2008-04-01 00:00:00,1.57870,1.57930,1.55630,1.55970,58710
2008-04-02 00:00:00,1.55980,1.56990,1.55320,1.56830,57838
2008-04-03 00:00:00,1.56820,1.57010,1.55100,1.56620,59374
2008-04-04 00:00:00,1.56630,1.57730,1.56370,1.57310,58887
2008-04-07 00:00:00,1.57290,1.57360,1.56260,1.57040,43204
2008-04-08 00:00:00,1.57050,1.57980,1.56740,1.57050,54768
2008-04-09 00:00:00,1.57060,1.58640,1.56830,1.58210,47820
2008-04-10 00:00:00,1.58220,1.59130,1.57250,1.57420,61791
2008-04-11 00:00:00,1.57410,1.58550,1.57380,1.58250,54630
2008-04-14 00:00:00,1.57040,1.58840,1.56710,1.58090,55176
2008-04-15 00:00:00,1.58110,1.58740,1.57520,1.57860,51197
2008-04-16 00:00:00,1.57870,1.59780,1.57600,1.59550,59151
2008-04-17 00:00:00,1.59560,1.59830,1.58470,1.58800,62116
2008-04-18 00:00:00,1.58790,1.59560,1.57100,1.58080,59755
2008-04-21 00:00:00,1.58130,1.59450,1.57900,1.59250,47720
2008-04-22 00:00:00,1.59270,1.60180,1.58340,1.59810,60854
2008-04-23 00:00:00,1.59800,1.60020,1.58590,1.58880,54329
2008-04-24 00:00:00,1.58890,1.58960,1.56380,1.56750,63852
2008-04-25 00:00:00,1.56760,1.57070,1.55540,1.55920,65165
2008-04-28 00:00:00,1.56150,1.56930,1.55940,1.56390,47154
2008-04-29 00:00:00,1.56400,1.56630,1.55390,1.55650,49200
2008-04-30 00:00:00,1.55660,1.56430,1.55160,1.56130,61314
2008-05-01 00:00:00,1.56120,1.56430,1.54290,1.54570,52332
2008-05-02 00:00:00,1.54560,1.54980,1.53600,1.54120,56564
2008-05-05 00:00:00,1.54290,1.55190,1.54230,1.54860,36473
2008-05-06 00:00:00,1.54870,1.55940,1.54510,1.55230,44429
2008-05-07 00:00:00,1.55220,1.55380,1.53650,1.54050,47172
2008-05-08 00:00:00,1.54040,1.54400,1.52840,1.53970,59538
2008-05-09 00:00:00,1.53960,1.54870,1.53870,1.54820,48206
2008-05-12 00:00:00,1.54560,1.55690,1.53650,1.55360,49882
2008-05-13 00:00:00,1.55350,1.55650,1.54300,1.54780,56003
2008-05-14 00:00:00,1.54770,1.54850,1.53960,1.54600,49359
2008-05-15 00:00:00,1.54590,1.55460,1.54190,1.54610,55154
2008-05-16 00:00:00,1.54620,1.56010,1.54360,1.55940,52004
2008-05-19 00:00:00,1.55950,1.56320,1.54870,1.55070,40366
2008-05-20 00:00:00,1.55060,1.56800,1.54930,1.56630,51037
2008-05-21 00:00:00,1.56620,1.57900,1.56310,1.57880,52760
2008-05-22 00:00:00,1.57890,1.58130,1.56930,1.57100,47561
2008-05-23 00:00:00,1.57120,1.57940,1.56960,1.57740,40081
2008-05-26 00:00:00,1.57650,1.57910,1.57410,1.57710,22189
2008-05-27 00:00:00,1.57700,1.58180,1.56930,1.56950,42022
2008-05-28 00:00:00,1.56940,1.57600,1.56090,1.56440,47281
2008-05-29 00:00:00,1.56450,1.56630,1.54850,1.55010,53829
2008-05-30 00:00:00,1.55020,1.55670,1.54620,1.55570,47529
2008-06-02 00:00:00,1.55610,1.55880,1.54860,1.55390,43988
2008-06-03 00:00:00,1.55380,1.56280,1.54100,1.54610,54475
2008-06-04 00:00:00,1.54600,1.54830,1.54190,1.54340,53929
2008-06-05 00:00:00,1.54330,1.55990,1.53650,1.55980,54404
2008-06-06 00:00:00,1.55970,1.57740,1.55710,1.57690,55381
2008-06-09 00:00:00,1.57910,1.58430,1.56180,1.56260,58031
2008-06-10 00:00:00,1.56270,1.56530,1.54400,1.54560,67210
2008-06-11 00:00:00,1.54570,1.55840,1.54490,1.55580,50819
2008-06-12 00:00:00,1.55590,1.55650,1.53780,1.54210,58744
2008-06-13 00:00:00,1.54220,1.54830,1.53020,1.53610,60186
2008-06-16 00:00:00,1.54040,1.55180,1.53460,1.54770,46295
2008-06-17 00:00:00,1.54780,1.55500,1.54610,1.55150,53866
2008-06-18 00:00:00,1.55140,1.55380,1.54620,1.55310,38775
2008-06-19 00:00:00,1.55290,1.55860,1.54660,1.55020,47860
2008-06-20 00:00:00,1.55010,1.56510,1.54910,1.56250,43271
2008-06-23 00:00:00,1.56270,1.56280,1.54680,1.55230,43394
2008-06-24 00:00:00,1.55210,1.56220,1.54910,1.55710,40697
2008-06-25 00:00:00,1.55700,1.56870,1.55370,1.56740,43140
2008-06-26 00:00:00,1.56750,1.57660,1.56280,1.57620,48070
2008-06-27 00:00:00,1.57630,1.57900,1.57190,1.57880,46944
2008-06-30 00:00:00,1.57760,1.58350,1.57310,1.57430,39971
2008-07-01 00:00:00,1.57440,1.58260,1.57230,1.57810,46114
2008-07-02 00:00:00,1.57820,1.58880,1.57770,1.58780,50696
2008-07-03 00:00:00,1.58770,1.59080,1.56820,1.57000,49462
2008-07-04 00:00:00,1.56990,1.57270,1.56550,1.56980,32245
2008-07-07 00:00:00,1.56910,1.57530,1.56110,1.57180,43808
2008-07-08 00:00:00,1.57190,1.57390,1.56340,1.56520,45667
2008-07-09 00:00:00,1.56530,1.57500,1.56500,1.57350,43171
2008-07-10 00:00:00,1.57360,1.58010,1.56910,1.57780,44362
2008-07-11 00:00:00,1.57790,1.59420,1.57640,1.59230,51959
2008-07-14 00:00:00,1.59610,1.59630,1.58410,1.59100,50190
2008-07-15 00:00:00,1.59110,1.60380,1.58660,1.58970,63284
2008-07-16 00:00:00,1.58980,1.59480,1.58000,1.58170,50032
2008-07-17 00:00:00,1.58160,1.58930,1.57830,1.58320,53501
2008-07-18 00:00:00,1.58310,1.58870,1.58070,1.58380,44485
2008-07-21 00:00:00,1.58430,1.59080,1.58280,1.58980,33512
2008-07-22 00:00:00,1.58990,1.59440,1.57580,1.57780,45507
2008-07-23 00:00:00,1.57770,1.57970,1.56700,1.56880,48508
2008-07-24 00:00:00,1.56890,1.57130,1.56280,1.56840,47025
2008-07-25 00:00:00,1.56860,1.57530,1.56610,1.56980,49012
2008-07-28 00:00:00,1.56970,1.57680,1.56830,1.57420,32193
2008-07-29 00:00:00,1.57430,1.57580,1.55530,1.55870,35763
2008-07-30 00:00:00,1.55860,1.56150,1.55210,1.55760,44569
2008-07-31 00:00:00,1.55750,1.57000,1.55700,1.55980,41070
2008-08-01 00:00:00,1.55990,1.56050,1.55150,1.55400,44850
2008-08-04 00:00:00,1.55740,1.56310,1.55530,1.55830,33632
2008-08-05 00:00:00,1.55840,1.55840,1.54460,1.54620,45822
2008-08-06 00:00:00,1.54610,1.55160,1.53980,1.54150,38229
2008-08-07 00:00:00,1.54130,1.55020,1.53100,1.53230,47760
2008-08-08 00:00:00,1.53210,1.53340,1.49970,1.50170,71563
2008-08-11 00:00:00,1.49440,1.50830,1.48790,1.49020,60409
2008-08-12 00:00:00,1.49010,1.49640,1.48150,1.49200,64592
2008-08-13 00:00:00,1.49210,1.49770,1.48410,1.49270,66381
2008-08-14 00:00:00,1.49280,1.49490,1.47770,1.48080,62740
2008-08-15 00:00:00,1.48070,1.48290,1.46600,1.46750,59033
2008-08-18 00:00:00,1.46840,1.47660,1.46740,1.47010,45838
2008-08-19 00:00:00,1.47020,1.47920,1.46300,1.47850,50924
2008-08-20 00:00:00,1.47840,1.48050,1.46720,1.47430,47398
2008-08-21 00:00:00,1.47440,1.48950,1.47310,1.48900,51828
2008-08-22 00:00:00,1.48910,1.49080,1.47590,1.47730,37493
2008-08-25 00:00:00,1.47890,1.48070,1.46970,1.47530,40557
2008-08-26 00:00:00,1.47540,1.47590,1.45710,1.46440,53338
2008-08-27 00:00:00,1.46430,1.47750,1.46330,1.47210,55829
2008-08-28 00:00:00,1.47220,1.48110,1.46710,1.46940,59174
2008-08-29 00:00:00,1.46950,1.47670,1.46400,1.46700,54398
2008-09-01 00:00:00,1.47090,1.47230,1.45810,1.46040,42051
2008-09-02 00:00:00,1.46030,1.46190,1.44640,1.45020,63569
2008-09-03 00:00:00,1.45030,1.45280,1.43830,1.45010,62502
2008-09-04 00:00:00,1.45020,1.45420,1.43130,1.43200,69563
2008-09-05 00:00:00,1.43190,1.43470,1.41960,1.42340,93216
2008-09-08 00:00:00,1.43780,1.44280,1.40530,1.41440,82682
2008-09-09 00:00:00,1.41450,1.42260,1.40460,1.41050,82849
2008-09-10 00:00:00,1.41040,1.41790,1.40120,1.40220,82480
2008-09-11 00:00:00,1.40210,1.40240,1.38810,1.39530,78457
2008-09-12 00:00:00,1.39520,1.42220,1.39380,1.42150,78529
2008-09-15 00:00:00,1.42890,1.44810,1.40840,1.43120,113135
2008-09-16 00:00:00,1.43090,1.43150,1.40710,1.41360,123236
2008-09-17 00:00:00,1.41370,1.43840,1.40750,1.43560,115587
2008-09-18 00:00:00,1.43530,1.45420,1.42780,1.43050,123871
2008-09-19 00:00:00,1.43040,1.44930,1.41500,1.44760,112465
2008-09-22 00:00:00,1.44900,1.48670,1.44370,1.48370,87436
2008-09-23 00:00:00,1.48360,1.48370,1.46220,1.47070,79818
2008-09-24 00:00:00,1.47060,1.47460,1.46100,1.46210,74992
2008-09-25 00:00:00,1.46220,1.47670,1.45610,1.46240,82764
2008-09-26 00:00:00,1.46250,1.46770,1.45540,1.46120,76981
2008-09-29 00:00:00,1.45180,1.45690,1.43020,1.44500,90674
2008-09-30 00:00:00,1.44510,1.44610,1.40080,1.40760,99341
2008-10-01 00:00:00,1.40770,1.41740,1.39750,1.40120,97813
2008-10-02 00:00:00,1.40090,1.40320,1.37470,1.37940,105715
2008-10-03 00:00:00,1.37930,1.39060,1.37020,1.38040,101229
2008-10-06 00:00:00,1.36370,1.36780,1.34430,1.35150,116988
2008-10-07 00:00:00,1.35160,1.37430,1.34800,1.36170,128436
2008-10-08 00:00:00,1.36160,1.37560,1.35440,1.36670,143138
2008-10-09 00:00:00,1.36660,1.37850,1.35810,1.36070,117227
2008-10-10 00:00:00,1.36090,1.36490,1.32580,1.34140,135457
2008-10-13 00:00:00,1.35710,1.36820,1.34570,1.35930,91272
2008-10-14 00:00:00,1.35940,1.37680,1.35520,1.36510,103139
2008-10-15 00:00:00,1.36520,1.36870,1.34890,1.34910,99313
2008-10-16 00:00:00,1.34900,1.35380,1.33450,1.34650,130572
2008-10-17 00:00:00,1.34660,1.35170,1.33860,1.34040,96308
2008-10-20 00:00:00,1.34050,1.35300,1.32870,1.33280,79756
2008-10-21 00:00:00,1.33290,1.33580,1.30560,1.30620,84962
2008-10-22 00:00:00,1.30630,1.30800,1.27480,1.28320,123790
2008-10-23 00:00:00,1.28310,1.29040,1.27270,1.29000,126740
2008-10-24 00:00:00,1.28990,1.30030,1.24970,1.25890,167785
2008-10-27 00:00:00,1.25750,1.26850,1.23340,1.24930,130953
2008-10-28 00:00:00,1.24920,1.27420,1.23300,1.26820,123252
2008-10-29 00:00:00,1.26810,1.29900,1.26270,1.29590,145665
2008-10-30 00:00:00,1.29600,1.32880,1.28050,1.29120,147791
2008-10-31 00:00:00,1.29130,1.29230,1.26680,1.27330,137883
2008-11-03 00:00:00,1.27660,1.28970,1.25940,1.26410,90015
2008-11-04 00:00:00,1.26420,1.30280,1.25260,1.29970,123999
2008-11-05 00:00:00,1.29980,1.31140,1.27930,1.29150,142971
2008-11-06 00:00:00,1.29160,1.29750,1.27070,1.27150,138552
2008-11-07 00:00:00,1.27140,1.28500,1.26530,1.27620,115322
2008-11-10 00:00:00,1.28140,1.29270,1.27180,1.27380,98006
2008-11-11 00:00:00,1.27390,1.28000,1.25060,1.25250,103781
2008-11-12 00:00:00,1.25230,1.26310,1.24660,1.24770,118733
2008-11-13 00:00:00,1.24780,1.28540,1.23890,1.28490,136707
2008-11-14 00:00:00,1.28500,1.28520,1.26140,1.26900,127679
2008-11-17 00:00:00,1.25360,1.27420,1.25120,1.26460,108545
2008-11-18 00:00:00,1.26470,1.27000,1.25660,1.26150,105615
2008-11-19 00:00:00,1.26160,1.28130,1.25200,1.25300,102877
2008-11-20 00:00:00,1.25290,1.25930,1.24550,1.24700,113891
2008-11-21 00:00:00,1.24720,1.26370,1.24230,1.25770,119888
2008-11-24 00:00:00,1.26070,1.29280,1.25630,1.29010,105905
2008-11-25 00:00:00,1.29000,1.30800,1.28040,1.30650,120143
2008-11-26 00:00:00,1.30660,1.30730,1.28190,1.29050,100203
2008-11-27 00:00:00,1.29060,1.29680,1.28600,1.28980,67958
2008-11-28 00:00:00,1.28990,1.29570,1.26460,1.27000,69642
2008-12-01 00:00:00,1.26940,1.27120,1.25850,1.25950,71846
2008-12-02 00:00:00,1.25960,1.27650,1.25630,1.27070,84280
2008-12-03 00:00:00,1.27060,1.27400,1.26000,1.27070,80299
2008-12-04 00:00:00,1.27100,1.28470,1.25520,1.27920,81981
2008-12-05 00:00:00,1.27930,1.27970,1.26270,1.27160,84948
2008-12-08 00:00:00,1.27200,1.29630,1.27140,1.29390,66916
2008-12-09 00:00:00,1.29380,1.30000,1.27990,1.29250,72773
2008-12-10 00:00:00,1.29260,1.30690,1.29030,1.30260,64913
2008-12-11 00:00:00,1.30250,1.34030,1.30010,1.33350,78970
2008-12-12 00:00:00,1.33340,1.34140,1.32500,1.33750,99687
2008-12-15 00:00:00,1.33900,1.37090,1.33900,1.37060,74255
2008-12-16 00:00:00,1.37050,1.41470,1.36300,1.41270,84188
2008-12-17 00:00:00,1.41260,1.44370,1.39940,1.43900,115594
2008-12-18 00:00:00,1.43890,1.47190,1.41860,1.42370,161686
2008-12-19 00:00:00,1.42360,1.43090,1.38260,1.39220,147722
2008-12-22 00:00:00,1.39200,1.41240,1.39030,1.39450,105994
2008-12-23 00:00:00,1.39440,1.40210,1.39200,1.39510,80498
2008-12-24 00:00:00,1.39520,1.40190,1.39140,1.39930,59856
2008-12-26 00:00:00,1.40490,1.41160,1.40400,1.40580,23455
2008-12-29 00:00:00,1.40710,1.43620,1.39670,1.39720,80224
2008-12-30 00:00:00,1.39730,1.42200,1.39170,1.40730,80863
2008-12-31 00:00:00,1.40720,1.41460,1.38510,1.39360,71180
2009-01-02 00:00:00,1.38680,1.39860,1.38380,1.38500,58773
2009-01-05 00:00:00,1.38830,1.39620,1.35460,1.35730,92821
2009-01-06 00:00:00,1.35720,1.36580,1.33130,1.35190,105384
2009-01-07 00:00:00,1.35200,1.37460,1.34320,1.36220,104430
2009-01-08 00:00:00,1.36230,1.37950,1.35330,1.37230,105844
2009-01-09 00:00:00,1.37240,1.37500,1.34140,1.34290,107179
2009-01-12 00:00:00,1.34590,1.34620,1.32890,1.33770,93000
2009-01-13 00:00:00,1.33780,1.33780,1.31410,1.31860,109101
2009-01-14 00:00:00,1.31870,1.33360,1.30930,1.31590,100344
2009-01-15 00:00:00,1.31580,1.32390,1.30260,1.31560,117695
2009-01-16 00:00:00,1.31550,1.33430,1.31100,1.32880,97659
2009-01-19 00:00:00,1.33490,1.33850,1.31000,1.31020,74753
2009-01-20 00:00:00,1.31030,1.31140,1.28560,1.28830,110531
2009-01-21 00:00:00,1.28820,1.30360,1.28240,1.30180,115153
2009-01-22 00:00:00,1.30170,1.30850,1.29060,1.30040,115229
2009-01-23 00:00:00,1.30050,1.30330,1.27640,1.29850,103956
2009-01-26 00:00:00,1.29160,1.32050,1.28610,1.31740,91296
2009-01-27 00:00:00,1.31740,1.33270,1.31180,1.31890,96291
2009-01-28 00:00:00,1.31880,1.33250,1.31010,1.31380,103729
2009-01-29 00:00:00,1.31370,1.31770,1.29330,1.29610,87431
2009-01-30 00:00:00,1.29610,1.29660,1.27760,1.28030,90396
2009-02-02 00:00:00,1.27520,1.28970,1.27060,1.28420,74767
2009-02-03 00:00:00,1.28410,1.30550,1.28010,1.30390,80801
2009-02-04 00:00:00,1.30390,1.30690,1.28120,1.28510,83596
2009-02-05 00:00:00,1.28510,1.29040,1.27600,1.27950,81012
2009-02-06 00:00:00,1.27950,1.29900,1.27460,1.29240,77799
2009-02-09 00:00:00,1.29710,1.30930,1.28730,1.30100,70226
2009-02-10 00:00:00,1.30110,1.30740,1.28090,1.28820,115080
2009-02-11 00:00:00,1.28830,1.29960,1.28320,1.28910,96595
2009-02-12 00:00:00,1.28920,1.29420,1.27200,1.28540,99044
2009-02-13 00:00:00,1.28530,1.29410,1.28200,1.28870,92403
2009-02-16 00:00:00,1.27900,1.28250,1.27260,1.27790,61521
2009-02-17 00:00:00,1.27780,1.28120,1.25620,1.26050,91114
2009-02-18 00:00:00,1.26070,1.26400,1.25120,1.25520,79302
2009-02-19 00:00:00,1.25530,1.27590,1.25240,1.26550,71915
2009-02-20 00:00:00,1.26570,1.28840,1.25570,1.28350,93574
2009-02-23 00:00:00,1.28190,1.29910,1.26920,1.26980,86247
2009-02-24 00:00:00,1.26990,1.28760,1.26620,1.28440,86348
2009-02-25 00:00:00,1.28450,1.28980,1.26900,1.27130,82430
2009-02-26 00:00:00,1.27120,1.28100,1.26820,1.27380,73421
2009-02-27 00:00:00,1.27370,1.27500,1.26040,1.26760,84308
2009-03-02 00:00:00,1.26170,1.26310,1.25450,1.25740,73283
2009-03-03 00:00:00,1.25750,1.26770,1.25210,1.25840,77548
2009-03-04 00:00:00,1.25830,1.26570,1.24560,1.26370,74772
2009-03-05 00:00:00,1.26380,1.26630,1.24800,1.25560,75402
2009-03-06 00:00:00,1.25570,1.27540,1.25290,1.26360,84866
2009-03-09 00:00:00,1.26710,1.27260,1.25550,1.26110,67675
2009-03-10 00:00:00,1.26120,1.28220,1.25780,1.26820,76162
2009-03-11 00:00:00,1.26810,1.28640,1.26160,1.28360,80859
2009-03-12 00:00:00,1.28340,1.29450,1.27310,1.29130,90109
2009-03-13 00:00:00,1.29100,1.29570,1.28620,1.29280,78918
2009-03-16 00:00:00,1.28460,1.30710,1.28460,1.29670,70011
2009-03-17 00:00:00,1.29660,1.30330,1.29310,1.30160,76701
2009-03-18 00:00:00,1.30150,1.34980,1.29860,1.34770,82137
2009-03-19 00:00:00,1.34760,1.37370,1.34160,1.36650,98880
2009-03-20 00:00:00,1.36640,1.37260,1.35169,1.35811,83109
2009-03-23 00:00:00,1.36564,1.37350,1.34846,1.36321,77147
2009-03-24 00:00:00,1.36314,1.36775,1.34314,1.34675,93534
2009-03-25 00:00:00,1.34671,1.36287,1.34175,1.35818,94621
2009-03-26 00:00:00,1.35816,1.36393,1.34931,1.35255,76164
2009-03-27 00:00:00,1.35258,1.35906,1.32563,1.32866,72467
2009-03-30 00:00:00,1.32211,1.32852,1.31121,1.31951,77740
2009-03-31 00:00:00,1.31950,1.33421,1.31731,1.32830,76323
2009-04-01 00:00:00,1.32833,1.32855,1.31661,1.32307,76044
2009-04-02 00:00:00,1.32306,1.35167,1.32216,1.34411,87270
2009-04-03 00:00:00,1.34416,1.34940,1.33646,1.34863,74522
2009-04-06 00:00:00,1.35142,1.35806,1.33571,1.34061,65808
2009-04-07 00:00:00,1.34059,1.34260,1.32261,1.32651,76100
2009-04-08 00:00:00,1.32656,1.33076,1.31478,1.32536,70982
2009-04-09 00:00:00,1.32541,1.33349,1.31258,1.31597,69557
2009-04-10 00:00:00,1.31593,1.31755,1.30894,1.31751,33645
2009-04-13 00:00:00,1.31898,1.33911,1.31258,1.33748,42208
2009-04-14 00:00:00,1.33747,1.33915,1.32253,1.32746,69689
2009-04-15 00:00:00,1.32741,1.32953,1.31461,1.32216,68618
2009-04-16 00:00:00,1.32218,1.32676,1.31260,1.31683,71459
2009-04-17 00:00:00,1.31681,1.31966,1.30167,1.30244,70896
2009-04-20 00:00:00,1.30406,1.30481,1.28889,1.29238,65607
2009-04-21 00:00:00,1.29239,1.29934,1.28967,1.29383,64536
2009-04-22 00:00:00,1.29385,1.30364,1.28844,1.29937,67871
2009-04-23 00:00:00,1.29938,1.31531,1.29792,1.31393,64751
2009-04-24 00:00:00,1.31396,1.33002,1.31125,1.32414,72478
2009-04-27 00:00:00,1.32401,1.32416,1.29990,1.30315,72094
2009-04-28 00:00:00,1.30314,1.31655,1.29649,1.31425,75275
2009-04-29 00:00:00,1.31421,1.33402,1.31199,1.32476,80561
2009-04-30 00:00:00,1.32483,1.33848,1.31910,1.32300,85491
2009-05-01 00:00:00,1.32291,1.33274,1.32156,1.32653,53965
2009-05-04 00:00:00,1.32818,1.34223,1.32123,1.34017,55380
2009-05-05 00:00:00,1.34018,1.34363,1.32821,1.33232,65471
2009-05-06 00:00:00,1.33230,1.33738,1.32457,1.33300,76399
2009-05-07 00:00:00,1.33303,1.34681,1.32515,1.33835,83898
2009-05-08 00:00:00,1.33832,1.36314,1.33416,1.36252,74542
2009-05-11 00:00:00,1.36545,1.36668,1.35573,1.35821,64588
2009-05-12 00:00:00,1.35822,1.37066,1.35628,1.36373,69099
2009-05-13 00:00:00,1.36376,1.37214,1.35658,1.35808,77259
2009-05-14 00:00:00,1.35807,1.36641,1.35255,1.36360,71914
2009-05-15 00:00:00,1.36359,1.36490,1.34614,1.34895,66833
2009-05-18 00:00:00,1.34836,1.35563,1.34234,1.35516,61473
2009-05-19 00:00:00,1.35517,1.36675,1.35304,1.36357,68183
2009-05-20 00:00:00,1.36361,1.38295,1.35831,1.37685,70257
2009-05-21 00:00:00,1.37687,1.39228,1.37282,1.39033,81309
2009-05-22 00:00:00,1.39034,1.40498,1.38781,1.40010,69288
2009-05-25 00:00:00,1.40281,1.40352,1.39575,1.40110,41805
2009-05-26 00:00:00,1.40113,1.40217,1.38598,1.39783,64960
2009-05-27 00:00:00,1.39789,1.40002,1.38710,1.38974,68429
2009-05-28 00:00:00,1.38979,1.39826,1.37931,1.39420,78102
2009-05-29 00:00:00,1.39418,1.41678,1.39246,1.41360,74324
2009-06-01 00:00:00,1.41322,1.42453,1.40987,1.41556,66324
2009-06-02 00:00:00,1.41563,1.43308,1.41012,1.43210,71827
2009-06-03 00:00:00,1.43209,1.43378,1.41094,1.41514,83668
2009-06-04 00:00:00,1.41512,1.42400,1.40700,1.41815,87323
2009-06-05 00:00:00,1.41816,1.42665,1.39327,1.39635,79026
2009-06-08 00:00:00,1.39434,1.40017,1.38039,1.39087,64732
2009-06-09 00:00:00,1.39084,1.41010,1.38519,1.40785,71493
2009-06-10 00:00:00,1.40786,1.41432,1.39146,1.39920,79018
2009-06-11 00:00:00,1.39918,1.41710,1.39428,1.41059,78776
2009-06-12 00:00:00,1.41056,1.41281,1.39351,1.39977,77484
2009-06-15 00:00:00,1.39876,1.40008,1.37554,1.37943,72310
2009-06-16 00:00:00,1.37949,1.39321,1.37477,1.38366,83273
2009-06-17 00:00:00,1.38362,1.39839,1.38062,1.39502,73741
2009-06-18 00:00:00,1.39505,1.40005,1.38711,1.38889,70170
2009-06-19 00:00:00,1.38891,1.40112,1.38822,1.39435,62141
2009-06-22 00:00:00,1.39487,1.39491,1.38264,1.38628,58585
2009-06-23 00:00:00,1.38628,1.41074,1.38284,1.40771,70206
2009-06-24 00:00:00,1.40768,1.41375,1.38888,1.39418,76765
2009-06-25 00:00:00,1.39419,1.40127,1.38891,1.39876,67078
2009-06-26 00:00:00,1.39883,1.41173,1.39824,1.40689,59626
2009-06-29 00:00:00,1.40616,1.41024,1.39825,1.40797,52163
2009-06-30 00:00:00,1.40798,1.41513,1.40009,1.40278,64477
2009-07-01 00:00:00,1.40281,1.41965,1.40009,1.41411,64803
2009-07-02 00:00:00,1.41415,1.41537,1.39885,1.39991,66126
2009-07-03 00:00:00,1.39990,1.40274,1.39273,1.39764,45831
2009-07-06 00:00:00,1.39551,1.39977,1.38760,1.39785,54480
2009-07-07 00:00:00,1.39784,1.40498,1.39032,1.39110,55290
2009-07-08 00:00:00,1.39109,1.39376,1.38323,1.38793,62479
2009-07-09 00:00:00,1.38790,1.40715,1.38583,1.40315,63591
2009-07-10 00:00:00,1.40316,1.40367,1.38778,1.39478,60441
2009-07-13 00:00:00,1.39461,1.40004,1.38966,1.39957,57310
2009-07-14 00:00:00,1.39959,1.40141,1.39109,1.39379,73279
2009-07-15 00:00:00,1.39371,1.41338,1.39361,1.41067,61758
2009-07-16 00:00:00,1.41064,1.41652,1.40557,1.41413,62682
2009-07-17 00:00:00,1.41414,1.41606,1.40629,1.40995,55619
2009-07-20 00:00:00,1.41162,1.42479,1.41090,1.42257,54938
2009-07-21 00:00:00,1.42255,1.42767,1.41634,1.41981,56371
2009-07-22 00:00:00,1.41981,1.42568,1.41556,1.42126,57704
2009-07-23 00:00:00,1.42127,1.42907,1.41875,1.41950,59314
2009-07-24 00:00:00,1.41945,1.42527,1.41190,1.42141,57082
2009-07-27 00:00:00,1.42297,1.42969,1.41712,1.42384,49846
2009-07-28 00:00:00,1.42382,1.43036,1.41303,1.41708,52969
2009-07-29 00:00:00,1.41708,1.41940,1.40072,1.40341,61564
2009-07-30 00:00:00,1.40340,1.40946,1.40085,1.40648,58856
2009-07-31 00:00:00,1.40647,1.42780,1.40588,1.42513,56819
2009-08-03 00:00:00,1.42703,1.44435,1.42064,1.44111,57948
2009-08-04 00:00:00,1.44112,1.44308,1.43670,1.43969,53359
2009-08-05 00:00:00,1.43974,1.44465,1.43559,1.44130,54349
2009-08-06 00:00:00,1.44143,1.44309,1.43291,1.43552,57443
2009-08-07 00:00:00,1.43554,1.44118,1.41537,1.41698,55947
2009-08-10 00:00:00,1.41810,1.42184,1.41041,1.41393,52710
2009-08-11 00:00:00,1.41391,1.41850,1.41097,1.41498,47421
2009-08-12 00:00:00,1.41504,1.42463,1.40861,1.42106,59434
2009-08-13 00:00:00,1.42107,1.43267,1.41811,1.42838,56385
2009-08-14 00:00:00,1.42844,1.43060,1.41599,1.41886,49960
2009-08-17 00:00:00,1.41879,1.41942,1.40454,1.40824,49999
2009-08-18 00:00:00,1.40823,1.41483,1.40666,1.41274,51334
2009-08-19 00:00:00,1.41271,1.42661,1.40841,1.42337,54970
2009-08-20 00:00:00,1.42336,1.42738,1.42005,1.42568,50971
2009-08-21 00:00:00,1.42567,1.43751,1.42081,1.43355,53066
2009-08-24 00:00:00,1.43437,1.43585,1.42806,1.42934,43344
2009-08-25 00:00:00,1.42934,1.43616,1.42526,1.43125,50028
2009-08-26 00:00:00,1.43122,1.43500,1.42065,1.42541,49616
2009-08-27 00:00:00,1.42542,1.44049,1.42192,1.43574,50995
2009-08-28 00:00:00,1.43572,1.43880,1.42811,1.42997,49331
2009-08-31 00:00:00,1.43076,1.43668,1.42559,1.43351,44702
2009-09-01 00:00:00,1.43361,1.43760,1.41770,1.42170,42295
2009-09-02 00:00:00,1.42160,1.42930,1.41890,1.42710,40586
2009-09-03 00:00:00,1.42710,1.43470,1.42360,1.42520,37089
2009-09-04 00:00:00,1.42510,1.43260,1.41910,1.43030,33473
2009-09-07 00:00:00,1.43050,1.43580,1.43020,1.43410,16789
2009-09-08 00:00:00,1.43410,1.45330,1.43280,1.44980,35501
2009-09-09 00:00:00,1.44980,1.45990,1.44660,1.45520,40077
2009-09-10 00:00:00,1.45510,1.46120,1.45020,1.45860,48071
2009-09-11 00:00:00,1.45850,1.46330,1.45530,1.45810,46874
2009-09-14 00:00:00,1.45970,1.46511,1.45154,1.46201,47539
2009-09-15 00:00:00,1.46202,1.46847,1.45611,1.46747,52066
2009-09-16 00:00:00,1.46745,1.47361,1.46412,1.47301,53155
2009-09-17 00:00:00,1.47300,1.47652,1.46879,1.47316,50697
2009-09-18 00:00:00,1.47313,1.47470,1.46471,1.47018,48861
2009-09-21 00:00:00,1.46953,1.47125,1.46110,1.46752,46863
2009-09-22 00:00:00,1.46751,1.48203,1.46687,1.47984,46766
2009-09-23 00:00:00,1.47985,1.48427,1.47289,1.47416,57096
2009-09-24 00:00:00,1.47419,1.48016,1.46282,1.46550,58974
2009-09-25 00:00:00,1.46552,1.47239,1.46142,1.46686,58840
2009-09-28 00:00:00,1.47011,1.47193,1.45640,1.46043,55261
2009-09-29 00:00:00,1.46044,1.46452,1.45274,1.45711,57967
2009-09-30 00:00:00,1.45708,1.46730,1.45676,1.46325,56500
2009-10-01 00:00:00,1.46324,1.46676,1.45170,1.45183,58286
2009-10-02 00:00:00,1.45182,1.46457,1.44835,1.45685,56024
2009-10-05 00:00:00,1.45883,1.46676,1.45791,1.46500,43035
2009-10-06 00:00:00,1.46499,1.47609,1.46444,1.47155,49195
2009-10-07 00:00:00,1.47156,1.47355,1.46489,1.46782,51300
2009-10-08 00:00:00,1.46777,1.48150,1.46751,1.47776,55383
2009-10-09 00:00:00,1.47775,1.47946,1.46723,1.47065,54482
2009-10-12 00:00:00,1.47167,1.48115,1.46752,1.47787,38921
2009-10-13 00:00:00,1.47785,1.48737,1.47608,1.48271,49559
2009-10-14 00:00:00,1.48267,1.49443,1.48256,1.49165,51441
2009-10-15 00:00:00,1.49164,1.49656,1.48415,1.49346,50072
2009-10-16 00:00:00,1.49347,1.49651,1.48473,1.48921,53666
2009-10-19 00:00:00,1.48932,1.49617,1.48267,1.49412,48215
2009-10-20 00:00:00,1.49411,1.49931,1.48823,1.49289,52096
2009-10-21 00:00:00,1.49288,1.50453,1.48879,1.49973,52414
2009-10-22 00:00:00,1.49974,1.50353,1.49435,1.50269,51106
2009-10-23 00:00:00,1.50267,1.50595,1.49855,1.49956,52216
2009-10-26 00:00:00,1.50090,1.50617,1.48448,1.48756,45933
2009-10-27 00:00:00,1.48754,1.49262,1.47701,1.48032,55075
2009-10-28 00:00:00,1.48034,1.48403,1.46931,1.47050,56631
2009-10-29 00:00:00,1.47055,1.48585,1.46829,1.48216,51971
2009-10-30 00:00:00,1.48211,1.48575,1.47030,1.47183,55264
2009-11-02 00:00:00,1.47346,1.48443,1.47032,1.47651,55027
2009-11-03 00:00:00,1.47650,1.48102,1.46262,1.47107,57918
2009-11-04 00:00:00,1.47104,1.49079,1.47016,1.48641,56759
2009-11-05 00:00:00,1.48640,1.49160,1.48109,1.48752,52991
2009-11-06 00:00:00,1.48753,1.49135,1.48134,1.48452,47223
2009-11-09 00:00:00,1.48716,1.50195,1.48526,1.49870,42864
2009-11-10 00:00:00,1.49877,1.50194,1.49383,1.49787,47526
2009-11-11 00:00:00,1.49788,1.50475,1.49527,1.49805,47972
2009-11-12 00:00:00,1.49806,1.50156,1.48210,1.48386,51633
2009-11-13 00:00:00,1.48384,1.49372,1.48243,1.49203,45323
2009-11-16 00:00:00,1.49194,1.50147,1.48847,1.49717,45341
2009-11-17 00:00:00,1.49716,1.49985,1.48076,1.48715,51950
2009-11-18 00:00:00,1.48713,1.49899,1.48599,1.49584,44811
2009-11-19 00:00:00,1.49585,1.49671,1.48431,1.49179,48907
2009-11-20 00:00:00,1.49178,1.49342,1.48011,1.48608,51447
2009-11-23 00:00:00,1.48501,1.49985,1.48482,1.49670,39555
2009-11-24 00:00:00,1.49669,1.49882,1.48881,1.49636,47754
2009-11-25 00:00:00,1.49637,1.51437,1.49549,1.51425,47187
2009-11-26 00:00:00,1.51421,1.51422,1.49588,1.50144,50403
2009-11-27 00:00:00,1.50150,1.50219,1.48281,1.49679,72678
2009-11-30 00:00:00,1.50084,1.50830,1.49633,1.50136,61280
2009-12-01 00:00:00,1.50133,1.51164,1.49712,1.50843,48803
2009-12-02 00:00:00,1.50841,1.51089,1.50320,1.50451,43799
2009-12-03 00:00:00,1.50450,1.51399,1.50417,1.50720,45878
2009-12-04 00:00:00,1.50719,1.50890,1.48198,1.48439,52407
2009-12-07 00:00:00,1.48678,1.49028,1.47545,1.48101,52399
2009-12-08 00:00:00,1.48102,1.48662,1.46808,1.47022,57948
2009-12-09 00:00:00,1.47020,1.47811,1.46681,1.47298,57385
2009-12-10 00:00:00,1.47294,1.47598,1.46845,1.47297,49337
2009-12-11 00:00:00,1.47298,1.47754,1.45859,1.46280,46454
2009-12-14 00:00:00,1.46146,1.46850,1.46045,1.46516,44667
2009-12-15 00:00:00,1.46514,1.46624,1.45037,1.45357,44282
2009-12-16 00:00:00,1.45355,1.45892,1.45053,1.45322,48979
2009-12-17 00:00:00,1.45324,1.45373,1.43041,1.43402,55106
2009-12-18 00:00:00,1.43401,1.44108,1.42611,1.43341,55359
2009-12-21 00:00:00,1.43118,1.43724,1.42671,1.42849,38912
2009-12-22 00:00:00,1.42848,1.43311,1.42175,1.42516,43103
2009-12-23 00:00:00,1.42515,1.43659,1.42336,1.43238,37620
2009-12-24 00:00:00,1.43239,1.44173,1.43229,1.43538,25611
2009-12-28 00:00:00,1.43712,1.44127,1.43534,1.43765,25599
2009-12-29 00:00:00,1.43767,1.44573,1.43310,1.43478,35853
2009-12-30 00:00:00,1.43476,1.43600,1.42725,1.43365,39615
2009-12-31 00:00:00,1.43364,1.44398,1.43059,1.43306,35027
2010-01-04 00:00:00,1.43259,1.44543,1.42569,1.44106,47034
2010-01-05 00:00:00,1.44104,1.44830,1.43467,1.43669,51499
2010-01-06 00:00:00,1.43674,1.44338,1.42831,1.44119,51056
2010-01-07 00:00:00,1.44120,1.44456,1.42994,1.43221,48999
2010-01-08 00:00:00,1.43223,1.44263,1.42634,1.44102,43901
2010-01-11 00:00:00,1.44125,1.45545,1.44121,1.45195,46173
2010-01-12 00:00:00,1.45193,1.45448,1.44537,1.44898,49527
2010-01-13 00:00:00,1.44901,1.45785,1.44561,1.45084,51400
2010-01-14 00:00:00,1.45083,1.45547,1.44478,1.44979,47660
2010-01-15 00:00:00,1.44980,1.45108,1.43365,1.43788,52105
2010-01-18 00:00:00,1.43480,1.43995,1.43348,1.43802,31802
2010-01-19 00:00:00,1.43799,1.44131,1.42527,1.43012,46564
2010-01-20 00:00:00,1.43010,1.43026,1.40818,1.41014,57164
2010-01-21 00:00:00,1.41012,1.41415,1.40285,1.40932,58732
2010-01-22 00:00:00,1.40933,1.41807,1.40662,1.41406,57272
2010-01-25 00:00:00,1.41523,1.41938,1.41278,1.41527,44941
2010-01-26 00:00:00,1.41526,1.41784,1.40422,1.40791,56119
2010-01-27 00:00:00,1.40789,1.40963,1.39935,1.40199,55976
2010-01-28 00:00:00,1.40198,1.40518,1.39464,1.39693,54825
2010-01-29 00:00:00,1.39699,1.39870,1.38619,1.38631,56642
2010-02-01 00:00:00,1.38627,1.39341,1.38521,1.39305,44079
2010-02-02 00:00:00,1.39309,1.39738,1.38858,1.39640,43863
2010-02-03 00:00:00,1.39643,1.40255,1.38900,1.38969,43519
2010-02-04 00:00:00,1.38970,1.39023,1.37284,1.37403,48553
2010-02-05 00:00:00,1.37405,1.37448,1.35854,1.36634,68879
2010-02-08 00:00:00,1.36561,1.37128,1.36210,1.36589,49761
2010-02-09 00:00:00,1.36594,1.38380,1.36426,1.37786,59685
2010-02-10 00:00:00,1.37787,1.38119,1.36767,1.37288,61135
2010-02-11 00:00:00,1.37287,1.38000,1.35955,1.36819,54885
2010-02-12 00:00:00,1.36822,1.36954,1.35311,1.36162,58304
2010-02-15 00:00:00,1.36158,1.36322,1.35785,1.35997,33132
2010-02-16 00:00:00,1.35988,1.37785,1.35879,1.37666,47953
2010-02-17 00:00:00,1.37665,1.37881,1.35859,1.36061,48017
2010-02-18 00:00:00,1.36064,1.36537,1.35391,1.36116,51755
2010-02-19 00:00:00,1.36117,1.36206,1.34433,1.35938,70288
2010-02-22 00:00:00,1.36133,1.36531,1.35745,1.35990,47869
2010-02-23 00:00:00,1.35992,1.36913,1.34961,1.35006,57177
2010-02-24 00:00:00,1.35009,1.36250,1.35009,1.35329,58243
2010-02-25 00:00:00,1.35332,1.35702,1.34504,1.35568,62950
2010-02-26 00:00:00,1.35567,1.36826,1.35300,1.36151,62396
2010-03-01 00:00:00,1.36222,1.36541,1.34601,1.35579,58839
2010-03-02 00:00:00,1.35580,1.36213,1.34349,1.36078,62126
2010-03-03 00:00:00,1.36076,1.37351,1.35921,1.36978,63105
2010-03-04 00:00:00,1.36981,1.37117,1.35511,1.35896,56544
2010-03-05 00:00:00,1.35899,1.36297,1.35300,1.36201,48073
2010-03-08 00:00:00,1.36307,1.37038,1.36056,1.36295,42045
2010-03-09 00:00:00,1.36296,1.36347,1.35370,1.35989,49271
2010-03-10 00:00:00,1.35990,1.36793,1.35440,1.36502,45868
2010-03-11 00:00:00,1.36501,1.36864,1.36206,1.36790,44602
2010-03-12 00:00:00,1.36789,1.37954,1.36693,1.37612,45223
2010-03-15 00:00:00,1.37612,1.37746,1.36423,1.36758,37739
2010-03-16 00:00:00,1.36759,1.37825,1.36566,1.37651,46662
2010-03-17 00:00:00,1.37654,1.38171,1.37261,1.37369,41699
2010-03-18 00:00:00,1.37368,1.37402,1.35862,1.36076,45053
2010-03-19 00:00:00,1.36077,1.36263,1.35029,1.35292,43848
2010-03-22 00:00:00,1.35174,1.35676,1.34629,1.35578,40972
2010-03-23 00:00:00,1.35579,1.35687,1.34755,1.34983,46913
2010-03-24 00:00:00,1.34985,1.35060,1.33119,1.33135,55727
2010-03-25 00:00:00,1.33133,1.33861,1.32673,1.32732,54972
2010-03-26 00:00:00,1.32734,1.34231,1.32671,1.34075,51017
2010-03-29 00:00:00,1.34719,1.35056,1.34172,1.34790,40800
2010-03-30 00:00:00,1.34788,1.35367,1.33951,1.34136,41545
2010-03-31 00:00:00,1.34138,1.35477,1.33841,1.35058,46236
2010-04-01 00:00:00,1.35062,1.35872,1.34600,1.35837,46124
2010-04-02 00:00:00,1.35838,1.35904,1.34748,1.34897,28695
2010-04-05 00:00:00,1.34900,1.35378,1.34599,1.34789,27716
2010-04-06 00:00:00,1.34788,1.34959,1.33551,1.34048,44145
2010-04-07 00:00:00,1.34047,1.34078,1.33260,1.33533,40693
2010-04-08 00:00:00,1.33531,1.33657,1.32821,1.33486,42657
2010-04-09 00:00:00,1.33482,1.34938,1.33414,1.34931,45279
2010-04-12 00:00:00,1.36107,1.36913,1.35656,1.35825,45507
2010-04-13 00:00:00,1.35823,1.36267,1.35463,1.35866,44613
2010-04-14 00:00:00,1.35869,1.36780,1.35865,1.36540,46205
2010-04-15 00:00:00,1.36539,1.36665,1.35215,1.35789,44261
2010-04-16 00:00:00,1.35786,1.35831,1.34726,1.35090,51727
2010-04-19 00:00:00,1.34769,1.34972,1.34160,1.34860,42544
2010-04-20 00:00:00,1.34859,1.35222,1.34283,1.34413,42755
2010-04-21 00:00:00,1.34410,1.34467,1.33579,1.33957,42815
2010-04-22 00:00:00,1.33955,1.34208,1.32651,1.33133,46558
2010-04-23 00:00:00,1.33132,1.33990,1.32016,1.33732,57462
2010-04-26 00:00:00,1.33460,1.33969,1.32916,1.33675,44065
2010-04-27 00:00:00,1.33677,1.34147,1.31710,1.31766,58150
2010-04-28 00:00:00,1.31768,1.32654,1.31141,1.31999,66851
2010-04-29 00:00:00,1.32002,1.32777,1.31838,1.32442,54090
2010-04-30 00:00:00,1.32437,1.33417,1.32234,1.33129,49360
2010-05-03 00:00:00,1.33296,1.33326,1.31540,1.31947,37014
2010-05-04 00:00:00,1.31950,1.32131,1.29936,1.30038,50498
2010-05-05 00:00:00,1.30035,1.30040,1.28034,1.28203,64157
2010-05-06 00:00:00,1.28201,1.28557,1.25270,1.26256,92643
2010-05-07 00:00:00,1.26255,1.27973,1.25860,1.27303,116994
2010-05-10 00:00:00,1.29299,1.30934,1.27588,1.27841,103700
2010-05-11 00:00:00,1.27839,1.28024,1.26661,1.26820,86640
2010-05-12 00:00:00,1.26825,1.27383,1.26051,1.26268,70083
2010-05-13 00:00:00,1.26270,1.26834,1.25301,1.25303,60994
2010-05-14 00:00:00,1.25306,1.25753,1.23587,1.23788,70720
2010-05-17 00:00:00,1.23485,1.24138,1.22332,1.23824,82984
2010-05-18 00:00:00,1.23822,1.24437,1.21616,1.22083,84539
2010-05-19 00:00:00,1.22081,1.23970,1.21435,1.23850,102186
2010-05-20 00:00:00,1.23840,1.25969,1.22957,1.25100,100498
2010-05-21 00:00:00,1.25096,1.26711,1.24550,1.25721,104817
2010-05-24 00:00:00,1.25461,1.25622,1.23476,1.23793,70156
2010-05-25 00:00:00,1.23794,1.23801,1.21776,1.23330,81767
2010-05-26 00:00:00,1.23341,1.23877,1.21763,1.21909,71831
2010-05-27 00:00:00,1.21907,1.23937,1.21534,1.23606,82289
2010-05-28 00:00:00,1.23600,1.24518,1.22689,1.22712,77046
2010-05-31 00:00:00,1.22807,1.23341,1.22665,1.23025,43176
2010-06-01 00:00:00,1.23023,1.23487,1.21107,1.22347,74388
2010-06-02 00:00:00,1.22351,1.22726,1.21749,1.22429,78262
2010-06-03 00:00:00,1.22431,1.23252,1.21520,1.21561,64948
2010-06-04 00:00:00,1.21560,1.22150,1.19551,1.19650,72446
2010-06-07 00:00:00,1.19460,1.19907,1.18758,1.19163,72101
2010-06-08 00:00:00,1.19165,1.20080,1.19022,1.19459,66647
2010-06-09 00:00:00,1.19461,1.20724,1.19236,1.19862,60756
2010-06-10 00:00:00,1.19863,1.21411,1.19565,1.21392,66105
2010-06-11 00:00:00,1.21394,1.21521,1.20452,1.20930,62535
2010-06-14 00:00:00,1.21188,1.22975,1.21155,1.22223,53308
2010-06-15 00:00:00,1.22221,1.23490,1.21679,1.23451,60115
2010-06-16 00:00:00,1.23451,1.23525,1.22552,1.23032,54760
2010-06-17 00:00:00,1.23025,1.24095,1.22422,1.23848,55359
2010-06-18 00:00:00,1.23851,1.24156,1.23529,1.23725,46319
2010-06-21 00:00:00,1.24291,1.24664,1.23038,1.23173,52242
2010-06-22 00:00:00,1.23172,1.23531,1.22521,1.22743,56719
2010-06-23 00:00:00,1.22747,1.23431,1.22090,1.23108,51393
2010-06-24 00:00:00,1.23098,1.23869,1.22614,1.23249,53998
2010-06-25 00:00:00,1.23247,1.23942,1.22538,1.23837,54298
2010-06-28 00:00:00,1.23781,1.23966,1.22651,1.22722,48608
2010-06-29 00:00:00,1.22720,1.22902,1.21495,1.21972,52642
2010-06-30 00:00:00,1.21965,1.23038,1.21662,1.22276,58709
2010-07-01 00:00:00,1.22278,1.25328,1.21930,1.25166,66763
2010-07-02 00:00:00,1.25164,1.26106,1.24824,1.25490,59682
2010-07-05 00:00:00,1.25558,1.25619,1.25100,1.25408,30346
2010-07-06 00:00:00,1.25407,1.26623,1.24796,1.26200,52602
2010-07-07 00:00:00,1.26197,1.26630,1.25531,1.26393,50106
2010-07-08 00:00:00,1.26394,1.27007,1.26199,1.26897,47560
2010-07-09 00:00:00,1.26898,1.27218,1.26085,1.26392,42799
2010-07-12 00:00:00,1.26413,1.26463,1.25506,1.25911,36367
2010-07-13 00:00:00,1.25915,1.27381,1.25219,1.27136,51818
2010-07-14 00:00:00,1.27143,1.27768,1.26822,1.27361,48942
2010-07-15 00:00:00,1.27358,1.29448,1.27092,1.29315,57909
2010-07-16 00:00:00,1.29308,1.30063,1.28894,1.29254,55941
2010-07-19 00:00:00,1.29040,1.29908,1.28711,1.29415,45831
2010-07-20 00:00:00,1.29421,1.30275,1.28389,1.28906,51144
2010-07-21 00:00:00,1.28908,1.29123,1.27318,1.27670,51654
2010-07-22 00:00:00,1.27672,1.29302,1.27368,1.28845,53852
2010-07-23 00:00:00,1.28842,1.29642,1.27932,1.29148,63554
2010-07-26 00:00:00,1.28940,1.30046,1.28761,1.29946,48178
2010-07-27 00:00:00,1.29942,1.30453,1.29516,1.30017,50933
2010-07-28 00:00:00,1.30019,1.30412,1.29662,1.29852,50832
2010-07-29 00:00:00,1.29853,1.31060,1.29774,1.30770,45350
2010-07-30 00:00:00,1.30771,1.30930,1.29802,1.30306,52339
2010-08-02 00:00:00,1.30596,1.31945,1.30533,1.31707,40161
2010-08-03 00:00:00,1.31706,1.32610,1.31464,1.32306,43468
2010-08-04 00:00:00,1.32307,1.32382,1.31308,1.31634,42441
2010-08-05 00:00:00,1.31636,1.32344,1.31186,1.31897,44428
2010-08-06 00:00:00,1.31899,1.33327,1.31573,1.32918,45151
2010-08-09 00:00:00,1.32880,1.33070,1.32163,1.32269,32897
2010-08-10 00:00:00,1.32267,1.32349,1.30742,1.31823,49488
2010-08-11 00:00:00,1.31821,1.31871,1.28638,1.28823,57686
2010-08-12 00:00:00,1.28821,1.29320,1.27805,1.28260,58755
2010-08-13 00:00:00,1.28258,1.29052,1.27517,1.27526,51063
2010-08-16 00:00:00,1.27650,1.28705,1.27336,1.28189,46707
2010-08-17 00:00:00,1.28190,1.29152,1.28038,1.28793,49586
2010-08-18 00:00:00,1.28791,1.29214,1.28233,1.28589,45632
2010-08-19 00:00:00,1.28586,1.29021,1.27721,1.28184,55499
2010-08-20 00:00:00,1.28186,1.28315,1.26634,1.27080,49303
2010-08-23 00:00:00,1.27050,1.27287,1.26470,1.26623,42469
2010-08-24 00:00:00,1.26624,1.27157,1.25874,1.26727,52164
2010-08-25 00:00:00,1.26725,1.27254,1.26090,1.26492,56945
2010-08-26 00:00:00,1.26493,1.27634,1.26481,1.27271,53757
2010-08-27 00:00:00,1.27275,1.27778,1.26810,1.27326,50113
2010-08-30 00:00:00,1.27641,1.27647,1.26585,1.26637,37482
2010-08-31 00:00:00,1.26640,1.27422,1.26250,1.26717,49700
2010-09-01 00:00:00,1.26718,1.28546,1.26630,1.28022,46557
2010-09-02 00:00:00,1.28026,1.28474,1.27764,1.28214,45885
2010-09-03 00:00:00,1.28215,1.28965,1.28082,1.28941,40195
2010-09-06 00:00:00,1.28934,1.29167,1.28666,1.28739,24554
2010-09-07 00:00:00,1.28740,1.28761,1.26821,1.26920,45129
2010-09-08 00:00:00,1.26925,1.27624,1.26588,1.27127,47578
2010-09-09 00:00:00,1.27130,1.27654,1.26645,1.27042,45581
2010-09-10 00:00:00,1.27043,1.27461,1.26434,1.27100,43720
2010-09-13 00:00:00,1.27050,1.28923,1.27040,1.28751,41607
2010-09-14 00:00:00,1.28746,1.30324,1.28290,1.30067,49771
2010-09-15 00:00:00,1.30066,1.30360,1.29528,1.30109,55156
2010-09-16 00:00:00,1.30103,1.31160,1.29754,1.30779,48665
2010-09-17 00:00:00,1.30780,1.31584,1.30189,1.30375,48424
2010-09-20 00:00:00,1.30460,1.31210,1.30288,1.30613,37489
2010-09-21 00:00:00,1.30611,1.32814,1.30571,1.32343,45277
2010-09-22 00:00:00,1.32340,1.34388,1.32336,1.33914,54259
2010-09-23 00:00:00,1.33911,1.34130,1.33069,1.33173,50263
2010-09-24 00:00:00,1.33175,1.34920,1.32863,1.34905,27456
2010-09-27 00:00:00,1.34820,1.35054,1.34252,1.34704,41998
2010-09-28 00:00:00,1.34701,1.35945,1.33810,1.35778,56493
2010-09-29 00:00:00,1.35777,1.36461,1.35660,1.36285,56157
2010-09-30 00:00:00,1.36283,1.36825,1.35592,1.36323,63821
2010-10-01 00:00:00,1.36325,1.37828,1.36183,1.37785,52282
2010-10-04 00:00:00,1.37877,1.37888,1.36662,1.36875,44099
2010-10-05 00:00:00,1.36873,1.38582,1.36367,1.38354,55586
2010-10-06 00:00:00,1.38353,1.39469,1.38003,1.39352,52401
2010-10-07 00:00:00,1.39353,1.40285,1.38568,1.39112,55859
2010-10-08 00:00:00,1.39111,1.39831,1.38341,1.39280,64757
2010-10-11 00:00:00,1.40020,1.40070,1.38659,1.38720,48489
2010-10-12 00:00:00,1.38716,1.39344,1.37752,1.39165,60835
2010-10-13 00:00:00,1.39157,1.40009,1.39107,1.39553,51215
2010-10-14 00:00:00,1.39555,1.41215,1.39536,1.40700,58725
2010-10-15 00:00:00,1.40702,1.41505,1.39368,1.39730,67200
2010-10-18 00:00:00,1.39727,1.39975,1.38305,1.39916,55253
2010-10-19 00:00:00,1.39914,1.40022,1.37129,1.37290,76673
2010-10-20 00:00:00,1.37286,1.39887,1.36975,1.39490,66282
2010-10-21 00:00:00,1.39487,1.40495,1.38712,1.39232,72001
2010-10-22 00:00:00,1.39230,1.39700,1.38604,1.39278,61095
2010-10-25 00:00:00,1.39516,1.40795,1.39340,1.39685,55156
2010-10-26 00:00:00,1.39683,1.39810,1.38251,1.38509,61162
2010-10-27 00:00:00,1.38510,1.38763,1.37338,1.37667,66385
2010-10-28 00:00:00,1.37666,1.39448,1.37629,1.39282,54430
2010-10-29 00:00:00,1.39284,1.39502,1.38068,1.39459,56770
2010-11-01 00:00:00,1.39703,1.40106,1.38636,1.38923,55201
2010-11-02 00:00:00,1.38920,1.40573,1.38812,1.40328,55462
2010-11-03 00:00:00,1.40329,1.41797,1.39916,1.41383,71324
2010-11-04 00:00:00,1.41384,1.42813,1.41020,1.42050,63352
2010-11-05 00:00:00,1.42048,1.42478,1.40238,1.40314,66114
2010-11-08 00:00:00,1.40538,1.40846,1.38874,1.39175,61475
2010-11-09 00:00:00,1.39176,1.39730,1.37520,1.37771,69852
2010-11-10 00:00:00,1.37770,1.38248,1.36711,1.37784,80131
2010-11-11 00:00:00,1.37783,1.38200,1.36369,1.36578,68446
2010-11-12 00:00:00,1.36577,1.37758,1.35735,1.36921,85108
2010-11-15 00:00:00,1.36829,1.37497,1.35634,1.35680,63162
2010-11-16 00:00:00,1.35681,1.36547,1.34475,1.34880,76481
2010-11-17 00:00:00,1.34881,1.35646,1.34602,1.35150,61879
2010-11-18 00:00:00,1.35150,1.36666,1.35131,1.36264,56949
2010-11-19 00:00:00,1.36264,1.37308,1.36081,1.36860,54195
2010-11-22 00:00:00,1.37355,1.37853,1.35765,1.36233,55262
2010-11-23 00:00:00,1.36233,1.36323,1.33610,1.33711,74548
2010-11-24 00:00:00,1.33710,1.34202,1.32845,1.33287,68385
2010-11-25 00:00:00,1.33287,1.33860,1.32862,1.33536,49001
2010-11-26 00:00:00,1.33537,1.33656,1.32003,1.32461,60904
2010-11-29 00:00:00,1.32750,1.33009,1.30639,1.31217,61080
2010-11-30 00:00:00,1.31216,1.31491,1.29694,1.29798,71805
2010-12-01 00:00:00,1.29799,1.31806,1.29707,1.31358,72554
2010-12-02 00:00:00,1.31357,1.32462,1.30603,1.32227,69870
2010-12-03 00:00:00,1.32228,1.34165,1.31929,1.34107,63446
2010-12-06 00:00:00,1.34078,1.34216,1.32463,1.33118,61841
2010-12-07 00:00:00,1.33117,1.33997,1.32661,1.32733,66951
2010-12-08 00:00:00,1.32736,1.32797,1.31796,1.32617,66529
2010-12-09 00:00:00,1.32618,1.33220,1.31645,1.32417,62411
2010-12-10 00:00:00,1.32420,1.32817,1.31786,1.32275,48912
2010-12-13 00:00:00,1.32052,1.34325,1.31823,1.33907,44176
2010-12-14 00:00:00,1.33907,1.34966,1.33637,1.33786,59407
2010-12-15 00:00:00,1.33787,1.33866,1.32099,1.32187,62393
2010-12-16 00:00:00,1.32188,1.32648,1.31812,1.32367,53712
2010-12-17 00:00:00,1.32366,1.33581,1.31328,1.31848,55645
2010-12-20 00:00:00,1.31661,1.31823,1.30947,1.31247,51095
2010-12-21 00:00:00,1.31248,1.32006,1.30732,1.30948,50779
2010-12-22 00:00:00,1.30949,1.31798,1.30777,1.30979,49739
2010-12-23 00:00:00,1.30978,1.31506,1.30549,1.31177,46720
2010-12-24 00:00:00,1.31176,1.31474,1.30948,1.31143,31590
2010-12-27 00:00:00,1.31129,1.31690,1.30718,1.31578,38004
2010-12-28 00:00:00,1.31578,1.32737,1.30932,1.31178,50825
2010-12-29 00:00:00,1.31178,1.32380,1.30832,1.32187,45216
2010-12-30 00:00:00,1.32188,1.33137,1.32162,1.32863,47081
2010-12-31 00:00:00,1.32864,1.34223,1.32815,1.33690,48679
2011-01-03 00:00:00,1.33443,1.33945,1.32501,1.33490,48817
2011-01-04 00:00:00,1.33492,1.34330,1.32919,1.32970,63158
2011-01-05 00:00:00,1.32969,1.33247,1.31255,1.31530,63847
2011-01-06 00:00:00,1.31530,1.31699,1.29971,1.30139,58213
2011-01-07 00:00:00,1.30142,1.30206,1.29052,1.29095,71514
2011-01-10 00:00:00,1.28939,1.29639,1.28736,1.29537,56735
2011-01-11 00:00:00,1.29534,1.29920,1.29047,1.29787,64247
2011-01-12 00:00:00,1.29793,1.31442,1.29616,1.31314,68675
2011-01-13 00:00:00,1.31314,1.33828,1.30888,1.33479,66857
2011-01-14 00:00:00,1.33481,1.34562,1.33144,1.33737,70784
2011-01-17 00:00:00,1.33704,1.33820,1.32448,1.32841,48947
2011-01-18 00:00:00,1.32844,1.34644,1.32532,1.33821,62849
2011-01-19 00:00:00,1.33824,1.35372,1.33683,1.34712,62296
2011-01-20 00:00:00,1.34714,1.35223,1.33959,1.34737,66338
2011-01-21 00:00:00,1.34736,1.36236,1.34484,1.36145,64018
2011-01-24 00:00:00,1.36097,1.36851,1.35399,1.36439,52699
2011-01-25 00:00:00,1.36437,1.37023,1.35728,1.36816,62820
2011-01-26 00:00:00,1.36817,1.37210,1.36421,1.36903,64986
2011-01-27 00:00:00,1.36903,1.37573,1.36370,1.37361,64136
2011-01-28 00:00:00,1.37363,1.37454,1.35833,1.36062,60936
2011-01-31 00:00:00,1.35800,1.37385,1.35702,1.36902,54636
2011-02-01 00:00:00,1.36897,1.38419,1.36835,1.38309,60764
2011-02-02 00:00:00,1.38306,1.38607,1.37672,1.38089,53881
2011-02-03 00:00:00,1.38086,1.38248,1.36092,1.36339,54454
2011-02-04 00:00:00,1.36340,1.36748,1.35436,1.35865,46037
2011-02-07 00:00:00,1.35686,1.36256,1.35080,1.35842,44645
2011-02-08 00:00:00,1.35840,1.36871,1.35720,1.36323,49654
2011-02-09 00:00:00,1.36322,1.37424,1.36106,1.37335,48705
2011-02-10 00:00:00,1.37336,1.37337,1.35773,1.35931,49724
2011-02-11 00:00:00,1.35933,1.36204,1.34972,1.35479,46396
2011-02-14 00:00:00,1.35240,1.35579,1.34279,1.34861,46592
2011-02-15 00:00:00,1.34861,1.35498,1.34609,1.34822,52439
2011-02-16 00:00:00,1.34821,1.35873,1.34620,1.35691,55196
2011-02-17 00:00:00,1.35698,1.36174,1.35367,1.36051,52079
2011-02-18 00:00:00,1.36050,1.37138,1.35453,1.36849,49118
2011-02-21 00:00:00,1.36886,1.37150,1.36470,1.36756,36271
2011-02-22 00:00:00,1.36758,1.37026,1.35278,1.36539,59896
2011-02-23 00:00:00,1.36534,1.37860,1.36477,1.37458,53162
2011-02-24 00:00:00,1.37459,1.38180,1.37040,1.37999,56414
2011-02-25 00:00:00,1.38000,1.38372,1.37239,1.37521,48065
2011-02-28 00:00:00,1.37470,1.38546,1.37110,1.37990,46372
2011-03-01 00:00:00,1.37987,1.38532,1.37628,1.37698,51595
2011-03-02 00:00:00,1.37700,1.38897,1.37447,1.38655,45070
2011-03-03 00:00:00,1.38656,1.39728,1.38329,1.39589,48039
2011-03-04 00:00:00,1.39588,1.40052,1.39418,1.39842,42219
2011-03-07 00:00:00,1.39921,1.40354,1.39550,1.39717,36928
2011-03-08 00:00:00,1.39717,1.39881,1.38622,1.38979,39042
2011-03-09 00:00:00,1.38981,1.39411,1.38553,1.39034,38799
2011-03-10 00:00:00,1.39033,1.39236,1.37748,1.37887,46485
2011-03-11 00:00:00,1.37888,1.39033,1.37519,1.39021,50402
2011-03-14 00:00:00,1.39507,1.40026,1.39043,1.39913,45239
2011-03-15 00:00:00,1.39912,1.40123,1.38550,1.39973,62839
2011-03-16 00:00:00,1.39974,1.40014,1.38665,1.38988,60392
2011-03-17 00:00:00,1.38992,1.40518,1.38691,1.40207,74681
2011-03-18 00:00:00,1.40208,1.41831,1.39801,1.41806,60003
2011-03-21 00:00:00,1.41808,1.42395,1.41411,1.42249,42184
2011-03-22 00:00:00,1.42254,1.42479,1.41788,1.41955,39267
2011-03-23 00:00:00,1.41954,1.42140,1.40848,1.40850,49175
2011-03-24 00:00:00,1.40853,1.42189,1.40534,1.41777,47231
2011-03-25 00:00:00,1.41770,1.41930,1.40548,1.40867,47897
2011-03-28 00:00:00,1.40463,1.41149,1.40204,1.40912,40513
2011-03-29 00:00:00,1.40912,1.41484,1.40469,1.41024,43326
2011-03-30 00:00:00,1.41023,1.41464,1.40516,1.41243,47789
2011-03-31 00:00:00,1.41245,1.42319,1.41157,1.41726,47278
2011-04-01 00:00:00,1.41727,1.42448,1.40614,1.42227,51513
2011-04-04 00:00:00,1.42312,1.42677,1.41925,1.42154,39635
2011-04-05 00:00:00,1.42152,1.42445,1.41511,1.42199,43889
2011-04-06 00:00:00,1.42199,1.43483,1.42073,1.43307,46037
2011-04-07 00:00:00,1.43305,1.43362,1.42424,1.43018,50992
2011-04-08 00:00:00,1.43019,1.44658,1.42908,1.44548,47306
2011-04-11 00:00:00,1.44530,1.44825,1.44202,1.44262,44371
2011-04-12 00:00:00,1.44267,1.45189,1.43771,1.44768,61783
2011-04-13 00:00:00,1.44770,1.45200,1.44131,1.44434,53751
2011-04-14 00:00:00,1.44432,1.45141,1.43649,1.44915,62115
2011-04-15 00:00:00,1.44915,1.45031,1.43903,1.44261,52152
2011-04-18 00:00:00,1.44088,1.44232,1.41570,1.42313,66543
2011-04-19 00:00:00,1.42318,1.43528,1.42050,1.43333,57367
2011-04-20 00:00:00,1.43339,1.45472,1.43279,1.45100,61337
2011-04-21 00:00:00,1.45103,1.46482,1.45050,1.45528,60331
2011-04-22 00:00:00,1.45528,1.45882,1.45337,1.45464,31551
2011-04-25 00:00:00,1.45605,1.46269,1.45251,1.45792,45446
2011-04-26 00:00:00,1.45792,1.46572,1.44932,1.46404,55386
2011-04-27 00:00:00,1.46404,1.47946,1.46323,1.47920,67575
2011-04-28 00:00:00,1.47915,1.48815,1.47684,1.48186,62357
2011-04-29 00:00:00,1.48188,1.48775,1.48036,1.48129,45140
2011-05-02 00:00:00,1.48106,1.49015,1.47625,1.48323,62111
2011-05-03 00:00:00,1.48321,1.48901,1.47541,1.48300,63518
2011-05-04 00:00:00,1.48298,1.49389,1.47747,1.48279,66976
2011-05-05 00:00:00,1.48281,1.48991,1.45098,1.45263,82128
2011-05-06 00:00:00,1.45270,1.45872,1.43152,1.43523,103472
2011-05-09 00:00:00,1.43747,1.44415,1.42538,1.43518,78201
2011-05-10 00:00:00,1.43516,1.44114,1.42700,1.43996,79305
2011-05-11 00:00:00,1.43996,1.44226,1.41720,1.42029,74310
2011-05-12 00:00:00,1.42024,1.42759,1.41229,1.42380,86990
2011-05-13 00:00:00,1.42381,1.43391,1.40657,1.41059,82979
2011-05-16 00:00:00,1.40824,1.42454,1.40478,1.41788,74368
2011-05-17 00:00:00,1.41788,1.42362,1.41202,1.42213,83916
2011-05-18 00:00:00,1.42213,1.42865,1.41947,1.42387,72906
2011-05-19 00:00:00,1.42387,1.43248,1.42061,1.43096,72094
2011-05-20 00:00:00,1.43098,1.43451,1.41387,1.41572,71650
2011-05-23 00:00:00,1.41257,1.41464,1.39692,1.40489,78645
2011-05-24 00:00:00,1.40479,1.41328,1.40016,1.41060,73304
2011-05-25 00:00:00,1.41064,1.41178,1.40126,1.40822,74648
2011-05-26 00:00:00,1.40825,1.42061,1.40677,1.41358,76378
2011-05-27 00:00:00,1.41360,1.43025,1.41251,1.42858,75207
2011-05-30 00:00:00,1.43320,1.43328,1.42566,1.42791,44627
2011-05-31 00:00:00,1.42791,1.44237,1.42728,1.43900,68730
2011-06-01 00:00:00,1.43894,1.44582,1.43232,1.43371,73315
2011-06-02 00:00:00,1.43375,1.45136,1.43073,1.44934,73146
2011-06-03 00:00:00,1.44930,1.46423,1.44508,1.46323,70457
2011-06-06 00:00:00,1.46103,1.46577,1.45570,1.45642,63616
2011-06-07 00:00:00,1.45635,1.46960,1.45626,1.46820,63472
2011-06-08 00:00:00,1.46819,1.46938,1.45663,1.45710,65330
2011-06-09 00:00:00,1.45713,1.46457,1.44774,1.45117,67680
2011-06-10 00:00:00,1.45117,1.45504,1.43218,1.43522,65343
2011-06-13 00:00:00,1.43183,1.44298,1.43183,1.44133,61090
2011-06-14 00:00:00,1.44135,1.44971,1.43782,1.44500,59899
2011-06-15 00:00:00,1.44495,1.44558,1.41559,1.41711,68123
2011-06-16 00:00:00,1.41709,1.42039,1.40732,1.41835,88306
2011-06-17 00:00:00,1.41833,1.43389,1.41270,1.43065,81246
2011-06-20 00:00:00,1.42667,1.43273,1.41907,1.42999,67956
2011-06-21 00:00:00,1.42995,1.44222,1.42980,1.44051,64574
2011-06-22 00:00:00,1.44052,1.44415,1.43439,1.43473,72228
2011-06-23 00:00:00,1.43468,1.43577,1.41262,1.42577,75755
2011-06-24 00:00:00,1.42573,1.43059,1.41414,1.41689,73245
2011-06-27 00:00:00,1.42108,1.42936,1.41023,1.42769,70631
2011-06-28 00:00:00,1.42769,1.43967,1.42369,1.43635,71775
2011-06-29 00:00:00,1.43635,1.44477,1.43381,1.44308,72512
2011-06-30 00:00:00,1.44306,1.45375,1.44267,1.45031,63888
2011-07-01 00:00:00,1.45031,1.45517,1.44361,1.45100,64564
2011-07-04 00:00:00,1.45327,1.45773,1.44951,1.45313,51898
2011-07-05 00:00:00,1.45315,1.45529,1.43961,1.44210,58871
2011-07-06 00:00:00,1.44208,1.44661,1.42856,1.43101,62528
2011-07-07 00:00:00,1.43098,1.43739,1.42208,1.43500,63003
2011-07-08 00:00:00,1.43500,1.43694,1.42054,1.42594,68958
2011-07-11 00:00:00,1.42452,1.42493,1.39861,1.40123,72774
2011-07-12 00:00:00,1.40125,1.40620,1.38369,1.39752,104479
2011-07-13 00:00:00,1.39754,1.41920,1.39510,1.41418,87658
2011-07-14 00:00:00,1.41418,1.42818,1.41151,1.41304,99398
2011-07-15 00:00:00,1.41302,1.41988,1.40919,1.41341,75243
2011-07-18 00:00:00,1.41174,1.41340,1.40140,1.41110,73422
2011-07-19 00:00:00,1.41110,1.42168,1.40683,1.41397,76436
2011-07-20 00:00:00,1.41397,1.42392,1.41329,1.42246,64291
2011-07-21 00:00:00,1.42246,1.44166,1.41385,1.43781,83626
2011-07-22 00:00:00,1.43786,1.44380,1.43236,1.43676,65952
2011-07-25 00:00:00,1.43823,1.44168,1.43246,1.43720,65547
2011-07-26 00:00:00,1.43718,1.45252,1.43570,1.45139,66534
2011-07-27 00:00:00,1.45145,1.45358,1.43386,1.43721,66072
2011-07-28 00:00:00,1.43719,1.44000,1.42533,1.43079,68169
2011-07-29 00:00:00,1.43079,1.44129,1.42292,1.43701,83121
2011-08-01 00:00:00,1.43973,1.44530,1.41844,1.42566,80202
2011-08-02 00:00:00,1.42564,1.42826,1.41508,1.42095,84767
2011-08-03 00:00:00,1.42099,1.43440,1.41428,1.43183,92272
2011-08-04 00:00:00,1.43179,1.43714,1.41108,1.41216,102598
2011-08-05 00:00:00,1.41213,1.42974,1.40546,1.42800,118675
2011-08-08 00:00:00,1.44048,1.44309,1.41291,1.42084,122950
2011-08-09 00:00:00,1.42082,1.43466,1.41520,1.43361,136005
2011-08-10 00:00:00,1.43363,1.44009,1.41613,1.41805,104831
2011-08-11 00:00:00,1.41801,1.42936,1.41031,1.42291,114079
2011-08-12 00:00:00,1.42289,1.42911,1.41494,1.42500,85898
2011-08-15 00:00:00,1.42642,1.44768,1.42508,1.44407,66483
2011-08-16 00:00:00,1.44402,1.44721,1.43540,1.44087,76283
2011-08-17 00:00:00,1.44089,1.45169,1.43243,1.44355,73281
2011-08-18 00:00:00,1.44357,1.44517,1.42708,1.43372,77364
2011-08-19 00:00:00,1.43373,1.44520,1.42585,1.43958,79773
2011-08-22 00:00:00,1.43781,1.44340,1.43469,1.43627,59702
2011-08-23 00:00:00,1.43630,1.44997,1.43533,1.44408,64242
2011-08-24 00:00:00,1.44411,1.44811,1.43792,1.44198,65684
2011-08-25 00:00:00,1.44196,1.44745,1.43275,1.43873,62223
2011-08-26 00:00:00,1.43871,1.45012,1.43284,1.44956,70894
2011-08-29 00:00:00,1.44951,1.45487,1.44655,1.45102,52653
2011-08-30 00:00:00,1.45102,1.45328,1.43841,1.44530,60450
2011-08-31 00:00:00,1.44532,1.44687,1.43585,1.43645,54371
2011-09-01 00:00:00,1.43643,1.43855,1.42262,1.42693,61103
2011-09-02 00:00:00,1.42696,1.42877,1.41834,1.41943,62881
2011-09-05 00:00:00,1.41579,1.41731,1.40602,1.40930,54891
2011-09-06 00:00:00,1.40929,1.42824,1.39720,1.40024,87422
2011-09-07 00:00:00,1.40027,1.41494,1.39866,1.41038,71227
2011-09-08 00:00:00,1.41037,1.41084,1.38751,1.38877,67191
2011-09-09 00:00:00,1.38875,1.39362,1.36267,1.36613,82887
2011-09-12 00:00:00,1.36000,1.36939,1.34942,1.36628,94733
2011-09-13 00:00:00,1.36631,1.37387,1.35576,1.36922,96396
2011-09-14 00:00:00,1.36926,1.37828,1.35904,1.37510,95145
2011-09-15 00:00:00,1.37514,1.39366,1.37032,1.38849,81118
2011-09-16 00:00:00,1.38851,1.38936,1.37532,1.37952,72341
2011-09-19 00:00:00,1.37089,1.37206,1.35864,1.36874,79289
2011-09-20 00:00:00,1.36876,1.37446,1.35931,1.36703,82908
2011-09-21 00:00:00,1.36705,1.37969,1.35877,1.35934,91853
2011-09-22 00:00:00,1.35932,1.36105,1.33840,1.34748,110236
2011-09-23 00:00:00,1.34750,1.35668,1.34183,1.35206,101293
2011-09-26 00:00:00,1.35175,1.35500,1.33621,1.35104,107663
2011-09-27 00:00:00,1.35106,1.36680,1.34789,1.35948,90787
2011-09-28 00:00:00,1.35945,1.36897,1.35325,1.35482,82516
2011-09-29 00:00:00,1.35476,1.36788,1.35194,1.35887,90753
2011-09-30 00:00:00,1.35884,1.36008,1.33943,1.33964,80403
2011-10-03 00:00:00,1.33388,1.33809,1.31915,1.32045,85046
2011-10-04 00:00:00,1.32048,1.33209,1.31450,1.33181,91907
2011-10-05 00:00:00,1.33181,1.33834,1.32600,1.33448,93689
2011-10-06 00:00:00,1.33448,1.34504,1.32414,1.34485,89523
2011-10-07 00:00:00,1.34480,1.35243,1.33607,1.33871,79153
2011-10-10 00:00:00,1.33581,1.36979,1.33521,1.36507,69782
2011-10-11 00:00:00,1.36504,1.36834,1.35625,1.36793,70110
2011-10-12 00:00:00,1.36788,1.38333,1.35822,1.37899,76660
2011-10-13 00:00:00,1.37898,1.38260,1.36849,1.37857,75478
2011-10-14 00:00:00,1.37857,1.38938,1.37225,1.38756,73855
2011-10-17 00:00:00,1.38620,1.39139,1.37304,1.37441,71886
2011-10-18 00:00:00,1.37445,1.38170,1.36524,1.37537,83418
2011-10-19 00:00:00,1.37538,1.38688,1.37248,1.37510,84060
2011-10-20 00:00:00,1.37507,1.38425,1.36558,1.37830,94022
2011-10-21 00:00:00,1.37826,1.39003,1.37036,1.38943,77422
2011-10-24 00:00:00,1.38463,1.39562,1.38216,1.39258,73869
2011-10-25 00:00:00,1.39259,1.39598,1.38487,1.38991,81750
2011-10-26 00:00:00,1.38993,1.39751,1.37975,1.39027,82788
2011-10-27 00:00:00,1.39027,1.42467,1.38640,1.41853,87466
2011-10-28 00:00:00,1.41855,1.42002,1.41333,1.41565,68401
2011-10-31 00:00:00,1.41454,1.41711,1.38280,1.38360,85581
2011-11-01 00:00:00,1.38363,1.38707,1.36078,1.36929,99427
2011-11-02 00:00:00,1.36928,1.38282,1.36362,1.37344,91023
2011-11-03 00:00:00,1.37345,1.38547,1.36562,1.38122,106296
2011-11-04 00:00:00,1.38122,1.38686,1.37107,1.37688,82665
2011-11-07 00:00:00,1.37705,1.38384,1.36811,1.37754,82032
2011-11-08 00:00:00,1.37754,1.38467,1.37241,1.38422,71150
2011-11-09 00:00:00,1.38417,1.38584,1.35230,1.35376,84070
2011-11-10 00:00:00,1.35378,1.36526,1.34836,1.35803,89032
2011-11-11 00:00:00,1.35806,1.37948,1.35763,1.37480,74836
2011-11-14 00:00:00,1.38077,1.38135,1.35913,1.36132,77435
2011-11-15 00:00:00,1.36132,1.36437,1.34959,1.35409,79236
2011-11-16 00:00:00,1.35411,1.35568,1.34284,1.35122,85299
2011-11-17 00:00:00,1.35122,1.35395,1.34212,1.34619,93938
2011-11-18 00:00:00,1.34619,1.36139,1.34466,1.35149,78164
2011-11-21 00:00:00,1.35059,1.35405,1.34298,1.34941,75063
2011-11-22 00:00:00,1.34941,1.35684,1.34688,1.35058,72828
2011-11-23 00:00:00,1.35056,1.35309,1.33196,1.33273,75931
2011-11-24 00:00:00,1.33271,1.34112,1.33157,1.33323,56638
2011-11-25 00:00:00,1.33323,1.33500,1.32119,1.32292,65234
2011-11-28 00:00:00,1.33117,1.33988,1.32672,1.33029,77004
2011-11-29 00:00:00,1.33029,1.34418,1.32854,1.33305,74327
2011-11-30 00:00:00,1.33305,1.35331,1.32589,1.34350,84752
2011-12-01 00:00:00,1.34350,1.35209,1.34169,1.34563,72895
2011-12-02 00:00:00,1.34564,1.35483,1.33628,1.34041,66538
2011-12-05 00:00:00,1.34063,1.34861,1.33777,1.33988,63075
2011-12-06 00:00:00,1.33986,1.34275,1.33328,1.34099,66893
2011-12-07 00:00:00,1.34098,1.34532,1.33504,1.33950,59986
2011-12-08 00:00:00,1.33950,1.34592,1.32886,1.33382,66437
2011-12-09 00:00:00,1.33380,1.34333,1.32811,1.33710,72116
2011-12-12 00:00:00,1.33658,1.33868,1.31625,1.31866,62940
2011-12-13 00:00:00,1.31867,1.32364,1.30222,1.30372,69532
2011-12-14 00:00:00,1.30372,1.30641,1.29451,1.29750,69133
2011-12-15 00:00:00,1.29747,1.30495,1.29567,1.30115,64487
2011-12-16 00:00:00,1.30115,1.30840,1.29946,1.30242,56123
2011-12-19 00:00:00,1.30291,1.30483,1.29824,1.30179,49629
2011-12-20 00:00:00,1.30179,1.31314,1.29877,1.30748,48595
2011-12-21 00:00:00,1.30746,1.31974,1.30238,1.30411,59355
2011-12-22 00:00:00,1.30411,1.31187,1.30166,1.30446,49908
2011-12-23 00:00:00,1.30443,1.30961,1.30251,1.30449,39145
2011-12-26 00:00:00,1.30304,1.30818,1.30304,1.30626,23394
2011-12-27 00:00:00,1.30633,1.30829,1.30426,1.30690,32735
2011-12-28 00:00:00,1.30694,1.30797,1.29109,1.29376,40545
2011-12-29 00:00:00,1.29378,1.29591,1.28574,1.29366,52794
2011-12-30 00:00:00,1.29372,1.29987,1.29023,1.29709,45912
2012-01-02 00:00:00,1.29220,1.29706,1.29167,1.29278,21748
2012-01-03 00:00:00,1.29277,1.30766,1.29212,1.30558,50575
2012-01-04 00:00:00,1.30556,1.30725,1.28970,1.29366,49353
2012-01-05 00:00:00,1.29368,1.29491,1.27760,1.27852,62346
2012-01-06 00:00:00,1.27852,1.28122,1.26967,1.27227,53935
2012-01-09 00:00:00,1.26830,1.27850,1.26656,1.27551,52799
2012-01-10 00:00:00,1.27551,1.28178,1.27423,1.27889,51962
2012-01-11 00:00:00,1.27881,1.27925,1.26607,1.26961,57833
2012-01-12 00:00:00,1.26965,1.28447,1.26955,1.28282,54826
2012-01-13 00:00:00,1.28282,1.28781,1.26236,1.26669,68166
2012-01-16 00:00:00,1.26391,1.26873,1.26255,1.26652,50400
2012-01-17 00:00:00,1.26650,1.28086,1.26489,1.27219,54803
2012-01-18 00:00:00,1.27215,1.28636,1.27171,1.28370,62972
2012-01-19 00:00:00,1.28376,1.29476,1.28376,1.29343,57969
2012-01-20 00:00:00,1.29347,1.29858,1.28867,1.29218,51479
2012-01-23 00:00:00,1.28847,1.30522,1.28506,1.30153,53712
2012-01-24 00:00:00,1.30151,1.30624,1.29532,1.30215,58157
2012-01-25 00:00:00,1.30215,1.31030,1.29305,1.30845,58251
2012-01-26 00:00:00,1.30840,1.31838,1.30724,1.31078,57437
2012-01-27 00:00:00,1.31076,1.32196,1.30774,1.32065,62838
2012-01-30 00:00:00,1.32202,1.32330,1.30764,1.31241,51462
2012-01-31 00:00:00,1.31238,1.32136,1.30413,1.30831,56379
2012-02-01 00:00:00,1.30831,1.32180,1.30256,1.31580,61549
2012-02-02 00:00:00,1.31580,1.31962,1.30851,1.31409,59911
2012-02-03 00:00:00,1.31409,1.32055,1.30656,1.31508,59683
2012-02-06 00:00:00,1.31106,1.31411,1.30273,1.31246,57971
2012-02-07 00:00:00,1.31254,1.32699,1.30889,1.32479,60455
2012-02-08 00:00:00,1.32479,1.32881,1.32208,1.32501,55074
2012-02-09 00:00:00,1.32501,1.33213,1.32145,1.32892,66155
2012-02-10 00:00:00,1.32887,1.32944,1.31551,1.31701,51534
2012-02-13 00:00:00,1.32029,1.32837,1.31980,1.32031,50642
2012-02-14 00:00:00,1.32028,1.32155,1.30796,1.30935,55171
2012-02-15 00:00:00,1.30935,1.31902,1.30434,1.30622,61775
2012-02-16 00:00:00,1.30619,1.31460,1.29739,1.31406,62363
2012-02-17 00:00:00,1.31407,1.31973,1.31146,1.31590,49505
2012-02-20 00:00:00,1.31784,1.32763,1.31726,1.32378,43705
2012-02-21 00:00:00,1.32380,1.32928,1.31865,1.32454,62790
2012-02-22 00:00:00,1.32455,1.32666,1.32108,1.32436,57527
2012-02-23 00:00:00,1.32438,1.33422,1.32309,1.33348,49544
2012-02-24 00:00:00,1.33350,1.34858,1.33346,1.34587,48174
2012-02-27 00:00:00,1.34517,1.34794,1.33658,1.33959,51798
2012-02-28 00:00:00,1.33961,1.34683,1.33888,1.34583,50330
2012-02-29 00:00:00,1.34583,1.34851,1.33335,1.33393,59409
2012-03-01 00:00:00,1.33393,1.33559,1.32818,1.33143,53537
2012-03-02 00:00:00,1.33143,1.33323,1.31867,1.32050,47769
2012-03-05 00:00:00,1.31866,1.32409,1.31599,1.32251,46524
2012-03-06 00:00:00,1.32249,1.32261,1.31029,1.31050,48658
2012-03-07 00:00:00,1.31052,1.31639,1.30959,1.31494,48819
2012-03-08 00:00:00,1.31494,1.32821,1.31341,1.32709,52471
2012-03-09 00:00:00,1.32709,1.32907,1.30962,1.31057,52320
2012-03-12 00:00:00,1.31094,1.31562,1.30784,1.31473,42438
2012-03-13 00:00:00,1.31473,1.31910,1.30518,1.30716,50641
2012-03-14 00:00:00,1.30715,1.30899,1.30105,1.30248,49132
2012-03-15 00:00:00,1.30245,1.31191,1.30037,1.30820,49704
2012-03-16 00:00:00,1.30820,1.31867,1.30487,1.31655,45928
2012-03-19 00:00:00,1.31763,1.32650,1.31415,1.32376,38182
2012-03-20 00:00:00,1.32376,1.32518,1.31716,1.32213,42490
2012-03-21 00:00:00,1.32213,1.32847,1.31784,1.32078,45158
2012-03-22 00:00:00,1.32080,1.32542,1.31336,1.31868,50635
2012-03-23 00:00:00,1.31871,1.32929,1.31850,1.32672,49913
2012-03-26 00:00:00,1.32673,1.33672,1.31916,1.33582,44554
2012-03-27 00:00:00,1.33579,1.33850,1.33170,1.33200,42004
2012-03-28 00:00:00,1.33202,1.33732,1.32771,1.33211,51022
2012-03-29 00:00:00,1.33209,1.33454,1.32516,1.32941,51223
2012-03-30 00:00:00,1.32939,1.33761,1.32932,1.33363,49020
2012-04-02 00:00:00,1.33597,1.33800,1.32780,1.33282,44140
2012-04-03 00:00:00,1.33280,1.33671,1.32130,1.32326,51475
2012-04-04 00:00:00,1.32326,1.32389,1.31068,1.31377,54071
2012-04-05 00:00:00,1.31380,1.31640,1.30348,1.30644,43938
2012-04-06 00:00:00,1.30644,1.31122,1.30452,1.30983,28596
2012-04-09 00:00:00,1.31000,1.31335,1.30328,1.31128,30074
2012-04-10 00:00:00,1.31127,1.31441,1.30531,1.30802,51765
2012-04-11 00:00:00,1.30800,1.31566,1.30661,1.31052,50499
2012-04-12 00:00:00,1.31052,1.32123,1.31016,1.31877,49350
2012-04-13 00:00:00,1.31875,1.32007,1.30691,1.30730,46114
2012-04-16 00:00:00,1.30665,1.31475,1.29944,1.31364,53644
2012-04-17 00:00:00,1.31363,1.31722,1.30899,1.31263,45999
2012-04-18 00:00:00,1.31262,1.31410,1.30574,1.31151,47299
2012-04-19 00:00:00,1.31152,1.31654,1.30689,1.31349,51322
2012-04-20 00:00:00,1.31348,1.32243,1.31284,1.32100,42549
2012-04-23 00:00:00,1.31817,1.32098,1.31042,1.31511,42623
2012-04-24 00:00:00,1.31510,1.32179,1.31444,1.31863,39025
2012-04-25 00:00:00,1.31864,1.32361,1.31730,1.32202,44954
2012-04-26 00:00:00,1.32198,1.32627,1.31980,1.32381,38694
2012-04-27 00:00:00,1.32379,1.32698,1.31571,1.32367,48936
2012-04-30 00:00:00,1.32323,1.32663,1.32077,1.32370,37242
2012-05-01 00:00:00,1.32368,1.32831,1.32039,1.32387,28438
2012-05-02 00:00:00,1.32386,1.32408,1.31224,1.31550,39469
2012-05-03 00:00:00,1.31552,1.31801,1.30951,1.31512,36784
2012-05-04 00:00:00,1.31513,1.31780,1.30800,1.30885,37984
2012-05-07 00:00:00,1.30140,1.30644,1.29548,1.30562,50554
2012-05-08 00:00:00,1.30561,1.30651,1.29822,1.30119,45471
2012-05-09 00:00:00,1.30118,1.30134,1.29112,1.29471,52295
2012-05-10 00:00:00,1.29470,1.29789,1.29220,1.29424,44749
2012-05-11 00:00:00,1.29423,1.29571,1.29046,1.29220,46048
2012-05-14 00:00:00,1.29060,1.29073,1.28248,1.28362,45131
2012-05-15 00:00:00,1.28360,1.28688,1.27213,1.27284,47160
2012-05-16 00:00:00,1.27283,1.27587,1.26809,1.27087,55440
2012-05-17 00:00:00,1.27085,1.27489,1.26665,1.27035,52448
2012-05-18 00:00:00,1.27036,1.27856,1.26418,1.27748,55718
2012-05-21 00:00:00,1.27815,1.28239,1.27249,1.28174,48612
2012-05-22 00:00:00,1.28172,1.28200,1.26576,1.26797,46361
2012-05-23 00:00:00,1.26795,1.26890,1.25449,1.26012,62520
2012-05-24 00:00:00,1.26011,1.26199,1.25154,1.25318,60020
2012-05-25 00:00:00,1.25319,1.26022,1.24959,1.25117,51040
2012-05-28 00:00:00,1.25540,1.26241,1.25245,1.25373,38943
2012-05-29 00:00:00,1.25374,1.25743,1.24606,1.24984,46960
2012-05-30 00:00:00,1.24985,1.25098,1.23610,1.23669,51942
2012-05-31 00:00:00,1.23667,1.24282,1.23360,1.23654,53640
2012-06-01 00:00:00,1.23652,1.24572,1.22879,1.24198,64376
2012-06-04 00:00:00,1.24164,1.25093,1.23856,1.24965,50514
2012-06-05 00:00:00,1.24964,1.25419,1.24098,1.24528,50700
2012-06-06 00:00:00,1.24529,1.25832,1.24405,1.25752,54446
2012-06-07 00:00:00,1.25753,1.26250,1.25396,1.25641,58846
2012-06-08 00:00:00,1.25643,1.25744,1.24353,1.25000,55007
2012-06-11 00:00:00,1.26190,1.26683,1.24803,1.24838,60084
2012-06-12 00:00:00,1.24839,1.25287,1.24422,1.25051,55639
2012-06-13 00:00:00,1.25052,1.26100,1.24734,1.25712,52768
2012-06-14 00:00:00,1.25710,1.26343,1.25419,1.26175,53587
2012-06-15 00:00:00,1.26176,1.26594,1.25917,1.26575,43564
2012-06-18 00:00:00,1.26850,1.27474,1.25569,1.25768,61409
2012-06-19 00:00:00,1.25769,1.27302,1.25683,1.26835,50011
2012-06-20 00:00:00,1.26836,1.27428,1.26373,1.26824,56410
2012-06-21 00:00:00,1.26825,1.27070,1.25312,1.25466,58194
2012-06-22 00:00:00,1.25467,1.25830,1.25191,1.25619,50593
2012-06-25 00:00:00,1.25430,1.25590,1.24707,1.25026,40104
2012-06-26 00:00:00,1.25024,1.25301,1.24410,1.24947,47029
2012-06-27 00:00:00,1.24948,1.25080,1.24450,1.24664,40610
2012-06-28 00:00:00,1.24663,1.25239,1.24069,1.24458,48175
2012-06-29 00:00:00,1.24459,1.26924,1.24324,1.26554,63769
2012-07-02 00:00:00,1.26707,1.26803,1.25677,1.25861,44589
2012-07-03 00:00:00,1.25862,1.26269,1.25589,1.26061,37556
2012-07-04 00:00:00,1.26062,1.26087,1.25076,1.25354,31427
2012-07-05 00:00:00,1.25357,1.25382,1.23633,1.23874,48641
2012-07-06 00:00:00,1.23876,1.24010,1.22598,1.22816,44635
2012-07-09 00:00:00,1.22522,1.23239,1.22512,1.23146,42903
2012-07-10 00:00:00,1.23145,1.23334,1.22349,1.22512,39168
2012-07-11 00:00:00,1.22513,1.22966,1.22124,1.22427,41323
2012-07-12 00:00:00,1.22426,1.22482,1.21661,1.22034,41006
2012-07-13 00:00:00,1.22033,1.22562,1.21619,1.22402,40885
2012-07-16 00:00:00,1.22610,1.22900,1.21751,1.22758,35795
2012-07-17 00:00:00,1.22759,1.23166,1.21886,1.22868,42864
2012-07-18 00:00:00,1.22867,1.23062,1.22165,1.22835,42877
2012-07-19 00:00:00,1.22836,1.23233,1.22290,1.22771,45287
2012-07-20 00:00:00,1.22770,1.22828,1.21438,1.21576,41938
2012-07-23 00:00:00,1.21108,1.21440,1.20662,1.21341,48300
2012-07-24 00:00:00,1.21342,1.21396,1.20416,1.20698,45942
2012-07-25 00:00:00,1.20694,1.21693,1.20529,1.21547,51192
2012-07-26 00:00:00,1.21546,1.23287,1.21172,1.22857,50934
2012-07-27 00:00:00,1.22855,1.23893,1.22418,1.23002,56268
2012-07-30 00:00:00,1.23061,1.23102,1.22252,1.22586,40517
2012-07-31 00:00:00,1.22585,1.23298,1.22488,1.23034,41983
2012-08-01 00:00:00,1.23036,1.23357,1.22176,1.22228,41905
2012-08-02 00:00:00,1.22227,1.24022,1.21334,1.21789,60330
2012-08-03 00:00:00,1.21790,1.23919,1.21663,1.23801,46101
2012-08-06 00:00:00,1.23878,1.24430,1.23414,1.23948,42108
2012-08-07 00:00:00,1.23943,1.24414,1.23756,1.23972,39012
2012-08-08 00:00:00,1.23974,1.24034,1.23266,1.23583,38597
2012-08-09 00:00:00,1.23584,1.23869,1.22665,1.22970,39633
2012-08-10 00:00:00,1.22968,1.23163,1.22411,1.22931,37630
2012-08-13 00:00:00,1.22890,1.23730,1.22606,1.23362,33609
2012-08-14 00:00:00,1.23361,1.23852,1.23168,1.23246,35458
2012-08-15 00:00:00,1.23245,1.23432,1.22639,1.22854,33038
2012-08-16 00:00:00,1.22856,1.23723,1.22557,1.23545,35859
2012-08-17 00:00:00,1.23544,1.23816,1.22882,1.23341,34870
2012-08-20 00:00:00,1.23443,1.23681,1.22949,1.23483,35080
2012-08-21 00:00:00,1.23481,1.24871,1.23420,1.24624,35688
2012-08-22 00:00:00,1.24623,1.25379,1.24308,1.25212,41029
2012-08-23 00:00:00,1.25210,1.25891,1.25133,1.25598,41603
2012-08-24 00:00:00,1.25599,1.25682,1.24813,1.25109,38292
2012-08-27 00:00:00,1.25092,1.25353,1.24896,1.24981,28286
2012-08-28 00:00:00,1.24979,1.25762,1.24650,1.25678,34245
2012-08-29 00:00:00,1.25676,1.25730,1.25185,1.25293,31902
2012-08-30 00:00:00,1.25292,1.25633,1.24869,1.25081,32123
2012-08-31 00:00:00,1.25080,1.26373,1.24933,1.25770,45287
2012-09-03 00:00:00,1.25611,1.26106,1.25599,1.25927,27040
2012-09-04 00:00:00,1.25924,1.26273,1.25548,1.25626,34591
2012-09-05 00:00:00,1.25627,1.26240,1.25014,1.25937,42171
2012-09-06 00:00:00,1.25936,1.26510,1.25611,1.26359,44606
2012-09-07 00:00:00,1.26360,1.28080,1.26261,1.28043,39906
2012-09-10 00:00:00,1.28088,1.28117,1.27558,1.27581,31659
2012-09-11 00:00:00,1.27580,1.28707,1.27544,1.28570,38632
2012-09-12 00:00:00,1.28574,1.29360,1.28157,1.28907,44372
2012-09-13 00:00:00,1.28908,1.30014,1.28473,1.29888,47557
2012-09-14 00:00:00,1.29885,1.31684,1.29797,1.31190,45959
2012-09-17 00:00:00,1.31152,1.31714,1.30830,1.31077,39615
2012-09-18 00:00:00,1.31071,1.31205,1.30290,1.30366,41000
2012-09-19 00:00:00,1.30369,1.30846,1.29928,1.30537,43968
2012-09-20 00:00:00,1.30530,1.30586,1.29188,1.29672,48067
2012-09-21 00:00:00,1.29674,1.30474,1.29553,1.29850,47508
2012-09-24 00:00:00,1.29693,1.29902,1.28907,1.29256,39206
2012-09-25 00:00:00,1.29257,1.29703,1.28860,1.29029,42381
2012-09-26 00:00:00,1.29028,1.29126,1.28349,1.28655,40634
2012-09-27 00:00:00,1.28653,1.29278,1.28287,1.29103,44528
2012-09-28 00:00:00,1.29104,1.29592,1.28384,1.28512,45320
2012-10-01 00:00:00,1.28467,1.29383,1.28034,1.28874,44513
2012-10-02 00:00:00,1.28877,1.29674,1.28799,1.29176,40121
2012-10-03 00:00:00,1.29177,1.29367,1.28768,1.29022,38664
2012-10-04 00:00:00,1.29021,1.30311,1.28969,1.30187,44240
2012-10-05 00:00:00,1.30180,1.30710,1.29937,1.30280,37030
2012-10-08 00:00:00,1.30260,1.30266,1.29374,1.29699,33760
2012-10-09 00:00:00,1.29701,1.29903,1.28585,1.28691,39341
2012-10-10 00:00:00,1.28690,1.29130,1.28349,1.28995,41082
2012-10-11 00:00:00,1.28996,1.29510,1.28250,1.29275,43869
2012-10-12 00:00:00,1.29279,1.29909,1.29216,1.29549,37846
2012-10-15 00:00:00,1.29431,1.29784,1.28903,1.29534,38001
2012-10-16 00:00:00,1.29532,1.30603,1.29424,1.30499,37031
2012-10-17 00:00:00,1.30500,1.31390,1.30498,1.31210,40288
2012-10-18 00:00:00,1.31209,1.31283,1.30552,1.30711,38618
2012-10-19 00:00:00,1.30705,1.30765,1.30127,1.30201,35729
2012-10-22 00:00:00,1.30178,1.30830,1.30154,1.30565,34342
2012-10-23 00:00:00,1.30560,1.30751,1.29517,1.29797,35240
2012-10-24 00:00:00,1.29796,1.29962,1.29200,1.29594,39709
2012-10-25 00:00:00,1.29593,1.30227,1.29408,1.29457,39473
2012-10-26 00:00:00,1.29455,1.29558,1.28822,1.29349,41923
2012-10-29 00:00:00,1.29478,1.29499,1.28848,1.29012,28318
2012-10-30 00:00:00,1.29011,1.29831,1.28857,1.29588,27541
2012-10-31 00:00:00,1.29589,1.30202,1.29460,1.29605,33593
2012-11-01 00:00:00,1.29606,1.29820,1.29244,1.29400,33140
2012-11-02 00:00:00,1.29401,1.29505,1.28211,1.28304,39303
2012-11-05 00:00:00,1.28158,1.28421,1.27670,1.27895,32782
2012-11-06 00:00:00,1.27896,1.28261,1.27631,1.28165,34690
2012-11-07 00:00:00,1.28167,1.28759,1.27360,1.27663,48245
2012-11-08 00:00:00,1.27665,1.27806,1.27167,1.27483,43964
2012-11-09 00:00:00,1.27484,1.27895,1.26897,1.27118,42584
2012-11-12 00:00:00,1.27040,1.27386,1.26972,1.27128,30484
2012-11-13 00:00:00,1.27124,1.27277,1.26614,1.27047,38193
2012-11-14 00:00:00,1.27049,1.27783,1.26999,1.27450,37338
2012-11-15 00:00:00,1.27448,1.28015,1.27171,1.27732,35347
2012-11-16 00:00:00,1.27730,1.27841,1.26903,1.27268,35268
2012-11-19 00:00:00,1.27426,1.28195,1.27384,1.28078,30657
2012-11-20 00:00:00,1.28079,1.28290,1.27644,1.28062,39339
2012-11-21 00:00:00,1.28064,1.28330,1.27360,1.28236,37376
2012-11-22 00:00:00,1.28237,1.28984,1.28203,1.28821,31426
2012-11-23 00:00:00,1.28819,1.29901,1.28682,1.29696,33549
2012-11-26 00:00:00,1.29583,1.29842,1.29438,1.29625,31015
2012-11-27 00:00:00,1.29623,1.30085,1.29150,1.29327,38837
2012-11-28 00:00:00,1.29325,1.29454,1.28797,1.29303,34995
2012-11-29 00:00:00,1.29302,1.30132,1.29286,1.29720,33433
2012-11-30 00:00:00,1.29722,1.30272,1.29679,1.29974,35744
2012-12-03 00:00:00,1.29756,1.30752,1.29737,1.30579,32869
2012-12-04 00:00:00,1.30578,1.31078,1.30455,1.30984,34109
2012-12-05 00:00:00,1.30983,1.31261,1.30598,1.30785,32478
2012-12-06 00:00:00,1.30786,1.30861,1.29501,1.29627,34997
2012-12-07 00:00:00,1.29628,1.29723,1.28766,1.29257,35204
2012-12-10 00:00:00,1.28846,1.29422,1.28829,1.29379,28743
2012-12-11 00:00:00,1.29381,1.30142,1.29285,1.30031,29981
2012-12-12 00:00:00,1.30032,1.30967,1.29955,1.30806,29904
2012-12-13 00:00:00,1.30807,1.30997,1.30406,1.30744,32897
2012-12-14 00:00:00,1.30746,1.31726,1.30660,1.31583,33197
2012-12-17 00:00:00,1.31671,1.31875,1.31438,1.31593,34451
2012-12-18 00:00:00,1.31597,1.32377,1.31551,1.32191,25301
2012-12-19 00:00:00,1.32192,1.33078,1.32182,1.32454,30927
2012-12-20 00:00:00,1.32455,1.32947,1.31883,1.32398,36642
2012-12-21 00:00:00,1.32397,1.32521,1.31583,1.31748,42868
2012-12-24 00:00:00,1.31798,1.32330,1.31658,1.31923,23211
2012-12-25 00:00:00,1.31922,1.32058,1.31695,1.31889,10338
2012-12-26 00:00:00,1.31887,1.32538,1.31700,1.32194,23399
2012-12-27 00:00:00,1.32193,1.32833,1.32012,1.32369,32180
2012-12-28 00:00:00,1.32370,1.32561,1.31657,1.32216,34773
2012-12-31 00:00:00,1.32017,1.32342,1.31717,1.31849,27278
2013-01-02 00:00:00,1.32651,1.32935,1.31561,1.31753,34050
2013-01-03 00:00:00,1.31754,1.31901,1.30573,1.30609,39295
2013-01-04 00:00:00,1.30610,1.30765,1.29972,1.30712,42975
2013-01-07 00:00:00,1.30852,1.31190,1.30165,1.31115,39398
2013-01-08 00:00:00,1.31117,1.31394,1.30560,1.30822,40575
2013-01-09 00:00:00,1.30823,1.30955,1.30365,1.30540,38371
2013-01-10 00:00:00,1.30539,1.32654,1.30384,1.32521,41496
2013-01-11 00:00:00,1.32522,1.33649,1.32479,1.33389,48157
2013-01-14 00:00:00,1.33559,1.34034,1.33359,1.33789,39337
2013-01-15 00:00:00,1.33790,1.33939,1.32637,1.32973,49691
2013-01-16 00:00:00,1.32975,1.33244,1.32564,1.32892,49897
2013-01-17 00:00:00,1.32891,1.33869,1.32696,1.33849,46193
2013-01-18 00:00:00,1.33848,1.33979,1.32800,1.33202,48541
2013-01-19 00:00:00,1.33204,1.33206,1.33204,1.33205,4
2013-01-21 00:00:00,1.33060,1.33318,1.32997,1.33165,29120
2013-01-22 00:00:00,1.33161,1.33709,1.32668,1.33172,46589
2013-01-23 00:00:00,1.33171,1.33542,1.32644,1.33200,38836
2013-01-24 00:00:00,1.33201,1.33922,1.32859,1.33716,43517
2013-01-25 00:00:00,1.33715,1.34786,1.33493,1.34638,48422
2013-01-26 00:00:00,1.34640,1.34670,1.34475,1.34626,3126
2013-01-28 00:00:00,1.34506,1.34767,1.34245,1.34554,38278
2013-01-29 00:00:00,1.34555,1.34966,1.34139,1.34865,39337
2013-01-30 00:00:00,1.34865,1.35870,1.34816,1.35663,42287
2013-01-31 00:00:00,1.35665,1.35934,1.35410,1.35741,37176
2013-02-01 00:00:00,1.35742,1.37105,1.35714,1.36619,50265
2013-02-02 00:00:00,1.36616,1.36657,1.36388,1.36389,2504
2013-02-03 00:00:00,1.36389,1.36448,1.36378,1.36427,570
2013-02-04 00:00:00,1.36411,1.36596,1.35049,1.35183,41197
2013-02-05 00:00:00,1.35184,1.35962,1.34581,1.35842,49109
2013-02-06 00:00:00,1.35848,1.35956,1.34935,1.35243,47811
2013-02-07 00:00:00,1.35244,1.35768,1.33702,1.34029,50192
2013-02-08 00:00:00,1.34026,1.34286,1.33531,1.33621,45679
2013-02-09 00:00:00,1.33620,1.33714,1.33547,1.33547,1969
2013-02-10 00:00:00,1.33559,1.33628,1.33232,1.33582,4300
2013-02-11 00:00:00,1.33548,1.34270,1.33458,1.33882,38084
2013-02-12 00:00:00,1.33896,1.34751,1.33637,1.34410,46697
2013-02-13 00:00:00,1.34411,1.35194,1.34258,1.34483,41738
2013-02-14 00:00:00,1.34482,1.34553,1.33148,1.33460,40966
2013-02-15 00:00:00,1.33461,1.33928,1.33060,1.33543,47063
2013-02-16 00:00:00,1.33542,1.33681,1.33541,1.33597,2177
2013-02-17 00:00:00,1.33579,1.33653,1.33419,1.33488,1750
2013-02-18 00:00:00,1.33461,1.33788,1.33212,1.33503,33450
2013-02-19 00:00:00,1.33504,1.33953,1.33286,1.33880,39682
2013-02-20 00:00:00,1.33879,1.34337,1.32740,1.32833,48913
2013-02-21 00:00:00,1.32833,1.32891,1.31610,1.31699,48628
2013-02-22 00:00:00,1.31698,1.32443,1.31448,1.31788,45371
2013-02-23 00:00:00,1.31788,1.31920,1.31757,1.31901,3374
2013-02-24 00:00:00,1.31745,1.32375,1.31670,1.32306,9695
2013-02-25 00:00:00,1.32305,1.33182,1.30787,1.31210,65661
2013-02-26 00:00:00,1.31207,1.31228,1.30180,1.30533,73674
2013-02-27 00:00:00,1.30531,1.31403,1.30412,1.31256,56915
2013-02-28 00:00:00,1.31259,1.31614,1.30575,1.30624,47889
2013-03-01 00:00:00,1.30625,1.31007,1.29663,1.30177,50489
2013-03-02 00:00:00,1.30175,1.30270,1.30158,1.30235,2560
2013-03-03 00:00:00,1.30158,1.30160,1.30019,1.30121,5111
2013-03-04 00:00:00,1.30123,1.30305,1.29818,1.30229,45438
2013-03-05 00:00:00,1.30231,1.30748,1.30100,1.30412,41072
2013-03-06 00:00:00,1.30411,1.30702,1.29826,1.29944,37758
2013-03-07 00:00:00,1.29940,1.31181,1.29647,1.31079,49716
2013-03-08 00:00:00,1.31079,1.31338,1.29549,1.30020,46348
2013-03-09 00:00:00,1.30022,1.30126,1.29952,1.30042,2877
2013-03-10 00:00:00,1.29940,1.30048,1.29846,1.29865,3798
2013-03-11 00:00:00,1.29865,1.30422,1.29790,1.30359,35342
2013-03-12 00:00:00,1.30360,1.30740,1.29907,1.30313,40598
2013-03-13 00:00:00,1.30314,1.30644,1.29229,1.29560,40990
2013-03-14 00:00:00,1.29557,1.30320,1.29109,1.30055,43695
2013-03-15 00:00:00,1.30057,1.31068,1.29989,1.30593,44256
2013-03-16 00:00:00,1.30595,1.30777,1.30584,1.30750,1528
2013-03-17 00:00:00,1.29551,1.29712,1.29250,1.29338,14026
2013-03-18 00:00:00,1.29338,1.29952,1.28814,1.29299,61489
2013-03-19 00:00:00,1.29299,1.29693,1.28433,1.28871,61361
2013-03-20 00:00:00,1.28872,1.29763,1.28562,1.29413,54768
2013-03-21 00:00:00,1.29412,1.29549,1.28793,1.28940,49643
2013-03-22 00:00:00,1.28941,1.30096,1.28879,1.29840,47513
2013-03-23 00:00:00,1.29835,1.30077,1.29789,1.29855,2907
2013-03-24 00:00:00,1.29650,1.29871,1.29433,1.29471,6645
2013-03-25 00:00:00,1.29470,1.30478,1.28296,1.28521,57017
2013-03-26 00:00:00,1.28523,1.28891,1.28279,1.28579,43549
2013-03-27 00:00:00,1.28579,1.28666,1.27507,1.27722,40265
2013-03-28 00:00:00,1.27723,1.28440,1.27548,1.28181,39691
2013-03-29 00:00:00,1.28180,1.28368,1.27901,1.28196,24366
2013-03-30 00:00:00,1.28195,1.28225,1.28129,1.28129,1297
2013-03-31 00:00:00,1.28118,1.28120,1.27939,1.28050,3891
2013-04-01 00:00:00,1.28048,1.28673,1.27709,1.28457,29954
2013-04-02 00:00:00,1.28459,1.28771,1.28087,1.28149,37694
2013-04-03 00:00:00,1.28150,1.28641,1.27894,1.28465,35981
2013-04-04 00:00:00,1.28466,1.29483,1.27448,1.29369,49459
2013-04-05 00:00:00,1.29363,1.30392,1.29001,1.30086,46258
2013-04-06 00:00:00,1.30088,1.30107,1.29899,1.29899,2286
2013-04-07 00:00:00,1.29659,1.29771,1.29599,1.29725,2524
2013-04-08 00:00:00,1.29727,1.30369,1.29650,1.30035,45998
2013-04-09 00:00:00,1.30035,1.31026,1.30001,1.30817,44847
2013-04-10 00:00:00,1.30817,1.31214,1.30519,1.30678,40744
2013-04-11 00:00:00,1.30679,1.31380,1.30433,1.31014,42612
2013-04-12 00:00:00,1.31005,1.31261,1.30363,1.31022,42910
2013-04-13 00:00:00,1.31021,1.31259,1.30996,1.31079,2636
2013-04-14 00:00:00,1.30700,1.31276,1.30694,1.31121,4321
2013-04-15 00:00:00,1.31124,1.31189,1.30308,1.30325,53480
2013-04-16 00:00:00,1.30324,1.32011,1.30212,1.31811,58332
2013-04-17 00:00:00,1.31807,1.31992,1.30008,1.30279,55022
2013-04-18 00:00:00,1.30274,1.30957,1.30205,1.30509,51782
2013-04-19 00:00:00,1.30507,1.31283,1.30448,1.30589,47626
2013-04-20 00:00:00,1.30586,1.30592,1.30466,1.30504,1940
2013-04-21 00:00:00,1.30646,1.30930,1.30603,1.30832,3939
2013-04-22 00:00:00,1.30831,1.30836,1.30148,1.30613,42851
2013-04-23 00:00:00,1.30612,1.30832,1.29724,1.29994,43725
2013-04-24 00:00:00,1.29993,1.30334,1.29530,1.30156,44201
2013-04-25 00:00:00,1.30156,1.30931,1.29887,1.30028,44954
2013-04-26 00:00:00,1.30030,1.30471,1.29905,1.30333,47375
2013-04-27 00:00:00,1.30334,1.30335,1.30204,1.30204,1889
2013-04-28 00:00:00,1.30255,1.30432,1.30238,1.30397,2681
2013-04-29 00:00:00,1.30396,1.31159,1.30312,1.30977,38900
2013-04-30 00:00:00,1.30975,1.31856,1.30540,1.31690,41115
2013-05-01 00:00:00,1.31689,1.32425,1.31600,1.31840,40852
2013-05-02 00:00:00,1.31841,1.32177,1.30369,1.30652,53616
2013-05-03 00:00:00,1.30658,1.31587,1.30330,1.31170,62759
2013-05-04 00:00:00,1.31171,1.31204,1.31029,1.31029,1575
2013-05-05 00:00:00,1.31229,1.31231,1.31099,1.31144,1066
2013-05-06 00:00:00,1.31143,1.31407,1.30534,1.30731,34983
2013-05-07 00:00:00,1.30732,1.31311,1.30673,1.30767,35713
2013-05-08 00:00:00,1.30768,1.31939,1.30717,1.31548,39576
2013-05-09 00:00:00,1.31547,1.31768,1.30100,1.30314,45844
2013-05-10 00:00:00,1.30320,1.30505,1.29350,1.29840,56424
2013-05-11 00:00:00,1.29839,1.29943,1.29807,1.29891,1594
2013-05-12 00:00:00,1.29569,1.29774,1.29484,1.29664,4332
2013-05-13 00:00:00,1.29665,1.29990,1.29411,1.29687,46152
2013-05-14 00:00:00,1.29688,1.30286,1.29305,1.29355,49341
2013-05-15 00:00:00,1.29356,1.29421,1.28427,1.28781,47760
2013-05-16 00:00:00,1.28783,1.29293,1.28459,1.28763,48570
2013-05-17 00:00:00,1.28767,1.28895,1.27959,1.28266,46456
2013-05-18 00:00:00,1.28267,1.28406,1.28251,1.28384,1614
2013-05-19 00:00:00,1.28227,1.28323,1.28214,1.28317,2620
2013-05-20 00:00:00,1.28316,1.29005,1.28189,1.28885,42256
2013-05-21 00:00:00,1.28886,1.29330,1.28406,1.29053,45317
2013-05-22 00:00:00,1.29049,1.29976,1.28331,1.28538,60383
2013-05-23 00:00:00,1.28539,1.29560,1.28211,1.29379,61408
2013-05-24 00:00:00,1.29377,1.29930,1.29039,1.29350,49600
2013-05-25 00:00:00,1.29351,1.29372,1.29268,1.29298,2132
2013-05-26 00:00:00,1.29324,1.29375,1.29257,1.29343,2586
2013-05-27 00:00:00,1.29343,1.29484,1.29148,1.29341,28849
2013-05-28 00:00:00,1.29338,1.29493,1.28517,1.28617,46454
2013-05-29 00:00:00,1.28615,1.29769,1.28372,1.29402,51934
2013-05-30 00:00:00,1.29395,1.30611,1.29328,1.30401,54186
2013-05-31 00:00:00,1.30400,1.30590,1.29436,1.29957,52379
2013-06-01 00:00:00,1.29958,1.30012,1.29917,1.29949,1742
2013-06-02 00:00:00,1.29859,1.29937,1.29799,1.29927,2341
2013-06-03 00:00:00,1.29928,1.31070,1.29550,1.30704,50292
2013-06-04 00:00:00,1.30703,1.31007,1.30418,1.30804,44591
2013-06-05 00:00:00,1.30806,1.31158,1.30526,1.30902,51043
2013-06-06 00:00:00,1.30905,1.33055,1.30745,1.32445,58635
2013-06-07 00:00:00,1.32445,1.32850,1.31914,1.32179,61753
2013-06-08 00:00:00,1.32178,1.32313,1.32119,1.32181,1998
2013-06-09 00:00:00,1.32145,1.32211,1.31809,1.31970,4587
2013-06-10 00:00:00,1.31971,1.32687,1.31770,1.32558,48435
2013-06-11 00:00:00,1.32559,1.33172,1.32318,1.33150,56374
2013-06-12 00:00:00,1.33151,1.33587,1.32653,1.33314,49744
2013-06-13 00:00:00,1.33307,1.33897,1.32782,1.33599,53133
2013-06-14 00:00:00,1.33601,1.33779,1.32943,1.33460,44830
2013-06-15 00:00:00,1.33460,1.33480,1.33409,1.33451,1114
2013-06-16 00:00:00,1.33434,1.33488,1.33379,1.33442,2655
2013-06-17 00:00:00,1.33444,1.33812,1.33180,1.33792,36851
2013-06-18 00:00:00,1.33791,1.34152,1.33254,1.33960,46855
2013-06-19 00:00:00,1.33960,1.34147,1.32617,1.32794,47251
2013-06-20 00:00:00,1.32799,1.33014,1.31609,1.32147,64288
2013-06-21 00:00:00,1.32148,1.32539,1.30982,1.31238,52383
2013-06-22 00:00:00,1.31247,1.31277,1.31157,1.31223,1990
2013-06-23 00:00:00,1.31170,1.31211,1.30859,1.30939,2756
2013-06-24 00:00:00,1.30945,1.31434,1.30586,1.31221,53084
2013-06-25 00:00:00,1.31222,1.31504,1.30645,1.30975,48184
2013-06-26 00:00:00,1.30977,1.30977,1.29843,1.30069,46569
2013-06-27 00:00:00,1.30073,1.30565,1.29997,1.30399,43705
2013-06-28 00:00:00,1.30398,1.31025,1.29908,1.30156,44582
2013-06-29 00:00:00,1.30155,1.30169,1.30082,1.30092,1429
2013-06-30 00:00:00,1.30094,1.30110,1.30039,1.30079,2248
2013-07-01 00:00:00,1.30080,1.30664,1.30049,1.30637,42614
2013-07-02 00:00:00,1.30638,1.30777,1.29633,1.29748,38748
2013-07-03 00:00:00,1.29749,1.30315,1.29226,1.30111,43486
2013-07-04 00:00:00,1.30112,1.30230,1.28825,1.29119,43838
2013-07-05 00:00:00,1.29120,1.29183,1.28055,1.28292,44568
2013-07-06 00:00:00,1.28293,1.28347,1.28254,1.28268,1528
2013-07-07 00:00:00,1.28272,1.28341,1.28108,1.28140,2178
2013-07-08 00:00:00,1.28140,1.28814,1.28100,1.28710,34338
2013-07-09 00:00:00,1.28710,1.28978,1.27530,1.27852,41517
2013-07-10 00:00:00,1.27853,1.29472,1.27644,1.28824,50549
2013-07-11 00:00:00,1.28826,1.32051,1.28810,1.31007,86296
2013-07-12 00:00:00,1.31011,1.31033,1.29989,1.30671,49113
2013-07-13 00:00:00,1.30670,1.30729,1.30614,1.30667,1377
2013-07-14 00:00:00,1.30720,1.30816,1.30599,1.30726,5083
2013-07-15 00:00:00,1.30727,1.30836,1.29930,1.30687,46698
2013-07-16 00:00:00,1.30687,1.31739,1.30515,1.31670,47777
2013-07-17 00:00:00,1.31669,1.31756,1.30821,1.31194,51948
2013-07-18 00:00:00,1.31202,1.31268,1.30659,1.31108,41759
2013-07-19 00:00:00,1.31109,1.31538,1.30887,1.31434,38908
2013-07-20 00:00:00,1.31435,1.31450,1.31319,1.31424,1635
2013-07-21 00:00:00,1.31454,1.31514,1.31329,1.31370,3519
2013-07-22 00:00:00,1.31371,1.32175,1.31349,1.31851,37963
2013-07-23 00:00:00,1.31851,1.32382,1.31631,1.32230,36919
2013-07-24 00:00:00,1.32228,1.32557,1.31763,1.31971,42557
2013-07-25 00:00:00,1.31971,1.32891,1.31652,1.32844,43325
2013-07-26 00:00:00,1.32848,1.32966,1.32521,1.32817,40221
2013-07-27 00:00:00,1.32818,1.32818,1.32726,1.32785,1332
2013-07-28 00:00:00,1.32768,1.32878,1.32729,1.32864,3256
2013-07-29 00:00:00,1.32866,1.32948,1.32388,1.32656,38392
2013-07-30 00:00:00,1.32655,1.33014,1.32341,1.32618,36535
2013-07-31 00:00:00,1.32617,1.33443,1.32064,1.33030,52121
2013-08-01 00:00:00,1.33029,1.33104,1.31936,1.32059,48040
2013-08-02 00:00:00,1.32060,1.32940,1.31868,1.32841,46062
2013-08-03 00:00:00,1.32843,1.32863,1.32779,1.32805,1322
2013-08-04 00:00:00,1.32799,1.32897,1.32679,1.32815,3300
2013-08-05 00:00:00,1.32816,1.32999,1.32323,1.32596,39452
2013-08-06 00:00:00,1.32595,1.33226,1.32457,1.33070,37085
2013-08-07 00:00:00,1.33071,1.33419,1.32652,1.33375,40966
2013-08-08 00:00:00,1.33374,1.33998,1.33275,1.33857,36227
2013-08-09 00:00:00,1.33856,1.33901,1.33322,1.33444,30683
2013-08-10 00:00:00,1.33445,1.33455,1.33379,1.33409,1158
2013-08-11 00:00:00,1.33384,1.33415,1.33329,1.33369,1532
2013-08-12 00:00:00,1.33349,1.33438,1.32768,1.33036,31873
2013-08-13 00:00:00,1.33038,1.33165,1.32331,1.32652,36409
2013-08-14 00:00:00,1.32651,1.32787,1.32370,1.32601,33495
2013-08-15 00:00:00,1.32600,1.33625,1.32054,1.33542,45386
2013-08-16 00:00:00,1.33543,1.33795,1.33105,1.33331,36641
2013-08-17 00:00:00,1.33332,1.33363,1.33246,1.33284,1222
2013-08-18 00:00:00,1.33303,1.33326,1.33169,1.33289,3970
2013-08-19 00:00:00,1.33290,1.33742,1.33146,1.33375,37853
2013-08-20 00:00:00,1.33377,1.34515,1.33230,1.34210,36489
2013-08-21 00:00:00,1.34211,1.34265,1.33339,1.33551,40543
2013-08-22 00:00:00,1.33552,1.33728,1.32978,1.33557,38809
2013-08-23 00:00:00,1.33556,1.34094,1.33330,1.33845,36960
2013-08-24 00:00:00,1.33842,1.33849,1.33758,1.33809,1167
2013-08-25 00:00:00,1.33867,1.33936,1.33749,1.33850,4044
2013-08-26 00:00:00,1.33851,1.33938,1.33562,1.33703,28698
2013-08-27 00:00:00,1.33704,1.33983,1.33222,1.33902,35315
2013-08-28 00:00:00,1.33902,1.33973,1.33045,1.33401,35891
2013-08-29 00:00:00,1.33400,1.33431,1.32189,1.32419,36013
2013-08-30 00:00:00,1.32421,1.32543,1.31730,1.32158,34240
2013-08-31 00:00:00,1.32159,1.32236,1.32143,1.32199,1071
2013-09-01 00:00:00,1.32289,1.32359,1.32099,1.32180,4271
2013-09-02 00:00:00,1.32181,1.32266,1.31832,1.31973,32207
2013-09-03 00:00:00,1.31972,1.31984,1.31381,1.31763,33405
2013-09-04 00:00:00,1.31765,1.32175,1.31565,1.32105,29085
2013-09-05 00:00:00,1.32107,1.32228,1.31101,1.31172,37266
2013-09-06 00:00:00,1.31170,1.31886,1.31036,1.31748,35101
2013-09-07 00:00:00,1.31749,1.31831,1.31747,1.31774,1124
2013-09-08 00:00:00,1.31655,1.31756,1.31569,1.31672,3724
2013-09-09 00:00:00,1.31672,1.32802,1.31574,1.32589,31888
2013-09-10 00:00:00,1.32589,1.32754,1.32299,1.32668,30281
2013-09-11 00:00:00,1.32669,1.33241,1.32435,1.33136,32490
2013-09-12 00:00:00,1.33138,1.33243,1.32556,1.32968,34590
2013-09-13 00:00:00,1.32967,1.33209,1.32534,1.33024,32612
2013-09-14 00:00:00,1.33023,1.33029,1.32904,1.32933,1053
2013-09-15 00:00:00,1.33065,1.33087,1.32887,1.33019,2365
2013-09-16 00:00:00,1.33030,1.33851,1.33019,1.33365,39455
2013-09-17 00:00:00,1.33366,1.33690,1.33248,1.33592,27221
2013-09-18 00:00:00,1.33592,1.35105,1.33376,1.35061,38280
2013-09-19 00:00:00,1.35060,1.35681,1.35005,1.35254,41502
2013-09-20 00:00:00,1.35253,1.35482,1.34975,1.35229,32924
2013-09-21 00:00:00,1.35227,1.35272,1.35178,1.35237,1234
2013-09-22 00:00:00,1.35421,1.35531,1.35356,1.35506,2786
2013-09-23 00:00:00,1.35506,1.35529,1.34792,1.34937,35548
2013-09-24 00:00:00,1.34938,1.35183,1.34639,1.34724,31097
2013-09-25 00:00:00,1.34723,1.35367,1.34616,1.35272,28967
2013-09-26 00:00:00,1.35274,1.35313,1.34719,1.34840,28864
2013-09-27 00:00:00,1.34841,1.35640,1.34737,1.35215,30081
2013-09-28 00:00:00,1.35214,1.35229,1.35187,1.35219,838
2013-09-29 00:00:00,1.34849,1.34988,1.34669,1.34830,4685
2013-09-30 00:00:00,1.34831,1.35557,1.34772,1.35272,35339
2013-10-01 00:00:00,1.35272,1.35874,1.35164,1.35336,37503
2013-10-02 00:00:00,1.35335,1.36065,1.35047,1.35866,36126
2013-10-03 00:00:00,1.35862,1.36458,1.35772,1.36222,36049
2013-10-04 00:00:00,1.36223,1.36314,1.35381,1.35528,30713
2013-10-05 00:00:00,1.35527,1.35571,1.35465,1.35569,1211
2013-10-06 00:00:00,1.35528,1.35708,1.35462,1.35648,4262
2013-10-07 00:00:00,1.35649,1.35907,1.35422,1.35772,29261
2013-10-08 00:00:00,1.35773,1.36067,1.35570,1.35732,28999
2013-10-09 00:00:00,1.35731,1.36041,1.34857,1.35225,35708
2013-10-10 00:00:00,1.35227,1.35461,1.34871,1.35211,32174
2013-10-11 00:00:00,1.35213,1.35812,1.35169,1.35504,30625
2013-10-12 00:00:00,1.35505,1.35516,1.35376,1.35379,1296
2013-10-13 00:00:00,1.35445,1.35648,1.35409,1.35630,4255
2013-10-14 00:00:00,1.35629,1.35971,1.35449,1.35655,25703
2013-10-15 00:00:00,1.35654,1.35707,1.34790,1.35142,33652
2013-10-16 00:00:00,1.35143,1.35672,1.34725,1.35263,37772
2013-10-17 00:00:00,1.35260,1.36816,1.35152,1.36780,38865
2013-10-18 00:00:00,1.36782,1.37034,1.36589,1.36837,29859
2013-10-19 00:00:00,1.36838,1.36873,1.36773,1.36860,1211
2013-10-20 00:00:00,1.36870,1.36900,1.36799,1.36838,1919
2013-10-21 00:00:00,1.36839,1.36881,1.36506,1.36817,25966
2013-10-22 00:00:00,1.36815,1.37915,1.36620,1.37803,29631
2013-10-23 00:00:00,1.37809,1.37925,1.37410,1.37762,31409
2013-10-24 00:00:00,1.37762,1.38249,1.37641,1.38006,34027
2013-10-25 00:00:00,1.38007,1.38320,1.37740,1.38071,35272
2013-10-26 00:00:00,1.38070,1.38079,1.38006,1.38022,884
2013-10-27 00:00:00,1.38043,1.38114,1.37958,1.38020,3496
2013-10-28 00:00:00,1.38017,1.38173,1.37745,1.37854,29200
2013-10-29 00:00:00,1.37853,1.38129,1.37361,1.37421,34943
2013-10-30 00:00:00,1.37420,1.37844,1.36956,1.37313,36808
2013-10-31 00:00:00,1.37312,1.37384,1.35749,1.35762,40103
2013-11-01 00:00:00,1.35759,1.35892,1.34797,1.34892,37467
2013-11-02 00:00:00,1.34892,1.34927,1.34843,1.34858,1222
2013-11-03 00:00:00,1.34906,1.34965,1.34834,1.34863,2656
2013-11-04 00:00:00,1.34864,1.35238,1.34419,1.35164,30819
2013-11-05 00:00:00,1.35160,1.35220,1.34486,1.34732,33725
2013-11-06 00:00:00,1.34730,1.35470,1.34671,1.35211,33636
2013-11-07 00:00:00,1.35206,1.35285,1.32945,1.34275,49007
2013-11-08 00:00:00,1.34271,1.34375,1.33173,1.33546,44656
2013-11-09 00:00:00,1.33541,1.33727,1.33541,1.33662,2652
2013-11-10 00:00:00,1.33569,1.33613,1.33499,1.33520,4364
2013-11-11 00:00:00,1.33532,1.34158,1.33443,1.34077,31406
2013-11-12 00:00:00,1.34078,1.34558,1.33586,1.34265,38388
2013-11-13 00:00:00,1.34261,1.34702,1.33896,1.34615,39079
2013-11-14 00:00:00,1.34614,1.34971,1.34179,1.34554,43695
2013-11-15 00:00:00,1.34558,1.35050,1.34318,1.34891,33915
2013-11-16 00:00:00,1.34892,1.34976,1.34880,1.34936,2043
2013-11-17 00:00:00,1.35003,1.35017,1.34901,1.34924,3617
2013-11-18 00:00:00,1.34923,1.35414,1.34740,1.34988,32983
2013-11-19 00:00:00,1.34990,1.35468,1.34873,1.35301,38978
2013-11-20 00:00:00,1.35307,1.35777,1.34149,1.34199,45044
2013-11-21 00:00:00,1.34202,1.34785,1.33988,1.34607,44425
2013-11-22 00:00:00,1.34609,1.35531,1.34581,1.35501,35064
2013-11-23 00:00:00,1.35502,1.35580,1.35457,1.35580,1957
2013-11-24 00:00:00,1.35405,1.35508,1.35404,1.35476,5269
2013-11-25 00:00:00,1.35476,1.35597,1.34897,1.35147,34445
2013-11-26 00:00:00,1.35150,1.35745,1.35122,1.35735,34644
2013-11-27 00:00:00,1.35734,1.36125,1.35571,1.35730,36495
2013-11-28 00:00:00,1.35731,1.36181,1.35631,1.36039,29620
2013-11-29 00:00:00,1.36038,1.36211,1.35806,1.35828,33138
2013-11-30 00:00:00,1.35829,1.35935,1.35798,1.35899,2964
2013-12-01 00:00:00,1.35976,1.35993,1.35809,1.35827,4381
2013-12-02 00:00:00,1.35826,1.36154,1.35254,1.35382,38751
2013-12-03 00:00:00,1.35380,1.36134,1.35240,1.35908,33610
2013-12-04 00:00:00,1.35907,1.36052,1.35280,1.35882,39183
2013-12-05 00:00:00,1.35881,1.36770,1.35427,1.36749,44701
2013-12-06 00:00:00,1.36747,1.37001,1.36176,1.36952,36430
2013-12-08 00:00:00,1.37190,1.37247,1.36908,1.37016,5721
2013-12-09 00:00:00,1.37017,1.37455,1.36939,1.37394,32605
2013-12-10 00:00:00,1.37390,1.37943,1.37328,1.37618,32350
2013-12-11 00:00:00,1.37619,1.38105,1.37403,1.37875,36883
2013-12-12 00:00:00,1.37874,1.38027,1.37372,1.37440,39654
2013-12-13 00:00:00,1.37440,1.37687,1.37090,1.37338,35078
2013-12-14 00:00:00,1.37336,1.37438,1.37291,1.37377,2418
2013-12-15 00:00:00,1.37276,1.37409,1.37274,1.37301,2899
2013-12-16 00:00:00,1.37302,1.37981,1.37264,1.37639,33395
2013-12-17 00:00:00,1.37640,1.37819,1.37226,1.37660,31994
2013-12-18 00:00:00,1.37663,1.38088,1.37020,1.37570,40071
2013-12-19 00:00:00,1.37571,1.37637,1.36488,1.36560,42762
2013-12-20 00:00:00,1.36561,1.37089,1.36247,1.36727,35572
2013-12-21 00:00:00,1.36726,1.36816,1.36669,1.36725,2472
2013-12-22 00:00:00,1.36724,1.36771,1.36659,1.36731,4393
2013-12-23 00:00:00,1.36732,1.37163,1.36669,1.36906,33338
2013-12-24 00:00:00,1.36902,1.37130,1.36546,1.36815,25000
2013-12-26 00:00:00,1.36798,1.37019,1.36622,1.36931,24341
2013-12-27 00:00:00,1.36930,1.38929,1.36868,1.37332,41425
2013-12-28 00:00:00,1.37335,1.37486,1.37321,1.37485,2580
2013-12-29 00:00:00,1.37514,1.37532,1.37449,1.37505,4030
2013-12-30 00:00:00,1.37504,1.38187,1.37279,1.38009,38119
2013-12-31 00:00:00,1.38009,1.38121,1.37594,1.37779,25299
2014-01-02 00:00:00,1.37457,1.37577,1.36291,1.36515,32682
2014-01-03 00:00:00,1.36514,1.36727,1.35928,1.35983,37130
2014-01-04 00:00:00,1.35982,1.35991,1.35818,1.35881,2800
2014-01-05 00:00:00,1.35839,1.35939,1.35839,1.35920,5168
2014-01-06 00:00:00,1.35921,1.36526,1.35705,1.36346,36923
2014-01-07 00:00:00,1.36345,1.36559,1.35962,1.36169,36221
2014-01-08 00:00:00,1.36170,1.36347,1.35529,1.35815,37984
2014-01-09 00:00:00,1.35808,1.36325,1.35480,1.35898,39945
2014-01-10 00:00:00,1.35904,1.36867,1.35704,1.36600,39480
2014-01-11 00:00:00,1.36599,1.36700,1.36582,1.36692,2638
2014-01-12 00:00:00,1.36695,1.36766,1.36679,1.36766,1764
2014-01-13 00:00:00,1.36765,1.36844,1.36368,1.36728,32668
2014-01-14 00:00:00,1.36730,1.36989,1.36486,1.36716,33009
2014-01-15 00:00:00,1.36715,1.36833,1.35809,1.36000,35736
2014-01-16 00:00:00,1.35999,1.36491,1.35826,1.36147,35173
2014-01-17 00:00:00,1.36144,1.36228,1.35167,1.35304,32647
2014-01-18 00:00:00,1.35301,1.35410,1.35243,1.35406,2276
2014-01-19 00:00:00,1.35309,1.35461,1.35213,1.35429,5395
2014-01-20 00:00:00,1.35408,1.35675,1.35070,1.35652,29269
2014-01-21 00:00:00,1.35652,1.35684,1.35159,1.35589,34828
2014-01-22 00:00:00,1.35590,1.35834,1.35341,1.35475,32562
2014-01-23 00:00:00,1.35475,1.36979,1.35299,1.36944,42157
2014-01-24 00:00:00,1.36943,1.37391,1.36623,1.36768,42715
2014-01-25 00:00:00,1.36767,1.36833,1.36742,1.36771,2717
2014-01-26 00:00:00,1.36810,1.36829,1.36719,1.36742,3255
2014-01-27 00:00:00,1.36743,1.37163,1.36526,1.36648,40484
2014-01-28 00:00:00,1.36649,1.36880,1.36283,1.36638,32680
2014-01-29 00:00:00,1.36639,1.36844,1.36025,1.36616,44591
2014-01-30 00:00:00,1.36615,1.36658,1.35429,1.35499,38790
2014-01-31 00:00:00,1.35498,1.35730,1.34787,1.34805,43404
2014-02-01 00:00:00,1.34807,1.34913,1.34803,1.34848,2758
2014-02-02 00:00:00,1.34945,1.34947,1.34810,1.34830,3234
2014-02-03 00:00:00,1.34829,1.35352,1.34765,1.35303,38449
2014-02-04 00:00:00,1.35300,1.35382,1.34929,1.35158,35648
2014-02-05 00:00:00,1.35159,1.35551,1.34983,1.35342,36536
2014-02-06 00:00:00,1.35343,1.36184,1.34824,1.35870,37998
2014-02-07 00:00:00,1.35871,1.36429,1.35515,1.36277,36397
2014-02-08 00:00:00,1.36276,1.36400,1.36258,1.36341,2053
2014-02-09 00:00:00,1.36333,1.36365,1.36089,1.36140,3521
2014-02-10 00:00:00,1.36141,1.36511,1.36087,1.36406,26717
2014-02-11 00:00:00,1.36407,1.36823,1.36289,1.36373,32706
2014-02-12 00:00:00,1.36372,1.36522,1.35618,1.35932,31664
2014-02-13 00:00:00,1.35931,1.36913,1.35846,1.36739,34067
2014-02-14 00:00:00,1.36737,1.37144,1.36732,1.36987,31085
2014-02-15 00:00:00,1.36985,1.37010,1.36909,1.36921,1922
2014-02-16 00:00:00,1.36870,1.37069,1.36849,1.37042,2775
2014-02-17 00:00:00,1.37041,1.37237,1.36916,1.37033,28306
2014-02-18 00:00:00,1.37032,1.37699,1.36941,1.37564,31635
2014-02-19 00:00:00,1.37565,1.37728,1.37240,1.37421,26570
2014-02-20 00:00:00,1.37422,1.37622,1.36854,1.37181,33643
2014-02-21 00:00:00,1.37180,1.37580,1.37014,1.37432,28142
2014-02-22 00:00:00,1.37431,1.37469,1.37361,1.37378,1853
2014-02-23 00:00:00,1.37340,1.37372,1.37244,1.37319,2536
2014-02-24 00:00:00,1.37318,1.37696,1.37079,1.37350,29363
2014-02-25 00:00:00,1.37350,1.37666,1.37149,1.37414,29549
2014-02-26 00:00:00,1.37415,1.37568,1.36613,1.36830,30085
2014-02-27 00:00:00,1.36831,1.37263,1.36425,1.37102,31107
2014-02-28 00:00:00,1.37101,1.38234,1.36936,1.38227,37985
2014-03-01 00:00:00,1.38226,1.38243,1.37961,1.38019,3207
2014-03-02 00:00:00,1.37795,1.37911,1.37599,1.37635,5516
2014-03-03 00:00:00,1.37636,1.37923,1.37307,1.37329,36299
2014-03-04 00:00:00,1.37326,1.37810,1.37203,1.37344,32522
2014-03-05 00:00:00,1.37343,1.37487,1.37069,1.37298,31363
2014-03-06 00:00:00,1.37297,1.38727,1.37208,1.38595,40168
2014-03-07 00:00:00,1.38597,1.39146,1.38517,1.38698,33168
2014-03-08 00:00:00,1.38703,1.38799,1.38660,1.38743,1950
2014-03-09 00:00:00,1.38768,1.38798,1.38649,1.38677,3376
2014-03-10 00:00:00,1.38676,1.38974,1.38612,1.38700,27102
2014-03-11 00:00:00,1.38701,1.38784,1.38334,1.38581,27860
2014-03-12 00:00:00,1.38582,1.39139,1.38429,1.39076,30959
2014-03-13 00:00:00,1.39077,1.39663,1.38452,1.38609,39925
2014-03-14 00:00:00,1.38605,1.39370,1.38471,1.39063,36332
2014-03-15 00:00:00,1.39065,1.39105,1.39040,1.39061,671
2014-03-16 00:00:00,1.38921,1.39295,1.38899,1.38959,6018
2014-03-17 00:00:00,1.38960,1.39473,1.38785,1.39214,32168
2014-03-18 00:00:00,1.39213,1.39423,1.38794,1.39314,32287
2014-03-19 00:00:00,1.39311,1.39339,1.38092,1.38300,32916
2014-03-20 00:00:00,1.38301,1.38444,1.37488,1.37755,34728
2014-03-21 00:00:00,1.37757,1.38103,1.37653,1.37968,28846
2014-03-22 00:00:00,1.37969,1.37973,1.37908,1.37932,450
2014-03-23 00:00:00,1.37913,1.38027,1.37854,1.37955,4013
2014-03-24 00:00:00,1.37954,1.38757,1.37600,1.38379,32976
2014-03-25 00:00:00,1.38378,1.38465,1.37484,1.38240,37587
2014-03-26 00:00:00,1.38242,1.38273,1.37761,1.37967,32728
2014-03-27 00:00:00,1.37926,1.37966,1.37282,1.37403,35226
2014-03-28 00:00:00,1.37401,1.37725,1.37046,1.37548,30763
2014-03-29 00:00:00,1.37547,1.37567,1.37507,1.37507,776
2014-03-30 00:00:00,1.37499,1.37675,1.37495,1.37669,3055
2014-03-31 00:00:00,1.37668,1.38083,1.37209,1.37757,36163
2014-04-01 00:00:00,1.37756,1.38149,1.37632,1.37957,30225
2014-04-02 00:00:00,1.37958,1.38200,1.37528,1.37639,26740
2014-04-03 00:00:00,1.37640,1.38063,1.36977,1.37147,37665
2014-04-04 00:00:00,1.37146,1.37310,1.36722,1.37027,34195
2014-04-05 00:00:00,1.37026,1.37052,1.36969,1.37051,775
2014-04-06 00:00:00,1.36954,1.36979,1.36949,1.36959,893
2014-04-07 00:00:00,1.36962,1.37481,1.36958,1.37445,23301
2014-04-08 00:00:00,1.37442,1.38110,1.37370,1.37965,27924
2014-04-09 00:00:00,1.37966,1.38572,1.37794,1.38559,29904
2014-04-10 00:00:00,1.38557,1.38987,1.38354,1.38843,28953
2014-04-11 00:00:00,1.38844,1.39054,1.38629,1.38822,26688
2014-04-12 00:00:00,1.38823,1.38857,1.38801,1.38829,751
2014-04-13 00:00:00,1.38399,1.38439,1.38319,1.38390,2620
2014-04-14 00:00:00,1.38390,1.38625,1.38077,1.38170,30575
2014-04-15 00:00:00,1.38170,1.38329,1.37899,1.38093,27321
2014-04-16 00:00:00,1.38094,1.38505,1.38032,1.38158,27246
2014-04-17 00:00:00,1.38160,1.38642,1.38105,1.38131,24990
2014-04-18 00:00:00,1.38132,1.38219,1.38078,1.38120,14879
2014-04-20 00:00:00,1.38133,1.38136,1.38069,1.38103,1580
2014-04-21 00:00:00,1.38102,1.38302,1.37866,1.37927,17773
2014-04-22 00:00:00,1.37926,1.38243,1.37846,1.38039,23177
2014-04-23 00:00:00,1.38040,1.38543,1.37998,1.38164,26557
2014-04-24 00:00:00,1.38163,1.38426,1.37910,1.38265,26561
2014-04-25 00:00:00,1.38267,1.38479,1.38251,1.38341,21904
2014-04-28 00:00:00,1.38390,1.38791,1.38142,1.38489,26663
2014-04-29 00:00:00,1.38490,1.38787,1.38051,1.38095,25991
2014-04-30 00:00:00,1.38096,1.38761,1.37734,1.38723,32267
2014-05-01 00:00:00,1.38725,1.38888,1.38623,1.38639,19572
2014-05-02 00:00:00,1.38641,1.38809,1.38117,1.38709,26999
2014-05-03 00:00:00,1.38707,1.38740,1.38679,1.38684,835
2014-05-05 00:00:00,1.38822,1.38869,1.38640,1.38738,20274
2014-05-06 00:00:00,1.38737,1.39507,1.38717,1.39311,25356
2014-05-07 00:00:00,1.39312,1.39382,1.39112,1.39130,25106
2014-05-08 00:00:00,1.39131,1.39930,1.38472,1.38474,34410
2014-05-09 00:00:00,1.38475,1.38505,1.37448,1.37549,27798
2014-05-10 00:00:00,1.37548,1.37608,1.37540,1.37569,634
2014-05-12 00:00:00,1.37549,1.37744,1.37483,1.37584,22048
2014-05-13 00:00:00,1.37585,1.37710,1.36885,1.37012,29507
2014-05-14 00:00:00,1.37013,1.37303,1.36974,1.37120,26202
2014-05-15 00:00:00,1.37121,1.37318,1.36480,1.37077,32650
2014-05-16 00:00:00,1.37077,1.37264,1.36849,1.36976,25484
2014-05-17 00:00:00,1.36977,1.36986,1.36928,1.36931,740
2014-05-19 00:00:00,1.36923,1.37337,1.36904,1.37088,24956
2014-05-20 00:00:00,1.37089,1.37133,1.36775,1.37000,23686
2014-05-21 00:00:00,1.36999,1.37228,1.36343,1.36859,28367
2014-05-22 00:00:00,1.36860,1.36877,1.36448,1.36555,27681
2014-05-23 00:00:00,1.36557,1.36584,1.36152,1.36291,24207
2014-05-24 00:00:00,1.36289,1.36342,1.36254,1.36254,1640
2014-05-26 00:00:00,1.36209,1.36540,1.36140,1.36471,22604
2014-05-27 00:00:00,1.36471,1.36683,1.36121,1.36341,25013
2014-05-28 00:00:00,1.36341,1.36374,1.35884,1.35936,25509
2014-05-29 00:00:00,1.35937,1.36251,1.35858,1.36021,26268
2014-05-30 00:00:00,1.36022,1.36498,1.35980,1.36306,25607
2014-05-31 00:00:00,1.36305,1.36348,1.36284,1.36339,890
2014-06-02 00:00:00,1.36416,1.36416,1.35875,1.35974,26144
2014-06-03 00:00:00,1.35972,1.36474,1.35869,1.36206,24699
2014-06-04 00:00:00,1.36207,1.36387,1.35961,1.35987,27050
2014-06-05 00:00:00,1.35986,1.36693,1.35026,1.36568,43035
2014-06-06 00:00:00,1.36567,1.36766,1.36205,1.36437,31124
2014-06-07 00:00:00,1.36438,1.36453,1.36405,1.36420,911
2014-06-09 00:00:00,1.36429,1.36684,1.35821,1.35891,24413
2014-06-10 00:00:00,1.35890,1.36014,1.35331,1.35460,25839
2014-06-11 00:00:00,1.35457,1.35567,1.35211,1.35274,27273
2014-06-12 00:00:00,1.35275,1.35715,1.35118,1.35635,29852
2014-06-13 00:00:00,1.35637,1.35785,1.35206,1.35385,29682
2014-06-14 00:00:00,1.35383,1.35431,1.35342,1.35349,1126
2014-06-16 00:00:00,1.35363,1.35788,1.35125,1.35696,26935
2014-06-17 00:00:00,1.35697,1.35868,1.35358,1.35417,24892
2014-06-18 00:00:00,1.35418,1.35990,1.35411,1.35841,30964
2014-06-19 00:00:00,1.35842,1.36431,1.35823,1.36028,28867
2014-06-20 00:00:00,1.36029,1.36335,1.35639,1.35968,24504
2014-06-21 00:00:00,1.35968,1.36001,1.35962,1.35989,773
2014-06-23 00:00:00,1.35908,1.36131,1.35736,1.36014,26617
2014-06-24 00:00:00,1.36015,1.36273,1.35829,1.36036,24551
2014-06-25 00:00:00,1.36037,1.36507,1.36000,1.36283,23488
2014-06-26 00:00:00,1.36284,1.36411,1.35756,1.36091,25061
2014-06-27 00:00:00,1.36092,1.36487,1.36081,1.36469,23471
2014-06-28 00:00:00,1.36468,1.36504,1.36457,1.36469,807
2014-06-30 00:00:00,1.36457,1.36972,1.36398,1.36922,24110
2014-07-01 00:00:00,1.36924,1.36999,1.36751,1.36779,23077
2014-07-02 00:00:00,1.36778,1.36821,1.36409,1.36538,21738
2014-07-03 00:00:00,1.36538,1.36639,1.35956,1.36071,25576
2014-07-04 00:00:00,1.36070,1.36109,1.35850,1.35930,17441
2014-07-05 00:00:00,1.35931,1.35954,1.35901,1.35939,595
2014-07-07 00:00:00,1.35925,1.36087,1.35755,1.36065,20923
2014-07-08 00:00:00,1.36064,1.36169,1.35877,1.36116,20167
2014-07-09 00:00:00,1.36117,1.36481,1.36017,1.36411,23466
2014-07-10 00:00:00,1.36413,1.36504,1.35887,1.36077,22946
2014-07-11 00:00:00,1.36076,1.36243,1.35914,1.36076,20705
2014-07-12 00:00:00,1.36077,1.36111,1.36019,1.36019,691
2014-07-14 00:00:00,1.35985,1.36398,1.35924,1.36186,20256
2014-07-15 00:00:00,1.36187,1.36275,1.35615,1.35661,25556
2014-07-16 00:00:00,1.35662,1.35717,1.35203,1.35234,22184
2014-07-17 00:00:00,1.35233,1.35399,1.35161,1.35252,22512
2014-07-18 00:00:00,1.35252,1.35356,1.34905,1.35238,24266
2014-07-19 00:00:00,1.35239,1.35269,1.35224,1.35224,835
2014-07-21 00:00:00,1.35273,1.35488,1.35125,1.35209,20945
2014-07-22 00:00:00,1.35210,1.35292,1.34585,1.34678,25042
2014-07-23 00:00:00,1.34677,1.34737,1.34545,1.34616,21674
2014-07-24 00:00:00,1.34617,1.34844,1.34379,1.34631,24531
2014-07-25 00:00:00,1.34633,1.34752,1.34210,1.34309,23903
2014-07-26 00:00:00,1.34310,1.34312,1.34272,1.34302,639
2014-07-28 00:00:00,1.34324,1.34435,1.34264,1.34314,18418
2014-07-29 00:00:00,1.34315,1.34441,1.34037,1.34093,20674
2014-07-30 00:00:00,1.34094,1.34148,1.33664,1.33916,26035
2014-07-31 00:00:00,1.33915,1.34001,1.33711,1.33889,23653
2014-08-01 00:00:00,1.33891,1.34442,1.33780,1.34216,28456
2014-08-02 00:00:00,1.34218,1.34318,1.34210,1.34291,902
2014-08-04 00:00:00,1.34262,1.34325,1.34090,1.34210,18584
2014-08-05 00:00:00,1.34212,1.34244,1.33578,1.33729,21607
2014-08-06 00:00:00,1.33732,1.33864,1.33324,1.33789,27138
2014-08-07 00:00:00,1.33788,1.33933,1.33367,1.33641,29084
2014-08-08 00:00:00,1.33640,1.34322,1.33430,1.34117,27670
2014-08-09 00:00:00,1.34118,1.34164,1.34074,1.34089,953
2014-08-11 00:00:00,1.34060,1.34121,1.33799,1.33841,21633
2014-08-12 00:00:00,1.33842,1.33858,1.33356,1.33663,21491
2014-08-13 00:00:00,1.33664,1.34148,1.33419,1.33625,24678
2014-08-14 00:00:00,1.33625,1.34073,1.33480,1.33686,25869
2014-08-15 00:00:00,1.33685,1.34113,1.33583,1.33974,28653
2014-08-16 00:00:00,1.33975,1.34005,1.33947,1.33969,848
2014-08-18 00:00:00,1.33833,1.33987,1.33524,1.33627,21271
2014-08-19 00:00:00,1.33627,1.33637,1.33128,1.33209,23951
2014-08-20 00:00:00,1.33213,1.33238,1.32549,1.32607,26431
2014-08-21 00:00:00,1.32606,1.32880,1.32416,1.32801,24708
2014-08-22 00:00:00,1.32803,1.32962,1.32202,1.32425,29991
2014-08-23 00:00:00,1.32424,1.32465,1.32371,1.32389,935
2014-08-25 00:00:00,1.32043,1.32099,1.31829,1.31936,24880
2014-08-26 00:00:00,1.31937,1.32144,1.31642,1.31705,25174
2014-08-27 00:00:00,1.31704,1.32094,1.31523,1.31943,27281
2014-08-28 00:00:00,1.31942,1.32204,1.31593,1.31836,28379
2014-08-29 00:00:00,1.31835,1.31957,1.31333,1.31389,26459
2014-08-30 00:00:00,1.31388,1.31429,1.31314,1.31319,1021
2014-09-01 00:00:00,1.31279,1.31450,1.31186,1.31301,19746
2014-09-02 00:00:00,1.31302,1.31363,1.31097,1.31284,24542
2014-09-03 00:00:00,1.31285,1.31595,1.31217,1.31467,27858
2014-09-04 00:00:00,1.31465,1.31536,1.29197,1.29476,37780
2014-09-05 00:00:00,1.29477,1.29874,1.29215,1.29503,32851
2014-09-06 00:00:00,1.29504,1.29543,1.29489,1.29489,919
2014-09-08 00:00:00,1.29478,1.29607,1.28814,1.28987,31008
2014-09-09 00:00:00,1.28988,1.29571,1.28590,1.29487,34528
2014-09-10 00:00:00,1.29489,1.29624,1.28833,1.29145,38989
2014-09-11 00:00:00,1.29144,1.29515,1.28967,1.29169,35463
2014-09-12 00:00:00,1.29168,1.29788,1.29085,1.29478,36616
2014-09-13 00:00:00,1.29477,1.29646,1.29468,1.29619,1085
2014-09-15 00:00:00,1.29753,1.29782,1.29081,1.29387,28957
2014-09-16 00:00:00,1.29388,1.29948,1.29218,1.29584,34204
2014-09-17 00:00:00,1.29584,1.29809,1.28517,1.28746,40977
2014-09-18 00:00:00,1.28745,1.29282,1.28340,1.29168,38231
2014-09-19 00:00:00,1.29170,1.29304,1.28304,1.28361,38083
2014-09-20 00:00:00,1.28362,1.28362,1.28278,1.28278,604
2014-09-22 00:00:00,1.28294,1.28673,1.28160,1.28490,25626
2014-09-23 00:00:00,1.28491,1.29007,1.28422,1.28566,25411
2014-09-24 00:00:00,1.28565,1.28632,1.27736,1.27823,25520
2014-09-25 00:00:00,1.27825,1.27836,1.26964,1.27454,31520
2014-09-26 00:00:00,1.27455,1.27603,1.26764,1.26827,27903
2014-09-27 00:00:00,1.26826,1.26856,1.26799,1.26799,550
2014-09-29 00:00:00,1.26899,1.27144,1.26633,1.26893,28527
2014-09-30 00:00:00,1.26894,1.27020,1.25707,1.26293,33432
2014-10-01 00:00:00,1.26294,1.26392,1.25832,1.26159,35112
2014-10-02 00:00:00,1.26160,1.26984,1.26111,1.26627,47872
2014-10-03 00:00:00,1.26628,1.26743,1.25001,1.25109,33027
2014-10-04 00:00:00,1.25108,1.25172,1.25093,1.25149,623
2014-10-06 00:00:00,1.25094,1.26742,1.25079,1.26430,31461
2014-10-07 00:00:00,1.26429,1.26814,1.25832,1.26610,49105
2014-10-08 00:00:00,1.26611,1.27484,1.26223,1.27405,47030
2014-10-09 00:00:00,1.27407,1.27910,1.26635,1.26857,52455
2014-10-10 00:00:00,1.26856,1.27154,1.26051,1.26130,38458
2014-10-11 00:00:00,1.26128,1.26292,1.26118,1.26268,787
2014-10-13 00:00:00,1.26328,1.26991,1.26202,1.26890,36497
2014-10-14 00:00:00,1.26891,1.27677,1.26395,1.26537,42552
2014-10-15 00:00:00,1.26538,1.28860,1.26242,1.28058,64958
2014-10-16 00:00:00,1.28050,1.28445,1.27053,1.28035,68367
2014-10-17 00:00:00,1.28033,1.28367,1.27437,1.27599,42863
2014-10-18 00:00:00,1.27600,1.27627,1.27557,1.27579,803
2014-10-20 00:00:00,1.27459,1.28164,1.27308,1.28039,36849
2014-10-21 00:00:00,1.28040,1.28401,1.27146,1.27146,39854
2014-10-22 00:00:00,1.27145,1.27391,1.26368,1.26438,37155
2014-10-23 00:00:00,1.26439,1.26761,1.26135,1.26505,39271
2014-10-24 00:00:00,1.26510,1.26953,1.26344,1.26674,37815
2014-10-25 00:00:00,1.26673,1.26713,1.26659,1.26699,435
2014-10-27 00:00:00,1.26755,1.27229,1.26653,1.26985,28719
2014-10-28 00:00:00,1.27009,1.27645,1.26842,1.27343,29818
2014-10-29 00:00:00,1.27341,1.27700,1.26306,1.26312,33096
2014-10-30 00:00:00,1.26309,1.26389,1.25464,1.26129,41455
2014-10-31 00:00:00,1.26130,1.26169,1.24851,1.25235,51303
2014-11-03 00:00:00,1.25011,1.25138,1.24386,1.24910,44558
2014-11-04 00:00:00,1.24911,1.25769,1.24802,1.25445,39317
2014-11-05 00:00:00,1.25444,1.25666,1.24570,1.24823,38595
2014-11-06 00:00:00,1.24824,1.25329,1.23741,1.23749,54129
2014-11-07 00:00:00,1.23750,1.24694,1.23576,1.24530,46517
2014-11-08 00:00:00,1.24524,1.24626,1.24512,1.24518,896
2014-11-10 00:00:00,1.24793,1.25088,1.24182,1.24209,37162
2014-11-11 00:00:00,1.24211,1.24992,1.23939,1.24757,38456
2014-11-12 00:00:00,1.24758,1.24974,1.24188,1.24342,47706
2014-11-13 00:00:00,1.24343,1.24911,1.24261,1.24772,36633
2014-11-14 00:00:00,1.24770,1.25458,1.23974,1.25260,45306
2014-11-15 00:00:00,1.25258,1.25282,1.25165,1.25249,716
2014-11-17 00:00:00,1.25319,1.25773,1.24447,1.24496,39452
2014-11-18 00:00:00,1.24494,1.25445,1.24433,1.25346,36385
2014-11-19 00:00:00,1.25345,1.25994,1.25117,1.25424,40556
2014-11-20 00:00:00,1.25423,1.25750,1.25038,1.25440,45331
2014-11-21 00:00:00,1.25441,1.25677,1.23747,1.23914,46906
2014-11-22 00:00:00,1.23913,1.23945,1.23852,1.23862,870
2014-11-24 00:00:00,1.23624,1.24442,1.23591,1.24414,34015
2014-11-25 00:00:00,1.24413,1.24867,1.24012,1.24763,34910
2014-11-26 00:00:00,1.24766,1.25312,1.24433,1.25091,34750
2014-11-27 00:00:00,1.25090,1.25232,1.24643,1.24667,23876
2014-11-28 00:00:00,1.24666,1.24897,1.24260,1.24396,29992
2014-11-29 00:00:00,1.24402,1.24517,1.24402,1.24494,709
2014-12-01 00:00:00,1.24708,1.25063,1.24188,1.24707,39873
2014-12-02 00:00:00,1.24708,1.24758,1.23764,1.23804,29480
2014-12-03 00:00:00,1.23805,1.23902,1.23008,1.23097,34938
2014-12-04 00:00:00,1.23096,1.24559,1.22791,1.23819,47556
2014-12-05 00:00:00,1.23820,1.23926,1.22707,1.22891,38623
2014-12-06 00:00:00,1.22892,1.22894,1.22801,1.22806,812
2014-12-08 00:00:00,1.22806,1.23437,1.22467,1.23105,33712
2014-12-09 00:00:00,1.23106,1.24475,1.22916,1.23715,45932
2014-12-10 00:00:00,1.23714,1.24473,1.23616,1.24444,42274
2014-12-11 00:00:00,1.24441,1.24948,1.23696,1.23881,51804
2014-12-12 00:00:00,1.23880,1.24849,1.23839,1.24542,47085
2014-12-13 00:00:00,1.24541,1.24639,1.24434,1.24596,1114
2014-12-15 00:00:00,1.24712,1.24839,1.24142,1.24345,43384
2014-12-16 00:00:00,1.24346,1.25694,1.24334,1.25146,56753
2014-12-17 00:00:00,1.25145,1.25161,1.23200,1.23415,57762
2014-12-18 00:00:00,1.23417,1.23521,1.22653,1.22850,47450
2014-12-19 00:00:00,1.22849,1.23017,1.22198,1.22262,35004
2014-12-20 00:00:00,1.22263,1.22343,1.22257,1.22263,915
2014-12-22 00:00:00,1.22213,1.22721,1.22163,1.22258,24096
2014-12-23 00:00:00,1.22259,1.22451,1.21644,1.21710,24680
2014-12-24 00:00:00,1.21709,1.22197,1.21674,1.22032,18473
2014-12-25 00:00:00,1.22033,1.22184,1.21868,1.22179,3789
2014-12-26 00:00:00,1.22139,1.22217,1.21683,1.21778,11310
2014-12-27 00:00:00,1.21780,1.21814,1.21750,1.21775,646
2014-12-29 00:00:00,1.21807,1.22207,1.21425,1.21537,26262
2014-12-30 00:00:00,1.21538,1.21872,1.21235,1.21549,28084
2014-12-31 00:00:00,1.21550,1.21694,1.20970,1.20993,19592
2015-01-02 00:00:00,1.20515,1.20693,1.20012,1.20030,26892
2015-01-03 00:00:00,1.20031,1.20056,1.20002,1.20017,514
2015-01-05 00:00:00,1.20017,1.20020,1.18669,1.19363,49948
2015-01-06 00:00:00,1.19364,1.19683,1.18837,1.18981,42048
2015-01-07 00:00:00,1.18980,1.18991,1.18016,1.18327,49127
2015-01-08 00:00:00,1.18328,1.18471,1.17538,1.17879,36596
2015-01-09 00:00:00,1.17881,1.18457,1.17620,1.18427,43352
2015-01-10 00:00:00,1.18425,1.18436,1.18307,1.18394,1099
2015-01-12 00:00:00,1.18500,1.18705,1.17857,1.18368,37213
2015-01-13 00:00:00,1.18367,1.18593,1.17527,1.17710,41672
2015-01-14 00:00:00,1.17708,1.18459,1.17270,1.17891,48940
2015-01-15 00:00:00,1.17892,1.17925,1.15672,1.16179,90275
2015-01-16 00:00:00,1.16178,1.16484,1.14597,1.15684,70856
2015-01-17 00:00:00,1.15682,1.15750,1.15530,1.15590,2179
2015-01-19 00:00:00,1.15463,1.16385,1.15456,1.16089,41762
2015-01-20 00:00:00,1.16088,1.16145,1.15400,1.15505,39557
2015-01-21 00:00:00,1.15502,1.16792,1.15408,1.15878,52643
2015-01-22 00:00:00,1.15879,1.16505,1.13517,1.13600,72541
2015-01-23 00:00:00,1.13601,1.13735,1.11139,1.12075,80514
2015-01-24 00:00:00,1.12076,1.12342,1.12019,1.12020,2220
2015-01-26 00:00:00,1.11551,1.12950,1.10971,1.12624,66243
2015-01-27 00:00:00,1.12623,1.14220,1.12232,1.13791,62651
2015-01-28 00:00:00,1.13789,1.13827,1.12816,1.12886,56705
2015-01-29 00:00:00,1.12888,1.13674,1.12614,1.13242,53321
2015-01-30 00:00:00,1.13240,1.13631,1.12784,1.12991,51523
2015-01-31 00:00:00,1.12992,1.12994,1.12783,1.12824,2054
2015-02-02 00:00:00,1.13106,1.13617,1.12919,1.13346,46462
2015-02-03 00:00:00,1.13345,1.15333,1.13121,1.14818,55527
2015-02-04 00:00:00,1.14819,1.14885,1.13784,1.13899,50288
2015-02-05 00:00:00,1.13901,1.14982,1.13031,1.14853,59991
2015-02-06 00:00:00,1.14854,1.14861,1.13113,1.13193,46510
2015-02-07 00:00:00,1.13192,1.13237,1.13110,1.13110,1296
2015-02-09 00:00:00,1.12951,1.13591,1.12697,1.13229,42330
2015-02-10 00:00:00,1.13230,1.13449,1.12724,1.13157,44458
2015-02-11 00:00:00,1.13156,1.13308,1.12793,1.12929,37801
2015-02-12 00:00:00,1.12924,1.14223,1.12879,1.14100,58214
2015-02-13 00:00:00,1.14101,1.14426,1.13793,1.13980,41144
2015-02-14 00:00:00,1.13981,1.14011,1.13847,1.13850,1190
2015-02-16 00:00:00,1.14090,1.14285,1.13191,1.13462,33725
2015-02-17 00:00:00,1.13462,1.14486,1.13215,1.14181,44539
2015-02-18 00:00:00,1.14182,1.14189,1.13333,1.14000,41722
2015-02-19 00:00:00,1.13999,1.14496,1.13548,1.13587,41178
2015-02-20 00:00:00,1.13586,1.14291,1.12784,1.13790,58153
2015-02-21 00:00:00,1.13793,1.13841,1.13698,1.13770,1518
2015-02-23 00:00:00,1.14009,1.14020,1.12946,1.13313,36249
2015-02-24 00:00:00,1.13314,1.13577,1.12881,1.13420,44197
2015-02-25 00:00:00,1.13421,1.13881,1.13353,1.13639,36071
2015-02-26 00:00:00,1.13640,1.13792,1.11831,1.11978,42102
2015-02-27 00:00:00,1.11977,1.12447,1.11753,1.11897,44199
2015-02-28 00:00:00,1.11899,1.11967,1.11892,1.11934,938
2015-03-02 00:00:00,1.11767,1.12401,1.11595,1.11815,34041
2015-03-03 00:00:00,1.11813,1.12170,1.11540,1.11746,32763
2015-03-04 00:00:00,1.11742,1.11852,1.10611,1.10749,38035
2015-03-05 00:00:00,1.10747,1.11142,1.09871,1.10277,46900
2015-03-06 00:00:00,1.10274,1.10325,1.08412,1.08492,48590
2015-03-07 00:00:00,1.08493,1.08546,1.08390,1.08446,1143
2015-03-09 00:00:00,1.08306,1.09059,1.08221,1.08487,36330
2015-03-10 00:00:00,1.08508,1.08549,1.06922,1.06979,54255
2015-03-11 00:00:00,1.06950,1.07163,1.05106,1.05464,62242
2015-03-12 00:00:00,1.05469,1.06834,1.04937,1.06343,64932
2015-03-13 00:00:00,1.06331,1.06343,1.04618,1.04951,56147
2015-03-16 00:00:00,1.04701,1.06191,1.04695,1.05651,52522
2015-03-17 00:00:00,1.05660,1.06503,1.05509,1.05957,48553
2015-03-18 00:00:00,1.05943,1.10428,1.05796,1.08650,77694
2015-03-19 00:00:00,1.08674,1.09192,1.06125,1.06579,96285
2015-03-20 00:00:00,1.06578,1.08818,1.06489,1.08169,71431
2015-03-23 00:00:00,1.08403,1.09710,1.07669,1.09462,83767
2015-03-24 00:00:00,1.09451,1.10289,1.08899,1.09241,72463
2015-03-25 00:00:00,1.09224,1.10141,1.09004,1.09688,61752
2015-03-26 00:00:00,1.09692,1.10520,1.08559,1.08837,66224
2015-03-27 00:00:00,1.08834,1.09482,1.08007,1.08870,68525
2015-03-30 00:00:00,1.08864,1.08947,1.08094,1.08327,55333
2015-03-31 00:00:00,1.08326,1.08448,1.07127,1.07309,57749
2015-04-01 00:00:00,1.07307,1.07994,1.07181,1.07624,57123
2015-04-02 00:00:00,1.07624,1.09048,1.07497,1.08791,55358
2015-04-03 00:00:00,1.08792,1.10265,1.08632,1.09659,43259
2015-04-06 00:00:00,1.10039,1.10352,1.09094,1.09211,42440
2015-04-07 00:00:00,1.09214,1.09544,1.08030,1.08140,57140
2015-04-08 00:00:00,1.08138,1.08871,1.07628,1.07799,60346
2015-04-09 00:00:00,1.07798,1.07883,1.06372,1.06587,54768
2015-04-10 00:00:00,1.06588,1.06832,1.05673,1.06028,54228
2015-04-13 00:00:00,1.05863,1.06186,1.05200,1.05661,58837
2015-04-14 00:00:00,1.05658,1.07068,1.05307,1.06540,62733
2015-04-15 00:00:00,1.06541,1.07016,1.05703,1.06829,68600
2015-04-16 00:00:00,1.06838,1.08173,1.06240,1.07603,77924
2015-04-17 00:00:00,1.07604,1.08481,1.07333,1.08063,72493
2015-04-19 00:00:00,1.08217,1.08236,1.08002,1.08167,1104
2015-04-20 00:00:00,1.08177,1.08218,1.07117,1.07374,57289
2015-04-21 00:00:00,1.07373,1.07808,1.06592,1.07351,53935
2015-04-22 00:00:00,1.07350,1.08003,1.07078,1.07249,55187
2015-04-23 00:00:00,1.07251,1.08455,1.06655,1.08236,62576
2015-04-24 00:00:00,1.08237,1.08996,1.07841,1.08636,65010
2015-04-26 00:00:00,1.08583,1.08670,1.08578,1.08623,374
2015-04-27 00:00:00,1.08634,1.09259,1.08189,1.08896,55423
2015-04-28 00:00:00,1.08896,1.09905,1.08593,1.09794,58303
2015-04-29 00:00:00,1.09804,1.11875,1.09589,1.11260,72335
2015-04-30 00:00:00,1.11255,1.12658,1.10708,1.12235,80251
2015-05-01 00:00:00,1.12226,1.12900,1.11742,1.11979,62824
2015-05-03 00:00:00,1.11797,1.11945,1.11786,1.11913,427
2015-05-04 00:00:00,1.11902,1.12241,1.11223,1.11465,53558
2015-05-05 00:00:00,1.11440,1.12228,1.10658,1.11833,61425
2015-05-06 00:00:00,1.11835,1.13696,1.11743,1.13435,68158
2015-05-07 00:00:00,1.13458,1.13914,1.12367,1.12647,67188
2015-05-08 00:00:00,1.12657,1.12871,1.11789,1.11888,77508
2015-05-10 00:00:00,1.12013,1.12022,1.11945,1.11972,599
2015-05-11 00:00:00,1.11973,1.12063,1.11305,1.11480,59312
2015-05-12 00:00:00,1.11530,1.12784,1.11338,1.12125,56717
2015-05-13 00:00:00,1.12126,1.13822,1.12019,1.13530,59298
2015-05-14 00:00:00,1.13542,1.14442,1.13401,1.14089,65386
2015-05-15 00:00:00,1.14085,1.14667,1.13233,1.14419,63432
2015-05-17 00:00:00,1.14303,1.14468,1.14303,1.14468,346
2015-05-18 00:00:00,1.14457,1.14488,1.12950,1.12950,55401
2015-05-19 00:00:00,1.13060,1.13259,1.11182,1.11325,62909
2015-05-20 00:00:00,1.11511,1.11522,1.10618,1.10924,71460
2015-05-21 00:00:00,1.10913,1.11809,1.10792,1.11115,63095
2015-05-22 00:00:00,1.11115,1.12079,1.10017,1.10070,60415
2015-05-24 00:00:00,1.10042,1.10045,1.09993,1.09996,825
2015-05-25 00:00:00,1.10027,1.10094,1.09586,1.09768,36887
2015-05-26 00:00:00,1.09770,1.09808,1.08628,1.08746,61584
2015-05-27 00:00:00,1.08738,1.09288,1.08188,1.09026,60219
2015-05-28 00:00:00,1.09030,1.09585,1.08665,1.09481,66990
2015-05-29 00:00:00,1.09483,1.10056,1.09254,1.09817,62892
2015-05-31 00:00:00,1.09823,1.09898,1.09787,1.09793,591
2015-06-01 00:00:00,1.09753,1.09885,1.08868,1.09252,58319
2015-06-02 00:00:00,1.09252,1.11936,1.09155,1.11501,73824
2015-06-03 00:00:00,1.11506,1.12848,1.10790,1.12735,71881
2015-06-04 00:00:00,1.12735,1.13794,1.12217,1.12377,72070
2015-06-05 00:00:00,1.12376,1.12795,1.10492,1.11140,75332
2015-06-07 00:00:00,1.10865,1.10986,1.10817,1.10974,1987
2015-06-08 00:00:00,1.10976,1.13065,1.10837,1.12908,68856
2015-06-09 00:00:00,1.12911,1.13452,1.12135,1.12823,67162
2015-06-10 00:00:00,1.12825,1.13857,1.12594,1.13231,74488
2015-06-11 00:00:00,1.13220,1.13312,1.11816,1.12569,64296
2015-06-12 00:00:00,1.12569,1.12961,1.11508,1.12650,68711
2015-06-14 00:00:00,1.12202,1.12370,1.12095,1.12108,1958
2015-06-15 00:00:00,1.12095,1.12940,1.11889,1.12815,60011
2015-06-16 00:00:00,1.12812,1.13293,1.12045,1.12467,51028
2015-06-17 00:00:00,1.12457,1.13576,1.12049,1.13359,61554
2015-06-18 00:00:00,1.13331,1.14361,1.13299,1.13561,63892
2015-06-19 00:00:00,1.13562,1.13994,1.12913,1.13450,53561
2015-06-21 00:00:00,1.13815,1.13815,1.13720,1.13750,1020
2015-06-22 00:00:00,1.13750,1.14097,1.13112,1.13399,55329
2015-06-23 00:00:00,1.13401,1.13470,1.11344,1.11666,58873
2015-06-24 00:00:00,1.11669,1.12343,1.11542,1.12021,60445
2015-06-25 00:00:00,1.12044,1.12277,1.11532,1.12034,52692
2015-06-26 00:00:00,1.11995,1.12194,1.11295,1.11666,49516
2015-06-28 00:00:00,1.10047,1.10169,1.09989,1.10051,3081
2015-06-29 00:00:00,1.10052,1.12777,1.09542,1.12348,89914
2015-06-30 00:00:00,1.12350,1.12440,1.11119,1.11364,65759
2015-07-01 00:00:00,1.11394,1.11709,1.10422,1.10520,53959
2015-07-02 00:00:00,1.10527,1.11208,1.10316,1.10838,51332
2015-07-03 00:00:00,1.10840,1.11173,1.10645,1.11135,42590
2015-07-05 00:00:00,1.09927,1.10157,1.09857,1.09874,3797
2015-07-06 00:00:00,1.09874,1.10953,1.09691,1.10547,69281
2015-07-07 00:00:00,1.10549,1.10588,1.09157,1.10107,60564
2015-07-08 00:00:00,1.10112,1.10924,1.09735,1.10752,64789
2015-07-09 00:00:00,1.10759,1.11247,1.09910,1.10352,59523
2015-07-10 00:00:00,1.10376,1.12156,1.10291,1.11581,68798
2015-07-12 00:00:00,1.11023,1.11057,1.10892,1.10945,1263
2015-07-13 00:00:00,1.10935,1.11965,1.09951,1.10001,66834
2015-07-14 00:00:00,1.10001,1.10836,1.09647,1.10082,57275
2015-07-15 00:00:00,1.10074,1.10353,1.09293,1.09450,52685
2015-07-16 00:00:00,1.09449,1.09621,1.08550,1.08725,53354
2015-07-17 00:00:00,1.08750,1.09065,1.08277,1.08277,43788
2015-07-19 00:00:00,1.08333,1.08372,1.08293,1.08300,388
2015-07-20 00:00:00,1.08300,1.08698,1.08081,1.08244,40805
2015-07-21 00:00:00,1.08244,1.09683,1.08111,1.09334,48024
2015-07-22 00:00:00,1.09334,1.09663,1.08688,1.09283,48671
2015-07-23 00:00:00,1.09285,1.10179,1.09211,1.09818,50700
2015-07-24 00:00:00,1.09829,1.09954,1.09248,1.09817,47359
2015-07-26 00:00:00,1.09829,1.09889,1.09792,1.09813,634
2015-07-27 00:00:00,1.09810,1.11290,1.09685,1.10869,52358
2015-07-28 00:00:00,1.10871,1.10994,1.10215,1.10596,45464
2015-07-29 00:00:00,1.10597,1.10835,1.09663,1.09820,50195
2015-07-30 00:00:00,1.09837,1.09889,1.08928,1.09314,47476
2015-07-31 00:00:00,1.09324,1.11137,1.09204,1.09826,58405
2015-08-02 00:00:00,1.09790,1.09813,1.09657,1.09706,698
2015-08-03 00:00:00,1.09692,1.09957,1.09408,1.09493,46399
2015-08-04 00:00:00,1.09490,1.09872,1.08787,1.08806,44122
2015-08-05 00:00:00,1.08807,1.09374,1.08475,1.09053,48701
2015-08-06 00:00:00,1.09054,1.09434,1.08730,1.09234,42580
2015-08-07 00:00:00,1.09232,1.09780,1.08548,1.09612,48864
2015-08-09 00:00:00,1.09690,1.09732,1.09629,1.09629,457
2015-08-10 00:00:00,1.09629,1.10409,1.09248,1.10184,42853
2015-08-11 00:00:00,1.10186,1.10878,1.09600,1.10416,54614
2015-08-12 00:00:00,1.10422,1.12136,1.10238,1.11594,57520
2015-08-13 00:00:00,1.11595,1.11888,1.10794,1.11490,50443
2015-08-14 00:00:00,1.11490,1.11882,1.10973,1.11057,46147
2015-08-16 00:00:00,1.11130,1.11157,1.11130,1.11148,90
2015-08-17 00:00:00,1.11200,1.11246,1.10580,1.10769,44069
2015-08-18 00:00:00,1.10770,1.10934,1.10167,1.10201,39043
2015-08-19 00:00:00,1.10213,1.11337,1.10172,1.11191,50598
2015-08-20 00:00:00,1.11178,1.12440,1.11065,1.12392,51583
2015-08-21 00:00:00,1.12411,1.13883,1.12286,1.13868,58703
2015-08-23 00:00:00,1.13771,1.13820,1.13712,1.13748,471
2015-08-24 00:00:00,1.13755,1.17135,1.13689,1.16171,108169
2015-08-25 00:00:00,1.16167,1.16213,1.13960,1.15151,94756
2015-08-26 00:00:00,1.15146,1.15610,1.12912,1.13124,89805
2015-08-27 00:00:00,1.13139,1.13640,1.12027,1.12392,65673
2015-08-28 00:00:00,1.12455,1.13094,1.11553,1.11789,58132
2015-08-30 00:00:00,1.11733,1.11736,1.11672,1.11710,491
2015-08-31 00:00:00,1.11698,1.12621,1.11698,1.12094,52095
2015-09-01 00:00:00,1.12102,1.13316,1.12077,1.13133,65603
2015-09-02 00:00:00,1.13142,1.13187,1.12159,1.12251,57294
2015-09-03 00:00:00,1.12250,1.12429,1.10869,1.11230,55203
2015-09-04 00:00:00,1.11230,1.11895,1.10892,1.11505,57185
2015-09-06 00:00:00,1.11596,1.11661,1.11586,1.11629,1705
2015-09-07 00:00:00,1.11614,1.11772,1.11210,1.11688,39308
2015-09-08 00:00:00,1.11695,1.12289,1.11520,1.12015,47741
2015-09-09 00:00:00,1.12022,1.12159,1.11312,1.12063,49331
2015-09-10 00:00:00,1.12022,1.12950,1.11713,1.12797,58956
2015-09-11 00:00:00,1.12791,1.13491,1.12535,1.13360,50784
2015-09-13 00:00:00,1.13324,1.13335,1.13299,1.13319,1148
2015-09-14 00:00:00,1.13319,1.13728,1.12830,1.13158,41125
2015-09-15 00:00:00,1.13164,1.13284,1.12581,1.12682,45030
2015-09-16 00:00:00,1.12679,1.13203,1.12136,1.12889,42828
2015-09-17 00:00:00,1.12889,1.14410,1.12840,1.14337,58326
2015-09-18 00:00:00,1.14335,1.14596,1.12691,1.12991,56821
2015-09-20 00:00:00,1.12673,1.12873,1.12648,1.12831,3199
2015-09-21 00:00:00,1.12812,1.13295,1.11807,1.11891,46018
2015-09-22 00:00:00,1.11892,1.12072,1.11127,1.11185,44337
2015-09-23 00:00:00,1.11187,1.12130,1.11047,1.11855,53982
2015-09-24 00:00:00,1.11857,1.12954,1.11640,1.12287,56848
2015-09-25 00:00:00,1.12292,1.12292,1.11157,1.11940,59059
2015-09-27 00:00:00,1.11746,1.11850,1.11746,1.11841,491
2015-09-28 00:00:00,1.11811,1.12472,1.11458,1.12439,52498
2015-09-29 00:00:00,1.12435,1.12809,1.11934,1.12477,53709
2015-09-30 00:00:00,1.12477,1.12610,1.11566,1.11757,47555
2015-10-01 00:00:00,1.11747,1.12086,1.11346,1.11940,43502
2015-10-02 00:00:00,1.11948,1.13180,1.11498,1.12136,53953
2015-10-04 00:00:00,1.12250,1.12256,1.12153,1.12193,562
2015-10-05 00:00:00,1.12193,1.12888,1.11729,1.11865,47314
2015-10-06 00:00:00,1.11852,1.12793,1.11715,1.12698,42182
2015-10-07 00:00:00,1.12715,1.12839,1.12109,1.12368,47237
2015-10-08 00:00:00,1.12369,1.13264,1.12257,1.12753,49004
2015-10-09 00:00:00,1.12753,1.13867,1.12643,1.13571,46311
2015-10-11 00:00:00,1.13601,1.13621,1.13597,1.13603,84
2015-10-12 00:00:00,1.13603,1.13966,1.13539,1.13581,33168
2015-10-13 00:00:00,1.13581,1.14105,1.13436,1.13782,41424
2015-10-14 00:00:00,1.13783,1.14887,1.13670,1.14730,43435
2015-10-15 00:00:00,1.14731,1.14949,1.13625,1.13906,51145
2015-10-16 00:00:00,1.13821,1.13952,1.13338,1.13481,44423
2015-10-18 00:00:00,1.13466,1.13607,1.13456,1.13605,5144
2015-10-19 00:00:00,1.13604,1.13785,1.13054,1.13263,42161
2015-10-20 00:00:00,1.13260,1.13865,1.13235,1.13441,36635
2015-10-21 00:00:00,1.13461,1.13770,1.13319,1.13366,37048
2015-10-22 00:00:00,1.13369,1.13506,1.10998,1.11061,51650
2015-10-23 00:00:00,1.11048,1.11394,1.09961,1.10171,55656
2015-10-25 00:00:00,1.09981,1.10037,1.09927,1.10034,4191
2015-10-26 00:00:00,1.10038,1.10679,1.09997,1.10558,42165
2015-10-27 00:00:00,1.10549,1.10781,1.10296,1.10478,40658
2015-10-28 00:00:00,1.10508,1.10950,1.08964,1.09197,51632
2015-10-29 00:00:00,1.09201,1.09853,1.09023,1.09748,49553
2015-10-30 00:00:00,1.09747,1.10722,1.09650,1.10048,54851
2015-11-01 00:00:00,1.10365,1.10434,1.10315,1.10390,2339
2015-11-02 00:00:00,1.10375,1.10520,1.09999,1.10146,44107
2015-11-03 00:00:00,1.10145,1.10298,1.09357,1.09606,39322
2015-11-04 00:00:00,1.09607,1.09685,1.08436,1.08595,46538
2015-11-05 00:00:00,1.08596,1.08971,1.08331,1.08740,46507
2015-11-06 00:00:00,1.08739,1.08933,1.07057,1.07414,49208
2015-11-08 00:00:00,1.07363,1.07365,1.07241,1.07260,1499
2015-11-09 00:00:00,1.07242,1.07895,1.07190,1.07555,45832
2015-11-10 00:00:00,1.07555,1.07636,1.06738,1.07139,44237
2015-11-11 00:00:00,1.07140,1.07732,1.07050,1.07418,43878
2015-11-12 00:00:00,1.07417,1.08297,1.06906,1.08090,53850
2015-11-13 00:00:00,1.08092,1.08230,1.07136,1.07484,50124
2015-11-15 00:00:00,1.07320,1.07414,1.07244,1.07265,2492
2015-11-16 00:00:00,1.07250,1.07578,1.06741,1.06840,46758
2015-11-17 00:00:00,1.06841,1.06903,1.06302,1.06463,42665
2015-11-18 00:00:00,1.06462,1.06919,1.06166,1.06512,42444
2015-11-19 00:00:00,1.06510,1.07625,1.06509,1.07327,46680
2015-11-20 00:00:00,1.07325,1.07387,1.06401,1.06426,43389
2015-11-22 00:00:00,1.06370,1.06385,1.06345,1.06381,1321
2015-11-23 00:00:00,1.06381,1.06563,1.05918,1.06266,43817
2015-11-24 00:00:00,1.06268,1.06729,1.06192,1.06451,43471
2015-11-25 00:00:00,1.06453,1.06889,1.05656,1.06163,47103
2015-11-26 00:00:00,1.06162,1.06270,1.05994,1.06063,29932
2015-11-27 00:00:00,1.06062,1.06376,1.05681,1.05933,34022
2015-11-29 00:00:00,1.05891,1.05909,1.05873,1.05878,808
2015-11-30 00:00:00,1.05883,1.05950,1.05573,1.05658,37159
2015-12-01 00:00:00,1.05659,1.06366,1.05575,1.06313,38590
2015-12-02 00:00:00,1.06312,1.06350,1.05502,1.06156,43648
2015-12-03 00:00:00,1.06159,1.09803,1.05225,1.09500,81964
2015-12-04 00:00:00,1.09498,1.09586,1.08356,1.08736,67059
2015-12-07 00:00:00,1.08713,1.08868,1.07954,1.08447,38135
2015-12-08 00:00:00,1.08509,1.09019,1.08399,1.08940,36392
2015-12-09 00:00:00,1.08939,1.10422,1.08787,1.10181,52801
2015-12-10 00:00:00,1.10183,1.10297,1.09247,1.09459,46678
2015-12-11 00:00:00,1.09462,1.10304,1.09259,1.09889,52368
2015-12-13 00:00:00,1.09815,1.09842,1.09762,1.09776,1307
2015-12-14 00:00:00,1.09777,1.10481,1.09450,1.09851,54146
2015-12-15 00:00:00,1.09848,1.10592,1.09040,1.09207,50056
2015-12-16 00:00:00,1.09207,1.10110,1.08879,1.09171,66785
2015-12-17 00:00:00,1.09170,1.09178,1.08020,1.08176,52690
2015-12-18 00:00:00,1.08175,1.08742,1.08043,1.08725,53039
2015-12-21 00:00:00,1.08634,1.09384,1.08475,1.09203,43329
2015-12-22 00:00:00,1.09204,1.09837,1.09018,1.09504,39308
2015-12-23 00:00:00,1.09506,1.09568,1.08695,1.09226,36154
2015-12-24 00:00:00,1.09227,1.09672,1.09032,1.09629,32192
2015-12-25 00:00:00,1.09641,1.09691,1.09390,1.09680,54113
2015-12-28 00:00:00,1.09539,1.09921,1.09376,1.09730,38084
2015-12-29 00:00:00,1.09732,1.09912,1.08987,1.09337,33911
2015-12-30 00:00:00,1.09337,1.09433,1.09011,1.09303,41925
2015-12-31 00:00:00,1.09303,1.09366,1.08596,1.08666,26151
2016-01-04 00:00:00,1.08589,1.09459,1.07806,1.08285,55773
2016-01-05 00:00:00,1.08288,1.08385,1.07100,1.07496,43748
2016-01-06 00:00:00,1.07500,1.07991,1.07149,1.07867,50734
2016-01-07 00:00:00,1.07866,1.09398,1.07705,1.09341,57109
2016-01-08 00:00:00,1.09340,1.09394,1.08027,1.09187,63300
2016-01-10 00:00:00,1.09210,1.09211,1.09107,1.09185,2244
2016-01-11 00:00:00,1.09186,1.09694,1.08473,1.08514,52801
2016-01-12 00:00:00,1.08516,1.08999,1.08194,1.08537,47248
2016-01-13 00:00:00,1.08539,1.08832,1.08044,1.08819,46875
2016-01-14 00:00:00,1.08818,1.09426,1.08341,1.08636,56471
2016-01-15 00:00:00,1.08637,1.09839,1.08540,1.09166,60321
2016-01-17 00:00:00,1.09319,1.09385,1.09262,1.09325,3487
2016-01-18 00:00:00,1.09326,1.09377,1.08685,1.08981,42770
2016-01-19 00:00:00,1.08980,1.09384,1.08588,1.09098,45874
2016-01-20 00:00:00,1.09099,1.09754,1.08767,1.08908,58112
2016-01-21 00:00:00,1.08909,1.09211,1.07773,1.08871,66512
2016-01-22 00:00:00,1.08870,1.08888,1.07886,1.07963,49167
2016-01-24 00:00:00,1.08003,1.08020,1.07918,1.07954,2203
2016-01-25 00:00:00,1.07954,1.08561,1.07868,1.08537,40554
2016-01-26 00:00:00,1.08538,1.08739,1.08181,1.08588,40936
2016-01-27 00:00:00,1.08590,1.09161,1.08500,1.08915,49918
2016-01-28 00:00:00,1.08916,1.09672,1.08690,1.09405,46172
2016-01-29 00:00:00,1.09406,1.09480,1.08094,1.08329,56903
2016-01-31 00:00:00,1.08311,1.08349,1.08241,1.08330,2261
2016-02-01 00:00:00,1.08329,1.09123,1.08141,1.08940,41969
2016-02-02 00:00:00,1.08943,1.09394,1.08829,1.09128,39924
2016-02-03 00:00:00,1.09126,1.11451,1.09031,1.11081,59502
2016-02-04 00:00:00,1.11074,1.12382,1.10689,1.12050,63565
2016-02-05 00:00:00,1.12050,1.12479,1.11082,1.11523,61169
2016-02-07 00:00:00,1.11517,1.11541,1.11410,1.11463,2041
2016-02-08 00:00:00,1.11464,1.12154,1.10861,1.11891,54837
2016-02-09 00:00:00,1.11888,1.13374,1.11615,1.12936,68717
2016-02-10 00:00:00,1.12936,1.13111,1.11598,1.12930,69438
2016-02-11 00:00:00,1.12933,1.13759,1.12735,1.13246,82308
2016-02-12 00:00:00,1.13241,1.13333,1.12135,1.12542,59300
2016-02-14 00:00:00,1.12302,1.12367,1.12271,1.12366,3672
2016-02-15 00:00:00,1.12366,1.12508,1.11275,1.11525,42922
2016-02-16 00:00:00,1.11525,1.11927,1.11235,1.11417,48297
2016-02-17 00:00:00,1.11421,1.11788,1.11055,1.11297,46404
2016-02-18 00:00:00,1.11298,1.11492,1.10705,1.10975,46075
2016-02-19 00:00:00,1.10977,1.11388,1.10662,1.11292,46794
2016-02-21 00:00:00,1.11156,1.11234,1.11149,1.11217,1671
2016-02-22 00:00:00,1.11217,1.11242,1.10027,1.10243,44750
2016-02-23 00:00:00,1.10242,1.10521,1.09896,1.10174,45078
2016-02-24 00:00:00,1.10173,1.10458,1.09567,1.10064,49687
2016-02-25 00:00:00,1.10064,1.10493,1.09861,1.10241,45919
2016-02-26 00:00:00,1.10239,1.10678,1.09111,1.09393,45690
2016-02-28 00:00:00,1.09271,1.09279,1.09193,1.09201,1706
2016-02-29 00:00:00,1.09213,1.09620,1.08587,1.08783,44532
2016-03-01 00:00:00,1.08785,1.08931,1.08336,1.08671,47559
2016-03-02 00:00:00,1.08668,1.08806,1.08249,1.08654,40902
2016-03-03 00:00:00,1.08649,1.09723,1.08529,1.09608,42970
2016-03-04 00:00:00,1.09608,1.10429,1.09026,1.10021,55003
2016-03-06 00:00:00,1.09918,1.09977,1.09896,1.09910,1513
2016-03-07 00:00:00,1.09910,1.10254,1.09394,1.10116,39994
2016-03-08 00:00:00,1.10117,1.10573,1.09931,1.10050,42671
2016-03-09 00:00:00,1.10051,1.10344,1.09455,1.10039,41941
2016-03-10 00:00:00,1.10041,1.12175,1.08213,1.11778,81689
2016-03-11 00:00:00,1.11777,1.12091,1.10798,1.11499,58056
2016-03-13 00:00:00,1.11495,1.11495,1.11330,1.11379,1794
2016-03-14 00:00:00,1.11378,1.11761,1.10772,1.11004,46153
2016-03-15 00:00:00,1.11005,1.11245,1.10713,1.11077,41440
2016-03-16 00:00:00,1.11081,1.12418,1.10573,1.12232,52362
2016-03-17 00:00:00,1.12242,1.13420,1.12046,1.13169,56529
2016-03-18 00:00:00,1.13173,1.13363,1.12555,1.12689,44489
2016-03-20 00:00:00,1.12593,1.12618,1.12540,1.12617,1181
2016-03-21 00:00:00,1.12615,1.12843,1.12339,1.12408,42010
2016-03-22 00:00:00,1.12410,1.12595,1.11881,1.12162,44678
2016-03-23 00:00:00,1.12162,1.12230,1.11589,1.11809,36104
2016-03-24 00:00:00,1.11796,1.11870,1.11438,1.11743,37733
2016-03-25 00:00:00,1.11747,1.11808,1.11531,1.11619,16094
2016-03-27 00:00:00,1.11633,1.11659,1.11600,1.11607,157
2016-03-28 00:00:00,1.11607,1.12195,1.11504,1.11963,23945
2016-03-29 00:00:00,1.11962,1.13028,1.11684,1.12900,44651
2016-03-30 00:00:00,1.12898,1.13648,1.12831,1.13375,45422
2016-03-31 00:00:00,1.13375,1.14114,1.13095,1.13794,44385
2016-04-01 00:00:00,1.13800,1.14372,1.13342,1.13811,49150
2016-04-03 00:00:00,1.13928,1.14007,1.13880,1.13995,1302
2016-04-04 00:00:00,1.13999,1.14121,1.13570,1.13901,38877
2016-04-05 00:00:00,1.13900,1.14044,1.13354,1.13836,42087
2016-04-06 00:00:00,1.13831,1.14312,1.13261,1.13981,45395
2016-04-07 00:00:00,1.13982,1.14535,1.13371,1.13768,50110
2016-04-08 00:00:00,1.13765,1.14187,1.13484,1.13983,41317
2016-04-10 00:00:00,1.14179,1.14195,1.14123,1.14155,1153
2016-04-11 00:00:00,1.14150,1.14469,1.13717,1.14076,41871
2016-04-12 00:00:00,1.14064,1.14643,1.13451,1.13848,44195
2016-04-13 00:00:00,1.13852,1.13907,1.12677,1.12721,46396
2016-04-14 00:00:00,1.12722,1.12944,1.12332,1.12673,41839
2016-04-15 00:00:00,1.12674,1.13164,1.12452,1.12792,38837
2016-04-17 00:00:00,1.13085,1.13120,1.12987,1.13020,2990
2016-04-18 00:00:00,1.13022,1.13317,1.12730,1.13108,41247
2016-04-19 00:00:00,1.13127,1.13842,1.13028,1.13572,36962
2016-04-20 00:00:00,1.13573,1.13874,1.12899,1.12957,38825
2016-04-21 00:00:00,1.12957,1.13978,1.12694,1.12868,52101
2016-04-22 00:00:00,1.12868,1.13082,1.12175,1.12213,42507
2016-04-24 00:00:00,1.12222,1.12258,1.12144,1.12172,2267
2016-04-25 00:00:00,1.12159,1.12777,1.12153,1.12669,38570
2016-04-26 00:00:00,1.12659,1.13391,1.12558,1.12964,40133
2016-04-27 00:00:00,1.12952,1.13610,1.12714,1.13212,46785
2016-04-28 00:00:00,1.13204,1.13675,1.12953,1.13514,48970
2016-04-29 00:00:00,1.13477,1.14588,1.13457,1.14515,45888
2016-05-01 00:00:00,1.14500,1.14624,1.14487,1.14604,2258
2016-05-02 00:00:00,1.14604,1.15355,1.14477,1.15317,40361
2016-05-03 00:00:00,1.15321,1.16157,1.14935,1.14942,46521
2016-05-04 00:00:00,1.14938,1.15290,1.14658,1.14859,48890
2016-05-05 00:00:00,1.14857,1.14934,1.13853,1.14026,39556
2016-05-06 00:00:00,1.14024,1.14790,1.13860,1.14025,44594
2016-05-08 00:00:00,1.13950,1.13966,1.13918,1.13955,993
2016-05-09 00:00:00,1.13955,1.14194,1.13748,1.13809,38917
2016-05-10 00:00:00,1.13811,1.14095,1.13582,1.13695,38693
2016-05-11 00:00:00,1.13696,1.14460,1.13668,1.14234,34545
2016-05-12 00:00:00,1.14237,1.14288,1.13699,1.13742,34797
2016-05-13 00:00:00,1.13739,1.13793,1.12823,1.13028,39344
2016-05-15 00:00:00,1.13031,1.13141,1.13000,1.13091,1563
2016-05-16 00:00:00,1.13106,1.13419,1.13010,1.13190,34302
2016-05-17 00:00:00,1.13193,1.13482,1.13014,1.13125,33946
2016-05-18 00:00:00,1.13138,1.13156,1.12136,1.12152,39124
2016-05-19 00:00:00,1.12158,1.12294,1.11794,1.12001,39429
2016-05-20 00:00:00,1.12004,1.12369,1.11958,1.12219,32575
2016-05-22 00:00:00,1.12101,1.12208,1.12050,1.12080,2760
2016-05-23 00:00:00,1.12078,1.12426,1.11869,1.12198,34762
2016-05-24 00:00:00,1.12200,1.12265,1.11319,1.11403,36269
2016-05-25 00:00:00,1.11403,1.11664,1.11282,1.11541,34744
2016-05-26 00:00:00,1.11542,1.12162,1.11488,1.11932,36466
2016-05-27 00:00:00,1.11933,1.12002,1.11095,1.11140,34461
2016-05-29 00:00:00,1.11163,1.11173,1.11121,1.11128,858
2016-05-30 00:00:00,1.11129,1.11441,1.10973,1.11352,25964
2016-05-31 00:00:00,1.11353,1.11730,1.11215,1.11293,37943
2016-06-01 00:00:00,1.11290,1.11936,1.11135,1.11861,39067
2016-06-02 00:00:00,1.11862,1.12194,1.11448,1.11481,41751
2016-06-03 00:00:00,1.11482,1.13736,1.11362,1.13667,45704
2016-06-05 00:00:00,1.13477,1.13626,1.13460,1.13557,2607
2016-06-06 00:00:00,1.13533,1.13922,1.13255,1.13534,44292
2016-06-07 00:00:00,1.13528,1.13800,1.13381,1.13562,35572
2016-06-08 00:00:00,1.13565,1.14102,1.13539,1.13940,34647
2016-06-09 00:00:00,1.13918,1.14151,1.13050,1.13139,38550
2016-06-10 00:00:00,1.13140,1.13209,1.12446,1.12499,39235
2016-06-12 00:00:00,1.12510,1.12514,1.12443,1.12504,2035
2016-06-13 00:00:00,1.12505,1.13025,1.12315,1.12895,41042
2016-06-14 00:00:00,1.12918,1.12980,1.11883,1.12045,41318
2016-06-15 00:00:00,1.12046,1.12983,1.11892,1.12573,45303
2016-06-16 00:00:00,1.12568,1.12943,1.11304,1.12224,53480
2016-06-17 00:00:00,1.12229,1.12958,1.12212,1.12729,45562
2016-06-19 00:00:00,1.13234,1.13366,1.13223,1.13290,1788
2016-06-20 00:00:00,1.13287,1.13821,1.13013,1.13111,46648
2016-06-21 00:00:00,1.13115,1.13491,1.12393,1.12396,44004
2016-06-22 00:00:00,1.12397,1.13371,1.12361,1.12940,44009
2016-06-23 00:00:00,1.12941,1.14208,1.12935,1.13852,63068
2016-06-24 00:00:00,1.13827,1.14273,1.09081,1.10800,184995
2016-06-26 00:00:00,1.10119,1.10324,1.10010,1.10095,6474
2016-06-27 00:00:00,1.10108,1.10830,1.09704,1.10226,85832
2016-06-28 00:00:00,1.10223,1.11111,1.10098,1.10619,53181
2016-06-29 00:00:00,1.10625,1.11299,1.10487,1.11215,55138
2016-06-30 00:00:00,1.11218,1.11539,1.10233,1.11049,63577
2016-07-01 00:00:00,1.11039,1.11689,1.10715,1.11375,47829
2016-07-03 00:00:00,1.11302,1.11358,1.11182,1.11298,5472
2016-07-04 00:00:00,1.11301,1.11590,1.10972,1.11525,34925
2016-07-05 00:00:00,1.11523,1.11849,1.10619,1.10751,39337
2016-07-06 00:00:00,1.10751,1.11110,1.10286,1.10992,48632
2016-07-07 00:00:00,1.10994,1.11064,1.10520,1.10617,38597
2016-07-08 00:00:00,1.10615,1.11199,1.10018,1.10500,40514
2016-07-10 00:00:00,1.10464,1.10505,1.10438,1.10450,351
2016-07-11 00:00:00,1.10453,1.10739,1.10154,1.10571,33098
2016-07-12 00:00:00,1.10564,1.11252,1.10514,1.10596,36457
2016-07-13 00:00:00,1.10598,1.11191,1.10414,1.10889,34758
2016-07-14 00:00:00,1.10886,1.11641,1.10874,1.11170,39973
2016-07-15 00:00:00,1.11186,1.11483,1.10241,1.10315,38809
2016-07-17 00:00:00,1.10520,1.10536,1.10460,1.10495,445
2016-07-18 00:00:00,1.10475,1.10835,1.10370,1.10744,32408
2016-07-19 00:00:00,1.10746,1.10800,1.09994,1.10209,31371
2016-07-20 00:00:00,1.10209,1.10288,1.09808,1.10144,31966
2016-07-21 00:00:00,1.10139,1.10591,1.09793,1.10255,41593
2016-07-22 00:00:00,1.10254,1.10404,1.09551,1.09761,31719
2016-07-24 00:00:00,1.09770,1.09861,1.09675,1.09711,981
2016-07-25 00:00:00,1.09715,1.09981,1.09513,1.09944,26231
2016-07-26 00:00:00,1.09934,1.10292,1.09777,1.09862,26600
2016-07-27 00:00:00,1.09845,1.10642,1.09612,1.10572,34169
2016-07-28 00:00:00,1.10577,1.11188,1.10518,1.10754,31027
2016-07-29 00:00:00,1.10766,1.11967,1.10726,1.11747,36928
2016-07-31 00:00:00,1.11700,1.11726,1.11552,1.11713,496
2016-08-01 00:00:00,1.11726,1.11839,1.11546,1.11621,23981
2016-08-02 00:00:00,1.11605,1.12329,1.11580,1.12232,23394
2016-08-03 00:00:00,1.12227,1.12266,1.11401,1.11489,22205
2016-08-04 00:00:00,1.11488,1.11555,1.11138,1.11282,24184
2016-08-05 00:00:00,1.11279,1.11606,1.10453,1.10871,23513
2016-08-07 00:00:00,1.10761,1.10805,1.10761,1.10771,260
2016-08-08 00:00:00,1.10776,1.11044,1.10610,1.10875,19853
2016-08-09 00:00:00,1.10863,1.11217,1.10699,1.11163,19330
2016-08-10 00:00:00,1.11141,1.11894,1.11123,1.11761,23860
2016-08-11 00:00:00,1.11759,1.11910,1.11348,1.11367,23709
2016-08-12 00:00:00,1.11372,1.12206,1.11308,1.11628,24378
2016-08-14 00:00:00,1.11672,1.11674,1.11655,1.11672,101
2016-08-15 00:00:00,1.11677,1.12029,1.11532,1.11829,18935
2016-08-16 00:00:00,1.11828,1.13217,1.11768,1.12780,30361
2016-08-17 00:00:00,1.12779,1.13151,1.12411,1.12848,28971
2016-08-18 00:00:00,1.12848,1.13656,1.12847,1.13528,33276
2016-08-19 00:00:00,1.13527,1.13593,1.13036,1.13227,27254
2016-08-21 00:00:00,1.13068,1.13288,1.13043,1.13072,3173
2016-08-22 00:00:00,1.13086,1.13299,1.12706,1.13191,27042
2016-08-23 00:00:00,1.13183,1.13542,1.13027,1.13050,24398
2016-08-24 00:00:00,1.13054,1.13107,1.12447,1.12630,24838
2016-08-25 00:00:00,1.12635,1.12968,1.12587,1.12850,21835
2016-08-26 00:00:00,1.12794,1.13394,1.11801,1.11946,33708
2016-08-28 00:00:00,1.11803,1.11835,1.11741,1.11768,674
2016-08-29 00:00:00,1.11787,1.12072,1.11575,1.11882,27479
2016-08-30 00:00:00,1.11883,1.11918,1.11315,1.11426,25461
2016-08-31 00:00:00,1.11422,1.11648,1.11226,1.11582,26178
2016-09-01 00:00:00,1.11579,1.12046,1.11269,1.11958,26802
2016-09-02 00:00:00,1.11947,1.12511,1.11501,1.11549,31457
2016-09-04 00:00:00,1.11502,1.11569,1.11500,1.11568,471
2016-09-05 00:00:00,1.11569,1.11817,1.11396,1.11463,18384
2016-09-06 00:00:00,1.11462,1.12624,1.11406,1.12549,26226
2016-09-07 00:00:00,1.12539,1.12706,1.12288,1.12386,25910
2016-09-08 00:00:00,1.12384,1.13261,1.12341,1.12591,33844
2016-09-09 00:00:00,1.12590,1.12842,1.11981,1.12311,29468
2016-09-11 00:00:00,1.12373,1.12379,1.12358,1.12358,127
2016-09-12 00:00:00,1.12357,1.12673,1.12098,1.12345,34235
2016-09-13 00:00:00,1.12346,1.12592,1.12034,1.12195,29697
2016-09-14 00:00:00,1.12195,1.12733,1.12103,1.12492,27225
2016-09-15 00:00:00,1.12470,1.12832,1.12186,1.12429,30589
2016-09-16 00:00:00,1.12429,1.12495,1.11489,1.11557,26300
2016-09-18 00:00:00,1.11556,1.11557,1.11488,1.11520,442
2016-09-19 00:00:00,1.11521,1.11973,1.11503,1.11746,21628
2016-09-20 00:00:00,1.11747,1.12127,1.11494,1.11497,23774
2016-09-21 00:00:00,1.11498,1.11959,1.11225,1.11885,35442
2016-09-22 00:00:00,1.11883,1.12565,1.11842,1.12076,26046
2016-09-23 00:00:00,1.12078,1.12400,1.11933,1.12249,24451
2016-09-25 00:00:00,1.12224,1.12298,1.12216,1.12291,306
2016-09-26 00:00:00,1.12292,1.12785,1.12205,1.12533,24282
2016-09-27 00:00:00,1.12534,1.12582,1.11905,1.12137,25058
2016-09-28 00:00:00,1.12136,1.12362,1.11815,1.12164,26900
2016-09-29 00:00:00,1.12163,1.12490,1.11964,1.12221,27804
2016-09-30 00:00:00,1.12220,1.12494,1.11527,1.12403,33264
2016-10-02 00:00:00,1.12269,1.12323,1.12269,1.12293,386
2016-10-03 00:00:00,1.12283,1.12432,1.12047,1.12103,24364
2016-10-04 00:00:00,1.12104,1.12382,1.11373,1.12039,34105
2016-10-05 00:00:00,1.12038,1.12327,1.11891,1.12048,28238
2016-10-06 00:00:00,1.12048,1.12119,1.11394,1.11514,27274
2016-10-07 00:00:00,1.11513,1.12040,1.11038,1.12016,45285
2016-10-09 00:00:00,1.11805,1.11827,1.11685,1.11787,886
2016-10-10 00:00:00,1.11774,1.12028,1.11307,1.11383,25327
2016-10-11 00:00:00,1.11384,1.11418,1.10483,1.10529,30899
2016-10-12 00:00:00,1.10531,1.10671,1.10039,1.10064,34871
2016-10-13 00:00:00,1.10069,1.10570,1.09849,1.10555,34368
2016-10-14 00:00:00,1.10553,1.10578,1.09700,1.09713,31495
2016-10-16 00:00:00,1.09689,1.09709,1.09674,1.09687,174
2016-10-17 00:00:00,1.09671,1.10073,1.09633,1.09994,25170
2016-10-18 00:00:00,1.09993,1.10257,1.09695,1.09805,25151
2016-10-19 00:00:00,1.09804,1.10041,1.09545,1.09729,25515
2016-10-20 00:00:00,1.09728,1.10385,1.09153,1.09289,31764
2016-10-21 00:00:00,1.09290,1.09292,1.08590,1.08847,25545
2016-10-23 00:00:00,1.08825,1.08825,1.08811,1.08822,87
2016-10-24 00:00:00,1.08808,1.08990,1.08590,1.08810,23313
2016-10-25 00:00:00,1.08811,1.09042,1.08506,1.08878,27884
2016-10-26 00:00:00,1.08879,1.09459,1.08739,1.09082,26650
2016-10-27 00:00:00,1.09083,1.09415,1.08820,1.08961,29294
2016-10-28 00:00:00,1.08963,1.09910,1.08927,1.09872,33750
2016-10-30 00:00:00,1.09859,1.09919,1.09859,1.09906,288
2016-10-31 00:00:00,1.09906,1.09906,1.09354,1.09802,25834
2016-11-01 00:00:00,1.09800,1.10682,1.09594,1.10552,25983
2016-11-02 00:00:00,1.10551,1.11224,1.10491,1.10968,33109
2016-11-03 00:00:00,1.10969,1.11252,1.10592,1.11045,31314
2016-11-04 00:00:00,1.11046,1.11411,1.10795,1.11408,28582
2016-11-06 00:00:00,1.11162,1.11178,1.10419,1.10654,3674
2016-11-07 00:00:00,1.10654,1.11099,1.10271,1.10443,29927
2016-11-08 00:00:00,1.10442,1.10661,1.10083,1.10141,24017
2016-11-09 00:00:00,1.10142,1.12988,1.09086,1.09086,95084
2016-11-10 00:00:00,1.09087,1.09527,1.08643,1.08856,46372
2016-11-11 00:00:00,1.08853,1.09229,1.08298,1.08470,45738
2016-11-13 00:00:00,1.08309,1.08340,1.08262,1.08299,518
2016-11-14 00:00:00,1.08299,1.08396,1.07085,1.07338,51347
2016-11-15 00:00:00,1.07336,1.08157,1.07135,1.07283,43334
2016-11-16 00:00:00,1.07284,1.07589,1.06656,1.06830,42573
2016-11-17 00:00:00,1.06827,1.07448,1.06192,1.06241,41736
2016-11-18 00:00:00,1.06239,1.06422,1.05687,1.05900,45776
2016-11-20 00:00:00,1.05958,1.06044,1.05921,1.05993,863
2016-11-21 00:00:00,1.05993,1.06484,1.05784,1.06248,37306
2016-11-22 00:00:00,1.06246,1.06573,1.05835,1.06240,35468
2016-11-23 00:00:00,1.06238,1.06431,1.05256,1.05526,37280
2016-11-24 00:00:00,1.05526,1.05848,1.05175,1.05528,35073
2016-11-25 00:00:00,1.05526,1.06266,1.05381,1.05927,38773
2016-11-27 00:00:00,1.05968,1.06179,1.05968,1.06106,1305
2016-11-28 00:00:00,1.06106,1.06846,1.05631,1.06067,40064
2016-11-29 00:00:00,1.06065,1.06488,1.05645,1.06446,31577
2016-11-30 00:00:00,1.06450,1.06658,1.05525,1.05963,36777
2016-12-01 00:00:00,1.05965,1.06619,1.05841,1.06595,38244
2016-12-02 00:00:00,1.06597,1.06892,1.06250,1.06626,35790
2016-12-04 00:00:00,1.06514,1.06556,1.06426,1.06445,1117
2016-12-05 00:00:00,1.06445,1.07956,1.05060,1.07619,65578
2016-12-06 00:00:00,1.07621,1.07846,1.06979,1.07214,33673
2016-12-07 00:00:00,1.07209,1.07672,1.07097,1.07626,27314
2016-12-08 00:00:00,1.07622,1.08725,1.05969,1.06150,51349
2016-12-09 00:00:00,1.06152,1.06290,1.05306,1.05553,34712
2016-12-11 00:00:00,1.05433,1.05443,1.05300,1.05311,1118
2016-12-12 00:00:00,1.05314,1.06510,1.05246,1.06335,34921
2016-12-13 00:00:00,1.06339,1.06662,1.06032,1.06200,31726
2016-12-14 00:00:00,1.06202,1.06695,1.04967,1.05318,41072
2016-12-15 00:00:00,1.05321,1.05395,1.03659,1.04128,54891
2016-12-16 00:00:00,1.04124,1.04733,1.04002,1.04401,39963
2016-12-18 00:00:00,1.04306,1.04353,1.04306,1.04308,487
2016-12-19 00:00:00,1.04308,1.04789,1.03945,1.03998,36407
2016-12-20 00:00:00,1.03996,1.04173,1.03517,1.03890,34341
2016-12-21 00:00:00,1.03888,1.04503,1.03820,1.04299,30815
2016-12-22 00:00:00,1.04301,1.04986,1.04208,1.04335,32734
2016-12-23 00:00:00,1.04337,1.04681,1.04261,1.04483,21902
2016-12-27 00:00:00,1.04562,1.04627,1.04321,1.04546,18974
2016-12-28 00:00:00,1.04549,1.04790,1.03715,1.04072,25053
2016-12-29 00:00:00,1.04068,1.04933,1.04057,1.04832,38493
2016-12-30 00:00:00,1.04829,1.06538,1.04806,1.05296,54782
2017-01-02 00:00:00,1.05136,1.05236,1.04567,1.04596,12341
2017-01-03 00:00:00,1.04594,1.04895,1.03403,1.04016,40658
2017-01-04 00:00:00,1.04014,1.04992,1.03892,1.04855,40528
2017-01-05 00:00:00,1.04849,1.06145,1.04802,1.05984,53547
2017-01-06 00:00:00,1.05982,1.06215,1.05243,1.05326,44895
2017-01-08 00:00:00,1.05298,1.05303,1.05287,1.05287,120
2017-01-09 00:00:00,1.05287,1.05821,1.05103,1.05682,34505
2017-01-10 00:00:00,1.05684,1.06256,1.05507,1.05609,39730
2017-01-11 00:00:00,1.05607,1.06219,1.04536,1.05725,51714
2017-01-12 00:00:00,1.05722,1.06842,1.05713,1.06227,51865
2017-01-13 00:00:00,1.06224,1.06731,1.05961,1.06372,40398
2017-01-15 00:00:00,1.06167,1.06167,1.06005,1.06011,1459
2017-01-16 00:00:00,1.06011,1.06348,1.05791,1.05988,35906
2017-01-17 00:00:00,1.05986,1.07182,1.05971,1.07045,48173
2017-01-18 00:00:00,1.07043,1.07142,1.06297,1.06378,37965
2017-01-19 00:00:00,1.06376,1.06759,1.05889,1.06602,44915
2017-01-20 00:00:00,1.06600,1.07088,1.06246,1.06939,42143
2017-01-22 00:00:00,1.07075,1.07124,1.07059,1.07077,424
2017-01-23 00:00:00,1.07077,1.07542,1.06948,1.07428,38457
2017-01-24 00:00:00,1.07430,1.07741,1.07197,1.07319,34005
2017-01-25 00:00:00,1.07321,1.07688,1.07108,1.07515,32324
2017-01-26 00:00:00,1.07517,1.07649,1.06572,1.06747,35556
2017-01-27 00:00:00,1.06740,1.07242,1.06578,1.06967,34612
2017-01-29 00:00:00,1.07107,1.07216,1.07107,1.07178,591
2017-01-30 00:00:00,1.07178,1.07397,1.06201,1.06937,33900
2017-01-31 00:00:00,1.06937,1.08113,1.06843,1.07954,43278
2017-02-01 00:00:00,1.07952,1.08067,1.07310,1.07691,37110
2017-02-02 00:00:00,1.07689,1.08283,1.07552,1.07620,35203
2017-02-03 00:00:00,1.07618,1.07969,1.07114,1.07787,36139
2017-02-05 00:00:00,1.07965,1.08013,1.07930,1.07950,482
2017-02-06 00:00:00,1.07944,1.07983,1.07052,1.07499,29176
2017-02-07 00:00:00,1.07501,1.07533,1.06556,1.06879,29073
2017-02-08 00:00:00,1.06881,1.07129,1.06402,1.06873,30427
2017-02-09 00:00:00,1.06871,1.07086,1.06504,1.06618,30754
2017-02-10 00:00:00,1.06616,1.06670,1.06072,1.06363,29867
2017-02-12 00:00:00,1.06255,1.06279,1.06232,1.06232,244
2017-02-13 00:00:00,1.06232,1.06574,1.05914,1.05954,25384
2017-02-14 00:00:00,1.05952,1.06326,1.05603,1.05749,28110
2017-02-15 00:00:00,1.05751,1.06086,1.05209,1.06016,29924
2017-02-16 00:00:00,1.06014,1.06785,1.05897,1.06730,30959
2017-02-17 00:00:00,1.06732,1.06760,1.06051,1.06086,25538
2017-02-19 00:00:00,1.06086,1.06102,1.06057,1.06087,328
2017-02-20 00:00:00,1.06089,1.06323,1.06026,1.06143,21242
2017-02-21 00:00:00,1.06143,1.06157,1.05251,1.05444,24641
2017-02-22 00:00:00,1.05441,1.05731,1.04935,1.05654,35928
2017-02-23 00:00:00,1.05652,1.05945,1.05372,1.05814,30539
2017-02-24 00:00:00,1.05816,1.06171,1.05567,1.05605,28850
2017-02-26 00:00:00,1.05633,1.05687,1.05623,1.05678,222
2017-02-27 00:00:00,1.05678,1.06294,1.05511,1.05894,27562
2017-02-28 00:00:00,1.05896,1.06293,1.05669,1.05943,28601
2017-03-01 00:00:00,1.05941,1.05941,1.05136,1.05457,33134
2017-03-02 00:00:00,1.05455,1.05506,1.04944,1.05065,24817
2017-03-03 00:00:00,1.05063,1.06143,1.05003,1.06142,31245
2017-03-05 00:00:00,1.06039,1.06042,1.06023,1.06025,163
2017-03-06 00:00:00,1.06025,1.06392,1.05743,1.05819,27713
2017-03-07 00:00:00,1.05817,1.06020,1.05578,1.05692,22742
2017-03-08 00:00:00,1.05690,1.05735,1.05298,1.05433,24352
2017-03-09 00:00:00,1.05431,1.06142,1.05245,1.05817,33733
2017-03-10 00:00:00,1.05814,1.06982,1.05706,1.06890,32520
2017-03-12 00:00:00,1.06813,1.06824,1.06716,1.06766,871
2017-03-13 00:00:00,1.06766,1.07137,1.06517,1.06523,25457
2017-03-14 00:00:00,1.06528,1.06619,1.05999,1.06060,24868
2017-03-15 00:00:00,1.06046,1.07391,1.06034,1.07318,30556
2017-03-16 00:00:00,1.07289,1.07696,1.07051,1.07633,31298
2017-03-17 00:00:00,1.07630,1.07818,1.07270,1.07341,26143
2017-03-19 00:00:00,1.07318,1.07338,1.07316,1.07330,154
2017-03-20 00:00:00,1.07340,1.07764,1.07247,1.07390,21419
2017-03-21 00:00:00,1.07383,1.08184,1.07189,1.08100,27605
2017-03-22 00:00:00,1.08091,1.08238,1.07754,1.07965,26792
2017-03-23 00:00:00,1.07951,1.08043,1.07666,1.07830,26203
2017-03-24 00:00:00,1.07825,1.08172,1.07599,1.07977,24171
2017-03-26 00:00:00,1.08365,1.08419,1.08347,1.08368,802
2017-03-27 00:00:00,1.08301,1.09049,1.08270,1.08633,23818
2017-03-28 00:00:00,1.08641,1.08719,1.07981,1.08133,23349
2017-03-29 00:00:00,1.08110,1.08258,1.07394,1.07642,27462
2017-03-30 00:00:00,1.07653,1.07691,1.06715,1.06721,24907
2017-03-31 00:00:00,1.06756,1.07010,1.06513,1.06561,25218
2017-04-02 00:00:00,1.06615,1.06632,1.06574,1.06602,344
2017-04-03 00:00:00,1.06601,1.06803,1.06418,1.06691,21528
2017-04-04 00:00:00,1.06688,1.06763,1.06352,1.06730,20404
2017-04-05 00:00:00,1.06706,1.06886,1.06301,1.06621,24431
2017-04-06 00:00:00,1.06636,1.06833,1.06285,1.06429,24449
2017-04-07 00:00:00,1.06431,1.06634,1.05802,1.05894,27286
2017-04-09 00:00:00,1.05826,1.05855,1.05821,1.05854,153
2017-04-10 00:00:00,1.05877,1.06059,1.05695,1.05945,17957
2017-04-11 00:00:00,1.05940,1.06292,1.05781,1.06042,18583
2017-04-12 00:00:00,1.06042,1.06742,1.05876,1.06655,22065
2017-04-13 00:00:00,1.06626,1.06772,1.06084,1.06122,22202
2017-04-14 00:00:00,1.06167,1.06293,1.06056,1.06100,14659
2017-04-16 00:00:00,1.06121,1.06149,1.06109,1.06118,210
2017-04-17 00:00:00,1.06117,1.06696,1.06023,1.06429,16605
2017-04-18 00:00:00,1.06416,1.07353,1.06367,1.07294,24445
2017-04-19 00:00:00,1.07289,1.07359,1.06995,1.07088,20137
2017-04-20 00:00:00,1.07093,1.07768,1.07085,1.07156,21757
2017-04-21 00:00:00,1.07161,1.07373,1.06818,1.07243,24009
2017-04-23 00:00:00,1.09054,1.09338,1.09045,1.09204,2814
2017-04-24 00:00:00,1.09091,1.09116,1.08203,1.08656,41453
2017-04-25 00:00:00,1.08676,1.09493,1.08508,1.09265,26186
2017-04-26 00:00:00,1.09307,1.09501,1.08556,1.09033,32107
2017-04-27 00:00:00,1.09043,1.09321,1.08512,1.08722,31460
2017-04-28 00:00:00,1.08726,1.09466,1.08566,1.08970,29074
2017-04-30 00:00:00,1.09091,1.09131,1.09091,1.09103,290
2017-05-01 00:00:00,1.08945,1.09231,1.08836,1.08979,16906
2017-05-02 00:00:00,1.08977,1.09324,1.08880,1.09314,21496
2017-05-03 00:00:00,1.09273,1.09362,1.08821,1.08833,24308
2017-05-04 00:00:00,1.08864,1.09863,1.08744,1.09830,27940
2017-05-05 00:00:00,1.09820,1.09986,1.09460,1.09982,27567
2017-05-07 00:00:00,1.10191,1.10228,1.10153,1.10190,554
2017-05-08 00:00:00,1.10202,1.10204,1.09158,1.09210,33533
2017-05-09 00:00:00,1.09233,1.09329,1.08627,1.08737,27258
2017-05-10 00:00:00,1.08729,1.08974,1.08529,1.08667,26834
2017-05-11 00:00:00,1.08677,1.08924,1.08388,1.08599,23368
2017-05-12 00:00:00,1.08616,1.09334,1.08551,1.09305,22666
2017-05-14 00:00:00,1.09293,1.09307,1.09247,1.09297,650
2017-05-15 00:00:00,1.09299,1.09887,1.09221,1.09746,21529
2017-05-16 00:00:00,1.09746,1.10964,1.09746,1.10798,24683
2017-05-17 00:00:00,1.10828,1.11614,1.10801,1.11595,30977
2017-05-18 00:00:00,1.11580,1.11713,1.10746,1.11026,37649
2017-05-19 00:00:00,1.11015,1.12114,1.10965,1.12066,25614
2017-05-21 00:00:00,1.12039,1.12047,1.11829,1.11958,898
2017-05-22 00:00:00,1.11957,1.12628,1.11610,1.12371,28379
2017-05-23 00:00:00,1.12357,1.12678,1.11743,1.11804,35372
2017-05-24 00:00:00,1.11828,1.12191,1.11679,1.12178,32243
2017-05-25 00:00:00,1.12186,1.12494,1.11932,1.12099,26779
2017-05-26 00:00:00,1.12072,1.12340,1.11602,1.11772,27872
2017-05-28 00:00:00,1.11683,1.11726,1.11663,1.11701,283
2017-05-29 00:00:00,1.11672,1.11893,1.11613,1.11621,16633
2017-05-30 00:00:00,1.11631,1.12048,1.11092,1.11859,30133
2017-05-31 00:00:00,1.11866,1.12510,1.11639,1.12420,20855
2017-06-01 00:00:00,1.12467,1.12560,1.12015,1.12113,20348
2017-06-02 00:00:00,1.12135,1.12842,1.12044,1.12829,20716
2017-06-04 00:00:00,1.12733,1.12744,1.12692,1.12707,234
2017-06-05 00:00:00,1.12706,1.12833,1.12337,1.12530,18262
2017-06-06 00:00:00,1.12536,1.12832,1.12399,1.12771,20349
2017-06-07 00:00:00,1.12765,1.12813,1.12035,1.12574,26323
2017-06-08 00:00:00,1.12577,1.12683,1.11946,1.12131,31892
2017-06-09 00:00:00,1.12190,1.12361,1.11658,1.11949,34220
2017-06-11 00:00:00,1.12003,1.12109,1.12003,1.12078,761
2017-06-12 00:00:00,1.12062,1.12315,1.11912,1.12036,19454
2017-06-13 00:00:00,1.12026,1.12241,1.11849,1.12100,17421
2017-06-14 00:00:00,1.12061,1.12952,1.11924,1.12178,36345
2017-06-15 00:00:00,1.12175,1.12277,1.11314,1.11453,26387
2017-06-16 00:00:00,1.11448,1.12013,1.11379,1.11927,17663
2017-06-18 00:00:00,1.12031,1.12063,1.12016,1.12063,209
2017-06-19 00:00:00,1.12049,1.12120,1.11427,1.11470,16584
2017-06-20 00:00:00,1.11485,1.11645,1.11185,1.11338,20481
2017-06-21 00:00:00,1.11336,1.11681,1.11268,1.11673,17686
2017-06-22 00:00:00,1.11674,1.11771,1.11388,1.11507,17871
2017-06-23 00:00:00,1.11517,1.12081,1.11446,1.11940,13970
2017-06-25 00:00:00,1.11975,1.12004,1.11880,1.11976,545
2017-06-26 00:00:00,1.11967,1.12190,1.11711,1.11803,20182
2017-06-27 00:00:00,1.11840,1.13486,1.11785,1.13373,28252
2017-06-28 00:00:00,1.13365,1.13897,1.12915,1.13754,36419
2017-06-29 00:00:00,1.13778,1.14448,1.13739,1.14393,29846
2017-06-30 00:00:00,1.14405,1.14447,1.13918,1.14190,26970
2017-07-02 00:00:00,1.14155,1.14210,1.14128,1.14167,664
2017-07-03 00:00:00,1.14158,1.14264,1.13544,1.13634,23896
2017-07-04 00:00:00,1.13605,1.13764,1.13355,1.13457,19851
2017-07-05 00:00:00,1.13417,1.13680,1.13119,1.13508,25417
2017-07-06 00:00:00,1.13508,1.14240,1.13294,1.14228,24505
2017-07-07 00:00:00,1.14224,1.14390,1.13790,1.13992,24529
2017-07-09 00:00:00,1.13959,1.13984,1.13929,1.13970,377
2017-07-10 00:00:00,1.13970,1.14173,1.13811,1.13981,16158
2017-07-11 00:00:00,1.13984,1.14791,1.13822,1.14654,20257
2017-07-12 00:00:00,1.14651,1.14889,1.13910,1.14110,29967
2017-07-13 00:00:00,1.14127,1.14552,1.13701,1.13968,27973
2017-07-14 00:00:00,1.13970,1.14713,1.13908,1.14668,23437
2017-07-16 00:00:00,1.14703,1.14740,1.14701,1.14733,326
2017-07-17 00:00:00,1.14684,1.14864,1.14343,1.14778,18421
2017-07-18 00:00:00,1.14787,1.15824,1.14708,1.15529,31502
2017-07-19 00:00:00,1.15542,1.15556,1.15095,1.15140,20236
2017-07-20 00:00:00,1.15135,1.16551,1.14788,1.16316,38561
2017-07-21 00:00:00,1.16297,1.16822,1.16185,1.16625,26327
2017-07-23 00:00:00,1.16649,1.16673,1.16608,1.16623,398
2017-07-24 00:00:00,1.16662,1.16837,1.16251,1.16400,23711
2017-07-25 00:00:00,1.16405,1.17118,1.16301,1.16465,29596
2017-07-26 00:00:00,1.16475,1.17392,1.16121,1.17386,36226
2017-07-27 00:00:00,1.17346,1.17762,1.16495,1.16751,37652
2017-07-28 00:00:00,1.16769,1.17635,1.16706,1.17499,32672
2017-07-30 00:00:00,1.17459,1.17461,1.17419,1.17452,139
2017-07-31 00:00:00,1.17488,1.18444,1.17226,1.18416,12447
2017-08-01 00:00:00,1.18425,1.18435,1.17864,1.18015,27504
2017-08-02 00:00:00,1.18010,1.19098,1.17933,1.18550,28725
2017-08-03 00:00:00,1.18550,1.18925,1.18302,1.18689,27925
2017-08-04 00:00:00,1.18694,1.18884,1.17281,1.17708,28138
2017-08-06 00:00:00,1.17718,1.17740,1.17707,1.17717,260
2017-08-07 00:00:00,1.17732,1.18133,1.17706,1.17947,20304
2017-08-08 00:00:00,1.17907,1.18232,1.17145,1.17526,23697
2017-08-09 00:00:00,1.17466,1.17634,1.16885,1.17583,34482
2017-08-10 00:00:00,1.17563,1.17840,1.17037,1.17720,28683
2017-08-11 00:00:00,1.17718,1.18464,1.17480,1.18226,28697
2017-08-13 00:00:00,1.18165,1.18257,1.18138,1.18175,2244
2017-08-14 00:00:00,1.18177,1.18376,1.17694,1.17802,26292
2017-08-15 00:00:00,1.17786,1.17919,1.16865,1.17340,28728
2017-08-16 00:00:00,1.17344,1.17781,1.16814,1.17657,34050
2017-08-17 00:00:00,1.17546,1.17891,1.16620,1.17219,36096
2017-08-18 00:00:00,1.17174,1.17729,1.17080,1.17607,33255
2017-08-20 00:00:00,1.17569,1.17626,1.17499,1.17529,353
2017-08-21 00:00:00,1.17514,1.18275,1.17307,1.18141,20570
2017-08-22 00:00:00,1.18145,1.18236,1.17446,1.17606,22347
2017-08-23 00:00:00,1.17607,1.18225,1.17396,1.18058,24628
2017-08-24 00:00:00,1.18092,1.18172,1.17836,1.17988,20165
2017-08-25 00:00:00,1.18004,1.19405,1.17730,1.19204,29284
2017-08-27 00:00:00,1.19507,1.19532,1.19390,1.19430,2010
2017-08-28 00:00:00,1.19432,1.19830,1.19163,1.19780,20447
2017-08-29 00:00:00,1.19739,1.20694,1.19461,1.19731,36361
2017-08-30 00:00:00,1.19713,1.19836,1.18802,1.18835,31642
2017-08-31 00:00:00,1.18825,1.19117,1.18225,1.19091,33087
2017-09-01 00:00:00,1.19063,1.19791,1.18500,1.18629,33705
2017-09-03 00:00:00,1.18804,1.18863,1.18746,1.18847,880
2017-09-04 00:00:00,1.18814,1.19214,1.18740,1.18919,22846
2017-09-05 00:00:00,1.18911,1.19398,1.18679,1.19121,29852
2017-09-06 00:00:00,1.19071,1.19497,1.19023,1.19172,32773
2017-09-07 00:00:00,1.19166,1.20581,1.19136,1.20195,45724
2017-09-08 00:00:00,1.20192,1.20915,1.20142,1.20293,43108
2017-09-10 00:00:00,1.20120,1.20222,1.20112,1.20169,610
2017-09-11 00:00:00,1.20157,1.20289,1.19474,1.19516,26681
2017-09-12 00:00:00,1.19531,1.19774,1.19257,1.19649,28379
2017-09-13 00:00:00,1.19656,1.19943,1.18725,1.18846,27269
2017-09-14 00:00:00,1.18557,1.19215,1.18356,1.19177,35953
2017-09-15 00:00:00,1.19171,1.19866,1.19005,1.19467,33485
2017-09-17 00:00:00,1.19289,1.19290,1.19195,1.19232,360
2017-09-18 00:00:00,1.19209,1.19685,1.19145,1.19544,26358
2017-09-19 00:00:00,1.19495,1.20058,1.19493,1.19936,33172
2017-09-20 00:00:00,1.19933,1.20251,1.18608,1.18953,44049
2017-09-21 00:00:00,1.18916,1.19529,1.18652,1.19407,33061
2017-09-22 00:00:00,1.19389,1.20041,1.19367,1.19469,29845
2017-09-24 00:00:00,1.19037,1.19126,1.18965,1.18986,899
2017-09-25 00:00:00,1.18991,1.19357,1.18315,1.18485,31420
2017-09-26 00:00:00,1.18462,1.18608,1.17562,1.17930,31741
2017-09-27 00:00:00,1.17915,1.17945,1.17167,1.17445,31328
2017-09-28 00:00:00,1.17466,1.18033,1.17207,1.17861,30710
2017-09-29 00:00:00,1.17856,1.18318,1.17721,1.18161,27526
2017-10-01 00:00:00,1.17886,1.17946,1.17871,1.17905,739
2017-10-02 00:00:00,1.17913,1.18145,1.17295,1.17311,24769
2017-10-03 00:00:00,1.17316,1.17729,1.16959,1.17445,22139
2017-10-04 00:00:00,1.17430,1.17871,1.17353,1.17592,22615
2017-10-05 00:00:00,1.17592,1.17782,1.16987,1.17075,21674
2017-10-06 00:00:00,1.17089,1.17380,1.16689,1.17337,28926
2017-10-08 00:00:00,1.17346,1.17352,1.17281,1.17283,261
2017-10-09 00:00:00,1.17312,1.17552,1.17189,1.17404,13547
2017-10-10 00:00:00,1.17397,1.18249,1.17387,1.18077,24590
2017-10-11 00:00:00,1.18071,1.18682,1.17947,1.18610,25336
2017-10-12 00:00:00,1.18596,1.18791,1.18266,1.18302,20897
2017-10-13 00:00:00,1.18276,1.18741,1.18049,1.18196,26073
2017-10-15 00:00:00,1.18111,1.18145,1.18110,1.18110,224
2017-10-16 00:00:00,1.18131,1.18188,1.17800,1.17955,20282
2017-10-17 00:00:00,1.17958,1.17994,1.17356,1.17656,20264
2017-10-18 00:00:00,1.17659,1.18046,1.17297,1.17859,21300
2017-10-19 00:00:00,1.17877,1.18572,1.17675,1.18508,28222
2017-10-20 00:00:00,1.18508,1.18572,1.17620,1.17798,28283
2017-10-22 00:00:00,1.17557,1.17603,1.17556,1.17600,207
2017-10-23 00:00:00,1.17623,1.17767,1.17245,1.17488,20885
2017-10-24 00:00:00,1.17484,1.17920,1.17423,1.17600,22859
2017-10-25 00:00:00,1.17605,1.18169,1.17525,1.18116,28063
2017-10-26 00:00:00,1.18124,1.18363,1.16400,1.16521,35219
2017-10-27 00:00:00,1.16524,1.16562,1.15738,1.15977,30608
2017-10-29 00:00:00,1.16037,1.16081,1.16018,1.16063,371
2017-10-30 00:00:00,1.16053,1.16572,1.15931,1.16506,22378
2017-10-31 00:00:00,1.16502,1.16605,1.16247,1.16444,21041
2017-11-01 00:00:00,1.16445,1.16565,1.16059,1.16175,25574
2017-11-02 00:00:00,1.16180,1.16864,1.16129,1.16579,29813
2017-11-03 00:00:00,1.16572,1.16898,1.15985,1.16070,24106
2017-11-05 00:00:00,1.16118,1.16147,1.16109,1.16114,228
2017-11-06 00:00:00,1.16114,1.16237,1.15795,1.16084,21893
2017-11-07 00:00:00,1.16103,1.16147,1.15536,1.15895,22347
2017-11-08 00:00:00,1.15887,1.16103,1.15786,1.15955,17820
2017-11-09 00:00:00,1.15981,1.16541,1.15851,1.16421,25155
2017-11-10 00:00:00,1.16434,1.16773,1.16222,1.16648,18423
2017-11-12 00:00:00,1.16628,1.16630,1.16490,1.16502,305
2017-11-13 00:00:00,1.16502,1.16743,1.16370,1.16688,16608
2017-11-14 00:00:00,1.16667,1.18044,1.16610,1.17924,21329
2017-11-15 00:00:00,1.17939,1.18602,1.17842,1.17910,29550
2017-11-16 00:00:00,1.17920,1.18003,1.17565,1.17676,24006
2017-11-17 00:00:00,1.17674,1.18211,1.17647,1.18008,22811
2017-11-19 00:00:00,1.17823,1.17842,1.17811,1.17817,136
2017-11-20 00:00:00,1.17817,1.18079,1.17219,1.17277,29328
2017-11-21 00:00:00,1.17298,1.17571,1.17128,1.17377,21527
2017-11-22 00:00:00,1.17368,1.18264,1.17324,1.18182,24206
2017-11-23 00:00:00,1.18202,1.18553,1.18127,1.18502,16150
2017-11-24 00:00:00,1.18512,1.19436,1.18363,1.19256,19096
2017-11-26 00:00:00,1.19325,1.19377,1.19323,1.19377,413
2017-11-27 00:00:00,1.19376,1.19605,1.18951,1.18989,22405
2017-11-28 00:00:00,1.18991,1.19195,1.18267,1.18408,28415
2017-11-29 00:00:00,1.18406,1.18821,1.18170,1.18543,25331
2017-11-30 00:00:00,1.18535,1.19307,1.18085,1.18990,26969
2017-12-01 00:00:00,1.19035,1.19398,1.18502,1.18910,41852
2017-12-03 00:00:00,1.18588,1.18604,1.18461,1.18502,549
2017-12-04 00:00:00,1.18500,1.18779,1.18288,1.18564,25399
2017-12-05 00:00:00,1.18578,1.18759,1.18004,1.18246,25957
2017-12-06 00:00:00,1.18233,1.18471,1.17802,1.17964,24034
2017-12-07 00:00:00,1.17941,1.18136,1.17723,1.17740,21978
2017-12-08 00:00:00,1.17738,1.17761,1.17298,1.17647,24304
2017-12-10 00:00:00,1.17599,1.17599,1.17586,1.17593,163
2017-12-11 00:00:00,1.17593,1.18110,1.17586,1.17721,16957
2017-12-12 00:00:00,1.17719,1.17921,1.17171,1.17436,18517
2017-12-13 00:00:00,1.17443,1.18251,1.17290,1.18243,24722
2017-12-14 00:00:00,1.18241,1.18618,1.17702,1.17858,29269
2017-12-15 00:00:00,1.17856,1.18115,1.17499,1.17583,22277
2017-12-17 00:00:00,1.17358,1.17409,1.17347,1.17388,316
2017-12-18 00:00:00,1.17396,1.18333,1.17372,1.17817,20185
2017-12-19 00:00:00,1.17799,1.18481,1.17759,1.18419,20522
2017-12-20 00:00:00,1.18405,1.19008,1.18285,1.18770,20014
2017-12-21 00:00:00,1.18765,1.18888,1.18486,1.18769,18249
2017-12-22 00:00:00,1.18741,1.18774,1.18165,1.18578,19658
2017-12-26 00:00:00,1.18661,1.18780,1.18462,1.18629,9510
2017-12-27 00:00:00,1.18623,1.19095,1.18571,1.18947,14114
2017-12-28 00:00:00,1.18941,1.19583,1.18841,1.19407,14579
2017-12-29 00:00:00,1.19416,1.20248,1.19360,1.19988,16422
2018-01-02 00:00:00,1.20264,1.20805,1.20221,1.20579,16612
2018-01-03 00:00:00,1.20597,1.20658,1.20009,1.20134,19560
2018-01-04 00:00:00,1.20100,1.20880,1.20038,1.20673,22324
2018-01-05 00:00:00,1.20679,1.20823,1.20200,1.20392,21665
2018-01-07 00:00:00,1.20147,1.20324,1.20146,1.20227,635
2018-01-08 00:00:00,1.20232,1.20515,1.19550,1.19649,18762
2018-01-09 00:00:00,1.19666,1.19749,1.19153,1.19341,20332
2018-01-10 00:00:00,1.19382,1.20173,1.19226,1.19567,32005
2018-01-11 00:00:00,1.19566,1.20583,1.19287,1.20290,32257
2018-01-12 00:00:00,1.20342,1.21860,1.20278,1.21847,38947
2018-01-14 00:00:00,1.21965,1.21983,1.21926,1.21933,246
2018-01-15 00:00:00,1.21928,1.22959,1.21871,1.22694,33690
2018-01-16 00:00:00,1.22653,1.22822,1.21946,1.22644,36250
2018-01-17 00:00:00,1.22640,1.23222,1.21959,1.22126,45060
2018-01-18 00:00:00,1.22082,1.22641,1.21650,1.22369,38024
2018-01-19 00:00:00,1.22394,1.22947,1.22182,1.22268,34676
2018-01-21 00:00:00,1.22639,1.22693,1.22600,1.22677,507
2018-01-22 00:00:00,1.22685,1.22716,1.22137,1.22575,27623
2018-01-23 00:00:00,1.22586,1.23055,1.22225,1.22914,31062
2018-01-24 00:00:00,1.22939,1.24142,1.22918,1.23997,39483
2018-01-25 00:00:00,1.23998,1.25364,1.23636,1.24067,69415
2018-01-26 00:00:00,1.24130,1.24925,1.23694,1.24152,55137
2018-01-28 00:00:00,1.24226,1.24317,1.24175,1.24202,1175
2018-01-29 00:00:00,1.24202,1.24317,1.23363,1.23823,41776
2018-01-30 00:00:00,1.23810,1.24533,1.23347,1.23963,43189
2018-01-31 00:00:00,1.23966,1.24742,1.23863,1.24125,51358
2018-02-01 00:00:00,1.24131,1.25216,1.23850,1.25147,43606
2018-02-02 00:00:00,1.25157,1.25174,1.24091,1.24592,46031
2018-02-04 00:00:00,1.24331,1.24342,1.24286,1.24295,186
2018-02-05 00:00:00,1.24296,1.24742,1.23905,1.23907,46660
2018-02-06 00:00:00,1.23892,1.24341,1.23135,1.23707,65646
2018-02-07 00:00:00,1.23705,1.24055,1.22457,1.22610,41590
2018-02-08 00:00:00,1.22623,1.22943,1.22116,1.22443,55038
2018-02-09 00:00:00,1.22450,1.22863,1.22051,1.22412,48713
2018-02-11 00:00:00,1.22419,1.22437,1.22412,1.22420,170
2018-02-12 00:00:00,1.22420,1.22962,1.22346,1.22903,29350
2018-02-13 00:00:00,1.22901,1.23704,1.22839,1.23576,29795
2018-02-14 00:00:00,1.23586,1.24616,1.22755,1.24602,41479
2018-02-15 00:00:00,1.24592,1.25095,1.24467,1.25033,37436
2018-02-16 00:00:00,1.24999,1.25545,1.23943,1.24046,37435
2018-02-18 00:00:00,1.24068,1.24077,1.23935,1.23960,294
2018-02-19 00:00:00,1.23960,1.24342,1.23685,1.24065,24908
2018-02-20 00:00:00,1.24056,1.24114,1.23195,1.23377,32802
2018-02-21 00:00:00,1.23360,1.23591,1.22808,1.22882,37662
2018-02-22 00:00:00,1.22985,1.23515,1.22591,1.23263,35888
2018-02-23 00:00:00,1.23253,1.23366,1.22794,1.23000,29060
2018-02-25 00:00:00,1.22889,1.22894,1.22812,1.22866,459
2018-02-26 00:00:00,1.22855,1.23539,1.22772,1.23115,28407
2018-02-27 00:00:00,1.23134,1.23458,1.22211,1.22296,33640
2018-02-28 00:00:00,1.22312,1.22408,1.21877,1.21992,30697
2018-03-01 00:00:00,1.22001,1.22723,1.21543,1.22612,40518
2018-03-02 00:00:00,1.22659,1.23321,1.22510,1.23176,31737
2018-03-04 00:00:00,1.23415,1.23505,1.23399,1.23497,850
2018-03-05 00:00:00,1.23531,1.23642,1.22685,1.23353,37203
2018-03-06 00:00:00,1.23348,1.24191,1.23285,1.24028,29723
2018-03-07 00:00:00,1.24039,1.24427,1.23843,1.24111,32928
2018-03-08 00:00:00,1.24120,1.24452,1.22975,1.23119,38977
2018-03-09 00:00:00,1.23114,1.23334,1.22726,1.23044,30501
2018-03-11 00:00:00,1.23095,1.23107,1.23078,1.23085,159
2018-03-12 00:00:00,1.23085,1.23449,1.22900,1.23352,19002
2018-03-13 00:00:00,1.23354,1.24065,1.23140,1.23897,25671
2018-03-14 00:00:00,1.23893,1.24117,1.23466,1.23672,23624
2018-03-15 00:00:00,1.23674,1.23831,1.22997,1.23039,22952
2018-03-16 00:00:00,1.23040,1.23354,1.22600,1.22859,19958
2018-03-18 00:00:00,1.22851,1.22876,1.22801,1.22805,352
2018-03-19 00:00:00,1.22810,1.23579,1.22575,1.23343,26415
2018-03-20 00:00:00,1.23349,1.23537,1.22393,1.22403,24805
2018-03-21 00:00:00,1.22407,1.23490,1.22407,1.23397,31633
2018-03-22 00:00:00,1.23404,1.23872,1.22852,1.23000,33342
2018-03-23 00:00:00,1.23006,1.23727,1.23006,1.23658,27111
2018-03-25 00:00:00,1.23390,1.23509,1.23390,1.23483,246
2018-03-26 00:00:00,1.23485,1.24610,1.23480,1.24480,24491
2018-03-27 00:00:00,1.24453,1.24756,1.23721,1.24017,26889
2018-03-28 00:00:00,1.24023,1.24211,1.22996,1.23072,27871
2018-03-29 00:00:00,1.23060,1.23346,1.22833,1.23001,24889
2018-03-30 00:00:00,1.23000,1.23301,1.22892,1.23196,13851
2018-04-01 00:00:00,1.23215,1.23260,1.23214,1.23214,181
2018-04-02 00:00:00,1.23179,1.23443,1.22820,1.23011,15635
2018-04-03 00:00:00,1.23011,1.23348,1.22533,1.22685,23563
2018-04-04 00:00:00,1.22701,1.23134,1.22564,1.22778,22226
2018-04-05 00:00:00,1.22774,1.22894,1.22177,1.22390,22065
2018-04-06 00:00:00,1.22382,1.22900,1.22143,1.22830,28952
2018-04-08 00:00:00,1.22724,1.22834,1.22723,1.22812,364
2018-04-09 00:00:00,1.22787,1.23296,1.22599,1.23201,25762
2018-04-10 00:00:00,1.23182,1.23766,1.23022,1.23545,27720
2018-04-11 00:00:00,1.23519,1.23949,1.23464,1.23669,26105
2018-04-12 00:00:00,1.23653,1.23790,1.22990,1.23256,26026
2018-04-13 00:00:00,1.23263,1.23452,1.23066,1.23297,20289
2018-04-15 00:00:00,1.23287,1.23336,1.23265,1.23292,422
2018-04-16 00:00:00,1.23266,1.23937,1.23196,1.23786,19787
2018-04-17 00:00:00,1.23794,1.24130,1.23357,1.23684,19956
2018-04-18 00:00:00,1.23679,1.23965,1.23416,1.23745,23423
2018-04-19 00:00:00,1.23769,1.23994,1.23286,1.23443,25545
2018-04-20 00:00:00,1.23457,1.23519,1.22497,1.22890,23711
2018-04-22 00:00:00,1.22617,1.22724,1.22617,1.22692,276
2018-04-23 00:00:00,1.22752,1.22889,1.21971,1.22065,24268
2018-04-24 00:00:00,1.22075,1.22442,1.21813,1.22324,25241
2018-04-25 00:00:00,1.22309,1.22379,1.21604,1.21608,22939
2018-04-26 00:00:00,1.21611,1.22089,1.20958,1.21025,31370
2018-04-27 00:00:00,1.21036,1.21321,1.20550,1.21286,26926
2018-04-29 00:00:00,1.21212,1.21212,1.21142,1.21167,220
2018-04-30 00:00:00,1.21210,1.21382,1.20637,1.20779,28470
2018-05-01 00:00:00,1.20748,1.20833,1.19806,1.19916,26199
2018-05-02 00:00:00,1.19919,1.20311,1.19375,1.19501,38142
2018-05-03 00:00:00,1.19507,1.20081,1.19470,1.19876,34170
2018-05-04 00:00:00,1.19876,1.19948,1.19103,1.19628,27574
2018-05-06 00:00:00,1.19527,1.19617,1.19527,1.19528,581
2018-05-07 00:00:00,1.19542,1.19774,1.18973,1.19226,22094
2018-05-08 00:00:00,1.19230,1.19382,1.18375,1.18628,33236
2018-05-09 00:00:00,1.18621,1.18964,1.18221,1.18515,30531
2018-05-10 00:00:00,1.18473,1.19459,1.18419,1.19148,35040
2018-05-11 00:00:00,1.19145,1.19671,1.18909,1.19391,25772
2018-05-13 00:00:00,1.19425,1.19425,1.19343,1.19377,238
2018-05-14 00:00:00,1.19375,1.19953,1.19259,1.19263,23003
2018-05-15 00:00:00,1.19242,1.19376,1.18198,1.18371,30780
2018-05-16 00:00:00,1.18405,1.18535,1.17631,1.18070,35547
2018-05-17 00:00:00,1.18077,1.18367,1.17761,1.17942,30987
2018-05-18 00:00:00,1.17933,1.18206,1.17486,1.17684,25373
2018-05-21 00:00:00,1.17706,1.17943,1.17153,1.17894,23573
2018-05-22 00:00:00,1.17890,1.18282,1.17555,1.17765,28052
2018-05-23 00:00:00,1.17788,1.17881,1.16745,1.16954,38810
2018-05-24 00:00:00,1.16960,1.17487,1.16892,1.17186,34553
2018-05-25 00:00:00,1.17221,1.17320,1.16448,1.16498,31926
2018-05-28 00:00:00,1.16825,1.17269,1.16062,1.16230,30507
2018-05-29 00:00:00,1.16232,1.16384,1.15087,1.15357,53234
2018-05-30 00:00:00,1.15345,1.16745,1.15172,1.16627,56513
2018-05-31 00:00:00,1.16647,1.17227,1.16396,1.16913,49981
2018-06-01 00:00:00,1.16895,1.17168,1.16156,1.16594,42644
2018-06-04 00:00:00,1.16590,1.17430,1.16578,1.16941,28870
2018-06-05 00:00:00,1.16990,1.17308,1.16512,1.17159,34513
2018-06-06 00:00:00,1.17116,1.17942,1.17116,1.17737,31259
2018-06-07 00:00:00,1.17738,1.18384,1.17719,1.17961,32020
2018-06-08 00:00:00,1.17987,1.18090,1.17260,1.17691,34828
2018-06-11 00:00:00,1.17728,1.18191,1.17700,1.17839,27986
2018-06-12 00:00:00,1.17825,1.18074,1.17319,1.17434,36797
2018-06-13 00:00:00,1.17447,1.17996,1.17242,1.17910,29821
2018-06-14 00:00:00,1.17901,1.18500,1.15620,1.15628,38321
2018-06-15 00:00:00,1.15670,1.16254,1.15420,1.16051,34297
2018-06-18 00:00:00,1.15940,1.16229,1.15640,1.16219,26224
2018-06-19 00:00:00,1.16225,1.16431,1.15296,1.15875,42037
2018-06-20 00:00:00,1.15881,1.15984,1.15358,1.15741,34070
2018-06-21 00:00:00,1.15720,1.16323,1.15073,1.16021,44330
2018-06-22 00:00:00,1.16018,1.16737,1.15994,1.16558,41377
2018-06-25 00:00:00,1.16627,1.17114,1.16273,1.17004,35970
2018-06-26 00:00:00,1.17029,1.17189,1.16336,1.16482,40490
2018-06-27 00:00:00,1.16454,1.16706,1.15392,1.15526,41178
2018-06-28 00:00:00,1.15518,1.15987,1.15259,1.15677,44193
2018-06-29 00:00:00,1.15667,1.16887,1.15569,1.16814,49627
2018-07-02 00:00:00,1.16731,1.16909,1.15900,1.16372,31168
2018-07-03 00:00:00,1.16373,1.16716,1.16194,1.16577,28759
2018-07-04 00:00:00,1.16565,1.16804,1.16293,1.16548,23782
2018-07-05 00:00:00,1.16549,1.17186,1.16486,1.16904,29188
2018-07-06 00:00:00,1.16883,1.17657,1.16786,1.17401,26782
2018-07-09 00:00:00,1.17412,1.17892,1.17313,1.17489,25868
2018-07-10 00:00:00,1.17546,1.17613,1.16889,1.17429,23676
2018-07-11 00:00:00,1.17463,1.17565,1.16640,1.16728,32954
2018-07-12 00:00:00,1.16719,1.16942,1.16484,1.16684,26269
2018-07-13 00:00:00,1.16695,1.16856,1.16116,1.16848,25967
2018-07-16 00:00:00,1.16821,1.17240,1.16743,1.17095,23164
2018-07-17 00:00:00,1.17094,1.17431,1.16486,1.16599,26048
2018-07-18 00:00:00,1.16588,1.16634,1.16007,1.16369,26975
2018-07-19 00:00:00,1.16375,1.16768,1.15736,1.16404,36119
2018-07-20 00:00:00,1.16415,1.17371,1.16247,1.17197,38851
2018-07-23 00:00:00,1.17251,1.17484,1.16823,1.16896,24874
2018-07-24 00:00:00,1.16906,1.17155,1.16533,1.16806,28807
2018-07-25 00:00:00,1.16808,1.17372,1.16625,1.17270,30910
2018-07-26 00:00:00,1.17284,1.17422,1.16389,1.16407,30085
2018-07-27 00:00:00,1.16401,1.16629,1.16192,1.16553,24450
2018-07-30 00:00:00,1.16550,1.17172,1.16468,1.17031,15587
2018-07-31 00:00:00,1.17051,1.17444,1.16852,1.16868,23083
2018-08-01 00:00:00,1.16914,1.16983,1.16559,1.16593,22161
2018-08-02 00:00:00,1.16582,1.16660,1.15804,1.15832,19135
2018-08-03 00:00:00,1.15857,1.16091,1.15590,1.15649,23404
2018-08-06 00:00:00,1.15680,1.15699,1.15288,1.15515,13547
2018-08-07 00:00:00,1.15521,1.16066,1.15492,1.15974,14810
2018-08-08 00:00:00,1.15977,1.16267,1.15716,1.16084,15739
2018-08-09 00:00:00,1.16090,1.16179,1.15245,1.15261,17552
2018-08-10 00:00:00,1.15252,1.15349,1.13867,1.14073,44457
2018-08-13 00:00:00,1.13771,1.14313,1.13636,1.14078,37007
2018-08-14 00:00:00,1.14102,1.14279,1.13289,1.13418,26701
2018-08-15 00:00:00,1.13427,1.13533,1.12998,1.13439,27730
2018-08-16 00:00:00,1.13449,1.14072,1.13346,1.13739,30875
2018-08-17 00:00:00,1.13747,1.14434,1.13650,1.14408,27196
2018-08-20 00:00:00,1.14381,1.14834,1.13931,1.14819,18152
2018-08-21 00:00:00,1.14809,1.15996,1.14790,1.15700,26682
2018-08-22 00:00:00,1.15674,1.16213,1.15520,1.15951,23937
2018-08-23 00:00:00,1.15943,1.15978,1.15286,1.15414,22764
2018-08-24 00:00:00,1.15367,1.16382,1.15337,1.16202,24419
2018-08-27 00:00:00,1.16151,1.16921,1.15932,1.16771,20404
2018-08-28 00:00:00,1.16773,1.17320,1.16613,1.16917,22346
2018-08-29 00:00:00,1.16946,1.17084,1.16505,1.17050,25624
2018-08-30 00:00:00,1.17054,1.17166,1.16403,1.16655,25581
2018-08-31 00:00:00,1.16660,1.16890,1.15835,1.16072,59983
2018-09-03 00:00:00,1.15964,1.16264,1.15879,1.16162,15847
2018-09-04 00:00:00,1.16183,1.16195,1.15288,1.15813,22685
2018-09-05 00:00:00,1.15805,1.16373,1.15413,1.16289,26478
2018-09-06 00:00:00,1.16297,1.16578,1.16042,1.16224,25303
2018-09-07 00:00:00,1.16179,1.16479,1.15493,1.15525,29139
2018-09-10 00:00:00,1.15493,1.16148,1.15252,1.15929,18078
2018-09-11 00:00:00,1.15928,1.16422,1.15641,1.16035,19228
2018-09-12 00:00:00,1.16031,1.16483,1.15686,1.16249,24988
2018-09-13 00:00:00,1.16253,1.16997,1.16076,1.16890,23111
2018-09-14 00:00:00,1.16884,1.17200,1.16195,1.16202,21439
2018-09-17 00:00:00,1.16240,1.16967,1.16168,1.16825,16038
2018-09-18 00:00:00,1.16830,1.17229,1.16507,1.16672,25094
2018-09-19 00:00:00,1.16683,1.17135,1.16488,1.16710,24100
2018-09-20 00:00:00,1.16711,1.17831,1.16679,1.17758,26524
2018-09-21 00:00:00,1.17752,1.18012,1.17314,1.17514,24216
2018-09-24 00:00:00,1.17439,1.18136,1.17227,1.17443,20978
2018-09-25 00:00:00,1.17472,1.17910,1.17294,1.17643,22275
2018-09-26 00:00:00,1.17642,1.17964,1.17246,1.17397,27715
2018-09-27 00:00:00,1.17381,1.17557,1.16377,1.16400,29667
2018-09-28 00:00:00,1.16393,1.16497,1.15686,1.16018,24322
2018-10-01 00:00:00,1.16158,1.16218,1.15622,1.15769,20473
2018-10-02 00:00:00,1.15780,1.15789,1.15039,1.15444,23330
2018-10-03 00:00:00,1.15470,1.15921,1.14632,1.14744,30980
2018-10-04 00:00:00,1.14768,1.15411,1.14620,1.15130,28277
2018-10-05 00:00:00,1.15159,1.15472,1.14827,1.15183,38222
2018-10-08 00:00:00,1.15215,1.15282,1.14586,1.14898,18411
2018-10-09 00:00:00,1.14883,1.15018,1.14309,1.14914,25639
2018-10-10 00:00:00,1.14921,1.15437,1.14786,1.15186,24201
2018-10-11 00:00:00,1.15225,1.15977,1.15194,1.15928,34999
2018-10-12 00:00:00,1.15898,1.16090,1.15332,1.15567,23236
2018-10-15 00:00:00,1.15398,1.16047,1.15398,1.15782,18309
2018-10-16 00:00:00,1.15789,1.16194,1.15647,1.15726,19479
2018-10-17 00:00:00,1.15738,1.15790,1.14947,1.14988,21819
2018-10-18 00:00:00,1.14995,1.15257,1.14480,1.14499,23270
2018-10-19 00:00:00,1.14513,1.15332,1.14316,1.15141,24575
2018-10-22 00:00:00,1.15153,1.15486,1.14544,1.14636,20165
2018-10-23 00:00:00,1.14643,1.14920,1.14380,1.14695,24208
2018-10-24 00:00:00,1.14703,1.14749,1.13784,1.13908,24698
2018-10-25 00:00:00,1.13939,1.14308,1.13548,1.13727,24835
2018-10-26 00:00:00,1.13717,1.14196,1.13343,1.14006,24063
2018-10-29 00:00:00,1.13943,1.14150,1.13593,1.13713,22419
2018-10-30 00:00:00,1.13708,1.13862,1.13392,1.13437,19458
2018-10-31 00:00:00,1.13429,1.13586,1.13009,1.13112,19461
2018-11-01 00:00:00,1.13084,1.14227,1.13055,1.14075,21521
2018-11-02 00:00:00,1.14074,1.14542,1.13709,1.13870,25043
2018-11-05 00:00:00,1.13985,1.14223,1.13539,1.14069,17226
2018-11-06 00:00:00,1.14093,1.14363,1.13900,1.14157,16396
2018-11-07 00:00:00,1.14146,1.14982,1.13934,1.14373,29858
2018-11-08 00:00:00,1.14410,1.14452,1.13504,1.13590,22653
2018-11-09 00:00:00,1.13575,1.13683,1.13148,1.13314,30187
2018-11-12 00:00:00,1.13163,1.13290,1.12346,1.12346,20707
2018-11-13 00:00:00,1.12343,1.12921,1.12145,1.12836,24727
2018-11-14 00:00:00,1.12837,1.13459,1.12619,1.13229,28737
2018-11-15 00:00:00,1.13183,1.13609,1.12697,1.13305,31456
2018-11-16 00:00:00,1.13323,1.14186,1.13203,1.14135,22184
2018-11-19 00:00:00,1.14015,1.14628,1.13925,1.14495,16452
2018-11-20 00:00:00,1.14502,1.14709,1.13573,1.13685,19188
2018-11-21 00:00:00,1.13658,1.14231,1.13650,1.13806,20295
2018-11-22 00:00:00,1.13808,1.14327,1.13803,1.14044,14373
2018-11-23 00:00:00,1.14048,1.14195,1.13266,1.13301,18724
2018-11-26 00:00:00,1.13406,1.13821,1.13245,1.13325,16933
2018-11-27 00:00:00,1.13342,1.13423,1.12760,1.12938,19341
2018-11-28 00:00:00,1.12937,1.13861,1.12658,1.13661,23790
2018-11-29 00:00:00,1.13678,1.14001,1.13474,1.13875,20819
2018-11-30 00:00:00,1.13871,1.13989,1.13041,1.13145,18689
2018-12-03 00:00:00,1.13558,1.13783,1.13180,1.13433,19323
2018-12-04 00:00:00,1.13467,1.14172,1.13171,1.13378,24289
2018-12-05 00:00:00,1.13395,1.13596,1.13096,1.13426,15592
2018-12-06 00:00:00,1.13438,1.14111,1.13198,1.13795,27118
2018-12-07 00:00:00,1.13796,1.14222,1.13589,1.14049,24101
2018-12-10 00:00:00,1.13873,1.14412,1.13490,1.13531,23979
2018-12-11 00:00:00,1.13530,1.13988,1.13050,1.13252,19403
2018-12-12 00:00:00,1.13213,1.13858,1.13137,1.13669,21342
2018-12-13 00:00:00,1.13656,1.13918,1.13298,1.13622,19936
2018-12-14 00:00:00,1.13608,1.13642,1.12686,1.13024,17580
2018-12-17 00:00:00,1.13025,1.13562,1.12986,1.13438,14825
2018-12-18 00:00:00,1.13448,1.14009,1.13354,1.13627,17144
2018-12-19 00:00:00,1.13613,1.14378,1.13575,1.13718,24485
2018-12-20 00:00:00,1.13692,1.14841,1.13669,1.14596,25587
2018-12-21 00:00:00,1.14567,1.14726,1.13548,1.13570,21680
2018-12-24 00:00:00,1.13608,1.14370,1.13600,1.13975,20144
2018-12-26 00:00:00,1.13888,1.14184,1.13417,1.13544,13228
2018-12-27 00:00:00,1.13487,1.14525,1.13469,1.14390,26221
2018-12-28 00:00:00,1.14395,1.14721,1.14264,1.14488,22638
2018-12-31 00:00:00,1.14410,1.14644,1.14202,1.14447,8930
2019-01-02 00:00:00,1.14823,1.14952,1.13237,1.13442,20638
2019-01-03 00:00:00,1.13439,1.14095,1.13082,1.13969,34963
2019-01-04 00:00:00,1.13965,1.14175,1.13445,1.13963,25748
2019-01-07 00:00:00,1.13990,1.14812,1.13954,1.14741,16787
2019-01-08 00:00:00,1.14734,1.14833,1.14209,1.14393,18059
2019-01-09 00:00:00,1.14397,1.15560,1.14360,1.15477,23424
2019-01-10 00:00:00,1.15509,1.15684,1.14833,1.14958,21131
2019-01-11 00:00:00,1.14975,1.15390,1.14567,1.14621,19207
2019-01-14 00:00:00,1.14525,1.14804,1.14495,1.14679,17225
2019-01-15 00:00:00,1.14679,1.14882,1.13804,1.14093,24223
2019-01-16 00:00:00,1.14120,1.14235,1.13764,1.13926,18631
2019-01-17 00:00:00,1.13933,1.14044,1.13688,1.13902,18035
2019-01-18 00:00:00,1.13892,1.14088,1.13519,1.13628,15967
2019-01-21 00:00:00,1.13626,1.13897,1.13554,1.13668,9760
2019-01-22 00:00:00,1.13673,1.13723,1.13348,1.13550,12864
2019-01-23 00:00:00,1.13546,1.13929,1.13495,1.13813,12824
2019-01-24 00:00:00,1.13811,1.13900,1.12880,1.13085,23614
2019-01-25 00:00:00,1.13073,1.14161,1.12993,1.14143,19350
2019-01-28 00:00:00,1.14025,1.14421,1.13886,1.14269,13037
2019-01-29 00:00:00,1.14256,1.14487,1.14099,1.14342,16764
2019-01-30 00:00:00,1.14329,1.15000,1.14050,1.14787,18759
2019-01-31 00:00:00,1.14776,1.15126,1.14346,1.14448,18164
2019-02-01 00:00:00,1.14452,1.14869,1.14330,1.14586,14766
2019-02-04 00:00:00,1.14471,1.14610,1.14229,1.14329,11619
2019-02-05 00:00:00,1.14332,1.14389,1.13999,1.14113,10805
2019-02-06 00:00:00,1.14115,1.14123,1.13615,1.13676,10622
2019-02-07 00:00:00,1.13673,1.13677,1.13241,1.13418,11029
2019-02-08 00:00:00,1.13421,1.13502,1.13206,1.13212,9476
2019-02-11 00:00:00,1.13208,1.13292,1.12666,1.12756,41365
2019-02-12 00:00:00,1.12761,1.13388,1.12570,1.13295,41810
2019-02-13 00:00:00,1.13302,1.13407,1.12633,1.12658,42367
2019-02-14 00:00:00,1.12655,1.13090,1.12485,1.12928,48474
2019-02-15 00:00:00,1.12909,1.13053,1.12335,1.12988,45430
2019-02-18 00:00:00,1.12948,1.13331,1.12884,1.13138,31344
2019-02-19 00:00:00,1.13118,1.13567,1.12746,1.13423,46471
2019-02-20 00:00:00,1.13411,1.13703,1.13242,1.13398,45180
2019-02-21 00:00:00,1.13383,1.13654,1.13204,1.13365,51314
2019-02-22 00:00:00,1.13389,1.13548,1.13154,1.13320,43679
2019-02-25 00:00:00,1.13448,1.13666,1.13279,1.13606,41944
2019-02-26 00:00:00,1.13605,1.14018,1.13443,1.13908,46786
2019-02-27 00:00:00,1.13904,1.14027,1.13616,1.13692,40536
2019-02-28 00:00:00,1.13696,1.14186,1.13591,1.13745,53415
2019-03-01 00:00:00,1.13725,1.14078,1.13525,1.13591,47798
2019-03-04 00:00:00,1.13854,1.13866,1.13083,1.13411,39933
2019-03-05 00:00:00,1.13416,1.13420,1.12888,1.13064,40578
2019-03-06 00:00:00,1.13060,1.13238,1.12851,1.13107,39468
2019-03-07 00:00:00,1.13094,1.13194,1.11756,1.11814,50314
2019-03-08 00:00:00,1.11806,1.12452,1.11800,1.12310,50839
2019-03-11 00:00:00,1.12310,1.12574,1.12209,1.12432,40258
2019-03-12 00:00:00,1.12426,1.13040,1.12422,1.12851,50864
2019-03-13 00:00:00,1.12834,1.13378,1.12766,1.13273,41446
2019-03-14 00:00:00,1.13264,1.13366,1.12934,1.13040,44874
2019-03-15 00:00:00,1.13012,1.13434,1.12962,1.13230,38906
2019-03-18 00:00:00,1.13202,1.13582,1.13183,1.13390,34366
2019-03-19 00:00:00,1.13344,1.13607,1.13329,1.13504,36002
2019-03-20 00:00:00,1.13474,1.14471,1.13347,1.14117,45544
2019-03-21 00:00:00,1.14121,1.14366,1.13417,1.13746,52221
2019-03-22 00:00:00,1.13754,1.13898,1.12726,1.12997,54174
2019-03-25 00:00:00,1.12908,1.13306,1.12860,1.13121,46086
2019-03-26 00:00:00,1.13103,1.13251,1.12625,1.12647,51280
2019-03-27 00:00:00,1.12639,1.12848,1.12413,1.12435,57088
2019-03-28 00:00:00,1.12472,1.12604,1.12129,1.12227,53995
2019-03-29 00:00:00,1.12216,1.12459,1.12091,1.12169,53064
2019-04-01 00:00:00,1.12253,1.12490,1.12033,1.12115,45354
2019-04-02 00:00:00,1.12119,1.12149,1.11829,1.12040,44667
2019-04-03 00:00:00,1.12023,1.12539,1.11993,1.12323,44397
2019-04-04 00:00:00,1.12322,1.12468,1.12052,1.12195,38550
2019-04-05 00:00:00,1.12188,1.12443,1.12093,1.12161,35258
2019-04-08 00:00:00,1.12143,1.12737,1.12102,1.12586,35299
2019-04-09 00:00:00,1.12627,1.12834,1.12543,1.12620,36829
2019-04-10 00:00:00,1.12614,1.12865,1.12288,1.12728,38112
2019-04-11 00:00:00,1.12726,1.12867,1.12493,1.12535,34843
2019-04-12 00:00:00,1.12531,1.13230,1.12527,1.12973,38516
2019-04-15 00:00:00,1.13029,1.13201,1.12968,1.13040,31707
2019-04-16 00:00:00,1.13037,1.13132,1.12792,1.12798,42091
2019-04-17 00:00:00,1.12845,1.13229,1.12784,1.12977,39962
2019-04-18 00:00:00,1.12971,1.13029,1.12244,1.12279,63408
2019-04-19 00:00:00,1.12291,1.12464,1.12286,1.12400,24731
2019-04-22 00:00:00,1.12415,1.12612,1.12350,1.12565,15505
2019-04-23 00:00:00,1.12568,1.12603,1.11915,1.12264,36298
2019-04-24 00:00:00,1.12227,1.12246,1.11400,1.11530,45628
2019-04-25 00:00:00,1.11522,1.11616,1.11171,1.11324,41840
2019-04-26 00:00:00,1.11308,1.11728,1.11108,1.11469,41061
2019-04-29 00:00:00,1.11448,1.11860,1.11443,1.11847,30983
2019-04-30 00:00:00,1.11842,1.12278,1.11740,1.12132,63786
2019-05-01 00:00:00,1.12150,1.12639,1.11866,1.11937,37421
2019-05-02 00:00:00,1.11953,1.12183,1.11700,1.11706,42210
2019-05-03 00:00:00,1.11727,1.12039,1.11344,1.12007,42126
2019-05-06 00:00:00,1.11653,1.12083,1.11653,1.11988,39438
2019-05-07 00:00:00,1.11947,1.12170,1.11661,1.11908,41671
2019-05-08 00:00:00,1.11900,1.12129,1.11820,1.11917,45946
2019-05-09 00:00:00,1.11895,1.12501,1.11727,1.12112,52695
2019-05-10 00:00:00,1.12138,1.12526,1.12138,1.12335,45197
2019-05-13 00:00:00,1.12328,1.12626,1.12222,1.12233,40139
2019-05-14 00:00:00,1.12192,1.12431,1.12006,1.12027,37110
2019-05-15 00:00:00,1.12024,1.12237,1.11772,1.12009,41071
2019-05-16 00:00:00,1.12007,1.12231,1.11655,1.11729,32037
2019-05-17 00:00:00,1.11723,1.11833,1.11543,1.11572,35714
2019-05-20 00:00:00,1.11611,1.11739,1.11498,1.11644,28565
2019-05-21 00:00:00,1.11663,1.11871,1.11411,1.11608,31626
2019-05-22 00:00:00,1.11594,1.11793,1.11478,1.11496,28709
2019-05-23 00:00:00,1.11528,1.11867,1.11071,1.11813,39062
2019-05-24 00:00:00,1.11806,1.12113,1.11763,1.12044,30203
2019-05-27 00:00:00,1.12103,1.12143,1.11861,1.11905,17419
2019-05-28 00:00:00,1.11899,1.11975,1.11589,1.11591,39416
2019-05-29 00:00:00,1.11598,1.11717,1.11235,1.11293,43508
2019-05-30 00:00:00,1.11345,1.11425,1.11154,1.11290,34305
2019-05-31 00:00:00,1.11303,1.11789,1.11243,1.11676,44499
2019-06-03 00:00:00,1.11608,1.12612,1.11594,1.12401,42735
2019-06-04 00:00:00,1.12405,1.12765,1.12261,1.12512,43061
2019-06-05 00:00:00,1.12502,1.13057,1.12191,1.12198,44898
2019-06-06 00:00:00,1.12216,1.13078,1.12047,1.12749,42984
2019-06-07 00:00:00,1.12755,1.13468,1.12505,1.13304,41687
2019-06-10 00:00:00,1.13223,1.13300,1.12895,1.13105,36480
2019-06-11 00:00:00,1.13111,1.13367,1.13008,1.13249,41011
2019-06-12 00:00:00,1.13267,1.13426,1.12817,1.12862,43640
2019-06-13 00:00:00,1.12877,1.13030,1.12679,1.12758,38441
2019-06-14 00:00:00,1.12760,1.12885,1.12019,1.12101,42457
2019-06-17 00:00:00,1.12098,1.12461,1.12030,1.12170,31637
2019-06-18 00:00:00,1.12183,1.12421,1.11807,1.11936,46921
2019-06-19 00:00:00,1.11915,1.12536,1.11865,1.12253,43172
2019-06-20 00:00:00,1.12260,1.13165,1.12260,1.12908,58063
2019-06-21 00:00:00,1.12926,1.13771,1.12823,1.13680,56716
2019-06-24 00:00:00,1.13698,1.14026,1.13658,1.13978,45042
2019-06-25 00:00:00,1.13985,1.14113,1.13434,1.13665,62961
2019-06-26 00:00:00,1.13660,1.13902,1.13469,1.13678,53421
2019-06-27 00:00:00,1.13677,1.13807,1.13470,1.13691,60411
2019-06-28 00:00:00,1.13685,1.13926,1.13499,1.13688,67207
2019-07-01 00:00:00,1.13593,1.13704,1.12803,1.12845,79152
2019-07-02 00:00:00,1.12848,1.13206,1.12744,1.12854,67536
2019-07-03 00:00:00,1.12844,1.13116,1.12678,1.12757,62341
2019-07-04 00:00:00,1.12766,1.12944,1.12724,1.12826,26570
2019-07-05 00:00:00,1.12815,1.12870,1.12066,1.12252,61011
2019-07-08 00:00:00,1.12215,1.12336,1.12063,1.12135,40915
2019-07-09 00:00:00,1.12135,1.12180,1.11927,1.12068,44570
2019-07-10 00:00:00,1.12072,1.12633,1.12010,1.12497,69239
2019-07-11 00:00:00,1.12534,1.12851,1.12445,1.12542,68799
2019-07-12 00:00:00,1.12536,1.12742,1.12375,1.12693,57031
2019-07-15 00:00:00,1.12690,1.12831,1.12526,1.12569,40544
2019-07-16 00:00:00,1.12587,1.12626,1.12011,1.12085,53457
2019-07-17 00:00:00,1.12107,1.12328,1.11992,1.12232,42142
2019-07-18 00:00:00,1.12264,1.12797,1.12044,1.12763,69894
2019-07-19 00:00:00,1.12761,1.12812,1.12027,1.12192,64595
2019-07-22 00:00:00,1.12130,1.12245,1.12055,1.12079,44522
2019-07-23 00:00:00,1.12087,1.12091,1.11452,1.11504,47808
2019-07-24 00:00:00,1.11507,1.11551,1.11264,1.11377,52131
2019-07-25 00:00:00,1.11391,1.11870,1.11007,1.11457,92309
2019-07-26 00:00:00,1.11460,1.11501,1.11112,1.11261,50439
2019-07-29 00:00:00,1.11255,1.11502,1.11122,1.11445,38118
2019-07-30 00:00:00,1.11443,1.11603,1.11314,1.11545,56589
2019-07-31 00:00:00,1.11541,1.11613,1.10594,1.10761,112922
2019-08-01 00:00:00,1.10777,1.10951,1.10261,1.10829,133721
2019-08-02 00:00:00,1.10815,1.11157,1.10690,1.11042,191052
2019-08-05 00:00:00,1.11059,1.12124,1.11038,1.11999,154452
2019-08-06 00:00:00,1.12030,1.12488,1.11667,1.12040,142351
2019-08-07 00:00:00,1.11999,1.12410,1.11783,1.12005,186034
2019-08-08 00:00:00,1.12004,1.12314,1.11762,1.11789,123300
2019-08-09 00:00:00,1.11808,1.12223,1.11804,1.11999,90740
2019-08-12 00:00:00,1.11979,1.12301,1.11612,1.12143,81711
2019-08-13 00:00:00,1.12147,1.12278,1.11693,1.11709,145798
2019-08-14 00:00:00,1.11707,1.11901,1.11299,1.11374,118483
2019-08-15 00:00:00,1.11378,1.11576,1.10905,1.11126,157482
2019-08-16 00:00:00,1.11030,1.11115,1.10655,1.10887,114497
2019-08-19 00:00:00,1.10926,1.11131,1.10753,1.10775,63860
2019-08-20 00:00:00,1.10789,1.11058,1.10649,1.10993,66588
2019-08-21 00:00:00,1.10992,1.11064,1.10799,1.10840,62618
2019-08-22 00:00:00,1.10859,1.11124,1.10628,1.10792,92923
2019-08-23 00:00:00,1.10787,1.11526,1.10509,1.11444,139872
2019-08-26 00:00:00,1.11480,1.11632,1.10934,1.10988,163818
2019-08-27 00:00:00,1.11009,1.11153,1.10849,1.10894,116788
2019-08-28 00:00:00,1.10903,1.10972,1.10725,1.10770,103997
2019-08-29 00:00:00,1.10786,1.10927,1.10413,1.10558,101084
2019-08-30 00:00:00,1.10560,1.10597,1.09625,1.09932,104459
2019-09-02 00:00:00,1.09898,1.09960,1.09572,1.09670,60609
2019-09-03 00:00:00,1.09669,1.09782,1.09252,1.09717,103723
2019-09-04 00:00:00,1.09723,1.10377,1.09677,1.10337,87528
2019-09-05 00:00:00,1.10340,1.10840,1.10159,1.10338,98260
2019-09-06 00:00:00,1.10341,1.10566,1.10195,1.10243,94194
2019-09-09 00:00:00,1.10250,1.10674,1.10147,1.10451,68420
2019-09-10 00:00:00,1.10470,1.10587,1.10298,1.10412,76961
2019-09-11 00:00:00,1.10411,1.10549,1.09844,1.10101,74344
2019-09-12 00:00:00,1.10089,1.10865,1.09261,1.10629,177660
2019-09-13 00:00:00,1.10647,1.11087,1.10548,1.10755,87347
2019-09-16 00:00:00,1.10733,1.10857,1.09925,1.10014,82380
2019-09-17 00:00:00,1.09983,1.10738,1.09895,1.10698,99623
2019-09-18 00:00:00,1.10719,1.10750,1.10128,1.10272,102089
2019-09-19 00:00:00,1.10314,1.10727,1.10221,1.10393,99784
2019-09-20 00:00:00,1.10397,1.10669,1.09956,1.10188,96521
2019-09-23 00:00:00,1.10100,1.10247,1.09653,1.09926,96889
2019-09-24 00:00:00,1.09929,1.10234,1.09830,1.10173,92383
2019-09-25 00:00:00,1.10128,1.10215,1.09367,1.09420,88252
2019-09-26 00:00:00,1.09430,1.09667,1.09080,1.09196,81933
2019-09-27 00:00:00,1.09190,1.09580,1.09038,1.09405,71025
2019-09-30 00:00:00,1.09403,1.09472,1.08839,1.08985,69191
2019-10-01 00:00:00,1.08985,1.09421,1.08783,1.09327,84037
2019-10-02 00:00:00,1.09283,1.09629,1.09033,1.09573,74006
2019-10-03 00:00:00,1.09604,1.09985,1.09402,1.09634,83804
2019-10-04 00:00:00,1.09639,1.09983,1.09564,1.09764,76045
2019-10-07 00:00:00,1.09809,1.09998,1.09612,1.09700,61364
2019-10-08 00:00:00,1.09695,1.09952,1.09402,1.09553,86676
2019-10-09 00:00:00,1.09509,1.09895,1.09507,1.09696,65832
2019-10-10 00:00:00,1.09728,1.10331,1.09700,1.10050,98474
2019-10-11 00:00:00,1.10040,1.10620,1.10001,1.10345,111150
2019-10-14 00:00:00,1.10315,1.10421,1.10119,1.10256,59510
2019-10-15 00:00:00,1.10248,1.10454,1.09904,1.10318,103355
2019-10-16 00:00:00,1.10285,1.10847,1.10216,1.10714,110939
2019-10-17 00:00:00,1.10720,1.11391,1.10643,1.11244,104759
2019-10-18 00:00:00,1.11237,1.11700,1.11139,1.11700,70166
2019-10-21 00:00:00,1.11601,1.11786,1.11378,1.11480,66378
2019-10-22 00:00:00,1.11488,1.11560,1.11170,1.11248,68476
2019-10-23 00:00:00,1.11260,1.11395,1.11054,1.11298,53220
2019-10-24 00:00:00,1.11310,1.11620,1.10923,1.11031,75837
2019-10-25 00:00:00,1.11059,1.11222,1.10722,1.10789,48611
2019-10-28 00:00:00,1.10789,1.11059,1.10754,1.10996,41878
2019-10-29 00:00:00,1.10985,1.11178,1.10728,1.11094,49717
2019-10-30 00:00:00,1.11113,1.11508,1.10793,1.11490,79708
2019-10-31 00:00:00,1.11480,1.11749,1.11306,1.11498,75406
2019-11-01 00:00:00,1.11505,1.11710,1.11274,1.11636,61896
2019-11-04 00:00:00,1.11681,1.11746,1.11240,1.11270,50013
2019-11-05 00:00:00,1.11268,1.11393,1.10627,1.10727,67350
2019-11-06 00:00:00,1.10731,1.10920,1.10641,1.10688,44912
2019-11-07 00:00:00,1.10679,1.10908,1.10352,1.10440,70901
2019-11-08 00:00:00,1.10481,1.10546,1.10159,1.10197,50055
2019-11-11 00:00:00,1.10218,1.10423,1.10156,1.10323,33430
2019-11-12 00:00:00,1.10315,1.10378,1.10017,1.10086,49247
2019-11-13 00:00:00,1.10081,1.10195,1.09945,1.10050,53713
2019-11-14 00:00:00,1.10032,1.10267,1.09884,1.10184,49509
2019-11-15 00:00:00,1.10185,1.10561,1.10138,1.10523,40333
2019-11-18 00:00:00,1.10498,1.10891,1.10484,1.10739,42766
2019-11-19 00:00:00,1.10721,1.10831,1.10618,1.10756,36591
2019-11-20 00:00:00,1.10767,1.10805,1.10522,1.10704,51357
2019-11-21 00:00:00,1.10716,1.10962,1.10514,1.10561,47677
2019-11-22 00:00:00,1.10604,1.10866,1.10136,1.10203,52303
2019-11-25 00:00:00,1.10166,1.10314,1.10028,1.10087,43254
2019-11-26 00:00:00,1.10084,1.10240,1.10063,1.10223,43315
2019-11-27 00:00:00,1.10239,1.10247,1.09915,1.09979,42769
2019-11-28 00:00:00,1.09998,1.10171,1.09970,1.10089,32831
2019-11-29 00:00:00,1.10088,1.10276,1.09804,1.10164,45402
2019-12-02 00:00:00,1.10232,1.10898,1.10021,1.10818,53480
2019-12-03 00:00:00,1.10792,1.10927,1.10652,1.10807,48484
2019-12-04 00:00:00,1.10795,1.11154,1.10660,1.10792,62664
2019-12-05 00:00:00,1.10765,1.11071,1.10742,1.11011,45503
2019-12-06 00:00:00,1.11060,1.11090,1.10391,1.10587,49511
2019-12-09 00:00:00,1.10538,1.10771,1.10518,1.10637,31361
2019-12-10 00:00:00,1.10631,1.10969,1.10620,1.10942,42308
2019-12-11 00:00:00,1.10952,1.11441,1.10695,1.11344,61215
2019-12-12 00:00:00,1.11356,1.11535,1.11023,1.11296,75850
2019-12-13 00:00:00,1.11281,1.11990,1.11113,1.11125,124312
2019-12-16 00:00:00,1.11263,1.11574,1.11219,1.11439,49688
2019-12-17 00:00:00,1.11424,1.11739,1.11285,1.11456,58062
2019-12-18 00:00:00,1.11455,1.11535,1.11096,1.11173,50630
2019-12-19 00:00:00,1.11150,1.11435,1.11064,1.11233,53923
2019-12-20 00:00:00,1.11218,1.11243,1.10656,1.10760,46451
2019-12-23 00:00:00,1.10806,1.10951,1.10692,1.10915,41899
2019-12-24 00:00:00,1.10914,1.10931,1.10683,1.10840,33210
2019-12-26 00:00:00,1.10891,1.11081,1.10815,1.10990,15642
2019-12-27 00:00:00,1.11009,1.11873,1.10939,1.11754,63910
2019-12-30 00:00:00,1.11704,1.12200,1.11704,1.11977,66161
2019-12-31 00:00:00,1.12009,1.12385,1.11959,1.12230,49490
2020-01-02 00:00:00,1.12041,1.12133,1.11628,1.11681,55508
2020-01-03 00:00:00,1.11715,1.11791,1.11242,1.11595,72059
2020-01-06 00:00:00,1.11615,1.12048,1.11564,1.11912,55984
2020-01-07 00:00:00,1.11926,1.11984,1.11328,1.11430,65452
2020-01-08 00:00:00,1.11452,1.11675,1.11075,1.11135,89526
2020-01-09 00:00:00,1.11086,1.11196,1.10916,1.11047,54800
2020-01-10 00:00:00,1.11037,1.11285,1.10843,1.11197,54343
2020-01-13 00:00:00,1.11164,1.11462,1.11117,1.11363,41968
2020-01-14 00:00:00,1.11340,1.11437,1.11035,1.11272,56767
2020-01-15 00:00:00,1.11260,1.11626,1.11177,1.11517,47797
2020-01-16 00:00:00,1.11485,1.11718,1.11271,1.11361,58036
2020-01-17 00:00:00,1.11362,1.11417,1.10855,1.10917,58093
2020-01-20 00:00:00,1.10912,1.11017,1.10759,1.10968,38460
2020-01-21 00:00:00,1.10964,1.11172,1.10848,1.10873,52156
2020-01-22 00:00:00,1.10861,1.10976,1.10694,1.10893,55102
2020-01-23 00:00:00,1.10909,1.11079,1.10355,1.10542,76644
2020-01-24 00:00:00,1.10566,1.10610,1.10189,1.10253,56897
2020-01-27 00:00:00,1.10308,1.10369,1.10089,1.10166,72389
2020-01-28 00:00:00,1.10182,1.10245,1.09972,1.10188,48239
2020-01-29 00:00:00,1.10201,1.10269,1.09915,1.10041,48622
2020-01-30 00:00:00,1.10042,1.10385,1.10037,1.10330,64608
2020-01-31 00:00:00,1.10324,1.10911,1.10161,1.10879,65344
2020-02-03 00:00:00,1.10875,1.10943,1.10347,1.10576,69852
2020-02-04 00:00:00,1.10591,1.10634,1.10321,1.10424,59553
2020-02-05 00:00:00,1.10435,1.10472,1.09929,1.09967,64892
2020-02-06 00:00:00,1.09982,1.10132,1.09636,1.09774,57317
2020-02-07 00:00:00,1.09807,1.09842,1.09412,1.09458,81111
2020-02-10 00:00:00,1.09462,1.09567,1.09069,1.09120,46487
2020-02-11 00:00:00,1.09107,1.09240,1.08905,1.09182,56961
2020-02-12 00:00:00,1.09175,1.09248,1.08646,1.08734,58563
2020-02-13 00:00:00,1.08733,1.08880,1.08333,1.08411,64424
2020-02-14 00:00:00,1.08385,1.08605,1.08264,1.08365,53687
2020-02-17 00:00:00,1.08418,1.08503,1.08284,1.08326,36633
2020-02-18 00:00:00,1.08337,1.08373,1.07846,1.07929,74751
2020-02-19 00:00:00,1.07925,1.08080,1.07814,1.08066,63860
2020-02-20 00:00:00,1.08088,1.08204,1.07771,1.07865,86049
2020-02-21 00:00:00,1.07861,1.08628,1.07822,1.08478,88679
2020-02-24 00:00:00,1.08246,1.08714,1.08043,1.08541,115147
2020-02-25 00:00:00,1.08520,1.08895,1.08293,1.08810,123703
2020-02-26 00:00:00,1.08814,1.09080,1.08542,1.08840,136389
2020-02-27 00:00:00,1.08831,1.10058,1.08749,1.09937,161507
2020-02-28 00:00:00,1.09943,1.10523,1.09502,1.10374,212675
2020-03-02 00:00:00,1.10451,1.11839,1.10356,1.11283,249002
2020-03-03 00:00:00,1.11332,1.12129,1.10945,1.11759,251043
2020-03-04 00:00:00,1.11782,1.11869,1.10948,1.11334,158185
2020-03-05 00:00:00,1.11343,1.12291,1.11188,1.12233,149538
2020-03-06 00:00:00,1.12342,1.13540,1.12105,1.13042,304170
2020-03-09 00:00:00,1.13427,1.14952,1.13386,1.14421,545490
2020-03-10 00:00:00,1.14407,1.14574,1.12741,1.12827,438613
2020-03-11 00:00:00,1.12826,1.13660,1.12567,1.12717,316732
2020-03-12 00:00:00,1.12548,1.13329,1.10543,1.11727,560338
2020-03-13 00:00:00,1.11831,1.12207,1.10542,1.11001,526029
2020-03-16 00:00:00,1.11562,1.12360,1.10840,1.11736,836215
2020-03-17 00:00:00,1.11736,1.11886,1.09541,1.09951,537697
2020-03-18 00:00:00,1.09957,1.10446,1.08011,1.09117,618442
2020-03-19 00:00:00,1.09091,1.09810,1.06543,1.06878,684769
2020-03-20 00:00:00,1.06741,1.08304,1.06370,1.06930,784835
2020-03-23 00:00:00,1.06983,1.08272,1.06352,1.07251,726131
2020-03-24 00:00:00,1.07239,1.08871,1.07215,1.07968,524895
2020-03-25 00:00:00,1.07810,1.08934,1.07596,1.08824,440773
2020-03-26 00:00:00,1.08713,1.10580,1.08695,1.10340,425364
2020-03-27 00:00:00,1.10277,1.11470,1.09525,1.11417,414532
2020-03-30 00:00:00,1.11127,1.11434,1.10093,1.10405,299199
2020-03-31 00:00:00,1.10449,1.10530,1.09258,1.10346,377556
2020-04-01 00:00:00,1.10354,1.10384,1.09019,1.09663,264832
2020-04-02 00:00:00,1.09576,1.09639,1.08199,1.08589,277241
2020-04-03 00:00:00,1.08550,1.08587,1.07719,1.08115,227395
2020-04-06 00:00:00,1.08098,1.08348,1.07676,1.07904,215542
2020-04-07 00:00:00,1.07929,1.09259,1.07829,1.08906,226151
2020-04-08 00:00:00,1.08936,1.09014,1.08292,1.08538,188623
2020-04-09 00:00:00,1.08538,1.09510,1.08402,1.09312,211534
2020-04-10 00:00:00,1.09290,1.09517,1.09172,1.09339,84054
2020-04-13 00:00:00,1.09366,1.09671,1.08918,1.09087,113826
2020-04-14 00:00:00,1.09052,1.09864,1.08997,1.09813,161547
2020-04-15 00:00:00,1.09881,1.09894,1.08556,1.09124,158047
2020-04-16 00:00:00,1.09083,1.09106,1.08159,1.08383,190750
2020-04-17 00:00:00,1.08376,1.08918,1.08113,1.08733,186348
2020-04-20 00:00:00,1.08654,1.08962,1.08406,1.08631,136943
2020-04-21 00:00:00,1.08624,1.08795,1.08158,1.08559,162285
2020-04-22 00:00:00,1.08576,1.08845,1.08025,1.08203,123932
2020-04-23 00:00:00,1.08216,1.08460,1.07552,1.07756,185139
2020-04-24 00:00:00,1.07785,1.08251,1.07263,1.08246,143225
2020-04-27 00:00:00,1.08208,1.08595,1.08105,1.08264,122969
2020-04-28 00:00:00,1.08202,1.08877,1.08090,1.08180,124235
2020-04-29 00:00:00,1.08187,1.08840,1.08169,1.08775,120449
2020-04-30 00:00:00,1.08748,1.09719,1.08322,1.09534,192577
2020-05-01 00:00:00,1.09528,1.10183,1.09338,1.09797,106461
2020-05-04 00:00:00,1.09682,1.09733,1.08948,1.08986,130784
2020-05-05 00:00:00,1.09026,1.09252,1.08251,1.08343,152418
2020-05-06 00:00:00,1.08398,1.08450,1.07812,1.07955,127702
2020-05-07 00:00:00,1.07922,1.08332,1.07658,1.08331,145935
2020-05-08 00:00:00,1.08302,1.08749,1.08144,1.08378,117365
2020-05-11 00:00:00,1.08350,1.08497,1.08020,1.08144,129614
2020-05-12 00:00:00,1.08058,1.08846,1.07836,1.08474,137454
2020-05-13 00:00:00,1.08472,1.08958,1.08108,1.08181,162638
2020-05-14 00:00:00,1.08167,1.08233,1.07740,1.08015,143745
2020-05-15 00:00:00,1.08040,1.08505,1.07881,1.08180,140879
2020-05-18 00:00:00,1.08193,1.09264,1.07991,1.09154,129630
2020-05-19 00:00:00,1.09178,1.09753,1.09015,1.09234,125909
2020-05-20 00:00:00,1.09208,1.09983,1.09179,1.09780,126632
2020-05-21 00:00:00,1.09793,1.10076,1.09363,1.09487,123023
2020-05-22 00:00:00,1.09468,1.09530,1.08846,1.09023,108227
2020-05-25 00:00:00,1.08946,1.09137,1.08697,1.08949,57968
2020-05-26 00:00:00,1.08946,1.09950,1.08910,1.09822,111618
2020-05-27 00:00:00,1.09802,1.10302,1.09332,1.10075,193650
2020-05-28 00:00:00,1.10042,1.10928,1.09910,1.10783,161396
2020-05-29 00:00:00,1.10746,1.11444,1.10691,1.11063,202023
2020-06-01 00:00:00,1.11149,1.11533,1.10997,1.11324,170675
2020-06-02 00:00:00,1.11348,1.11952,1.11144,1.11666,198347
2020-06-03 00:00:00,1.11693,1.12571,1.11659,1.12324,219801
2020-06-04 00:00:00,1.12331,1.13615,1.11938,1.13335,225430
2020-06-05 00:00:00,1.13353,1.13829,1.12777,1.12870,215543
2020-06-08 00:00:00,1.12938,1.13191,1.12675,1.12914,162878
2020-06-09 00:00:00,1.12919,1.13630,1.12402,1.13360,187297
2020-06-10 00:00:00,1.13375,1.14216,1.13207,1.13739,221953
2020-06-11 00:00:00,1.13738,1.14030,1.12878,1.12988,287121
2020-06-12 00:00:00,1.12957,1.13399,1.12117,1.12591,280846
2020-06-15 00:00:00,1.12415,1.13316,1.12259,1.13206,236472
2020-06-16 00:00:00,1.13232,1.13526,1.12270,1.12599,235669
2020-06-17 00:00:00,1.12621,1.12932,1.12062,1.12420,208175
2020-06-18 00:00:00,1.12456,1.12606,1.11848,1.12045,209672
2020-06-19 00:00:00,1.12033,1.12536,1.11673,1.11760,188418
2020-06-22 00:00:00,1.11839,1.12692,1.11677,1.12642,161109
2020-06-23 00:00:00,1.12606,1.13479,1.12323,1.13058,216318
2020-06-24 00:00:00,1.13086,1.13251,1.12479,1.12481,195130
2020-06-25 00:00:00,1.12522,1.12590,1.11896,1.12165,190926
2020-06-26 00:00:00,1.12145,1.12385,1.11944,1.12176,131623
2020-06-29 00:00:00,1.12154,1.12872,1.12153,1.12407,142597
2020-06-30 00:00:00,1.12364,1.12613,1.11903,1.12338,165065
2020-07-01 00:00:00,1.12323,1.12744,1.11840,1.12503,158780
2020-07-02 00:00:00,1.12517,1.13020,1.12225,1.12385,150030
2020-07-03 00:00:00,1.12356,1.12510,1.12185,1.12446,131314
2020-07-06 00:00:00,1.12426,1.13447,1.12411,1.13072,121999
2020-07-07 00:00:00,1.13063,1.13317,1.12580,1.12720,131646
2020-07-08 00:00:00,1.12733,1.13511,1.12616,1.13304,125002
2020-07-09 00:00:00,1.13304,1.13699,1.12794,1.12826,148987
2020-07-10 00:00:00,1.12842,1.13241,1.12541,1.12963,111376
2020-07-13 00:00:00,1.13029,1.13741,1.13001,1.13410,118293
2020-07-14 00:00:00,1.13424,1.14080,1.13244,1.13971,155835
2020-07-15 00:00:00,1.13940,1.14513,1.13903,1.14113,134327
2020-07-16 00:00:00,1.14101,1.14410,1.13696,1.13817,142575
2020-07-17 00:00:00,1.13765,1.14429,1.13750,1.14255,105515
2020-07-20 00:00:00,1.14164,1.14670,1.14016,1.14475,144491
2020-07-21 00:00:00,1.14437,1.15390,1.14221,1.15217,138902
2020-07-22 00:00:00,1.15291,1.16005,1.15060,1.15684,173421
2020-07-23 00:00:00,1.15683,1.16260,1.15396,1.15954,170228
2020-07-24 00:00:00,1.15911,1.16574,1.15805,1.16537,175044
2020-07-27 00:00:00,1.16413,1.17806,1.16413,1.17503,189032
2020-07-28 00:00:00,1.17488,1.17730,1.16979,1.17158,195969
2020-07-29 00:00:00,1.17166,1.18055,1.17133,1.17918,172391
2020-07-30 00:00:00,1.17844,1.18476,1.17301,1.18471,187552
2020-07-31 00:00:00,1.18412,1.19079,1.17607,1.17713,240604
2020-08-03 00:00:00,1.17739,1.17961,1.16952,1.17643,177504
2020-08-04 00:00:00,1.17588,1.18052,1.17205,1.18009,162140
2020-08-05 00:00:00,1.17978,1.19041,1.17921,1.18631,163882
2020-08-06 00:00:00,1.18635,1.19154,1.18171,1.18766,205911
2020-08-07 00:00:00,1.18697,1.18822,1.17545,1.17856,200907
2020-08-10 00:00:00,1.17855,1.18000,1.17354,1.17359,118658
2020-08-11 00:00:00,1.17405,1.18072,1.17213,1.17390,179218
2020-08-12 00:00:00,1.17406,1.18165,1.17103,1.17866,183038
2020-08-13 00:00:00,1.17817,1.18634,1.17800,1.18144,163585
2020-08-14 00:00:00,1.18151,1.18496,1.17809,1.18409,121821
2020-08-17 00:00:00,1.18318,1.18802,1.18280,1.18714,121476
2020-08-18 00:00:00,1.18718,1.19649,1.18679,1.19339,166213
2020-08-19 00:00:00,1.19297,1.19520,1.18296,1.18388,151855
2020-08-20 00:00:00,1.18393,1.18680,1.18013,1.18609,186462
2020-08-21 00:00:00,1.18605,1.18821,1.17533,1.17961,208273
2020-08-24 00:00:00,1.17914,1.18489,1.17835,1.17870,163885
2020-08-25 00:00:00,1.17877,1.18429,1.17834,1.18345,222733
2020-08-26 00:00:00,1.18338,1.18385,1.17715,1.18290,190352
2020-08-27 00:00:00,1.18309,1.19009,1.17616,1.18212,259549
2020-08-28 00:00:00,1.18175,1.19189,1.18102,1.19052,272349
2020-08-31 00:00:00,1.19009,1.19654,1.18835,1.19355,219446
2020-09-01 00:00:00,1.19351,1.20104,1.19006,1.19119,274012
2020-09-02 00:00:00,1.19150,1.19280,1.18213,1.18544,202346
2020-09-03 00:00:00,1.18529,1.18638,1.17882,1.18516,239860
2020-09-04 00:00:00,1.18481,1.18647,1.17799,1.18394,248347
2020-09-07 00:00:00,1.18428,1.18479,1.18108,1.18124,105982
2020-09-08 00:00:00,1.18117,1.18267,1.17647,1.17738,304349
2020-09-09 00:00:00,1.17780,1.18333,1.17520,1.18036,250627
2020-09-10 00:00:00,1.18016,1.19167,1.17998,1.18141,287356
2020-09-11 00:00:00,1.18159,1.18738,1.18151,1.18465,124753
2020-09-14 00:00:00,1.18364,1.18877,1.18316,1.18625,96085
2020-09-15 00:00:00,1.18632,1.19001,1.18390,1.18457,114335
2020-09-16 00:00:00,1.18469,1.18822,1.17870,1.18150,176781
2020-09-17 00:00:00,1.18158,1.18520,1.17370,1.18462,178690
2020-09-18 00:00:00,1.18442,1.18700,1.18256,1.18415,128282
2020-09-21 00:00:00,1.18419,1.18713,1.17311,1.17725,170065
2020-09-22 00:00:00,1.17714,1.17727,1.16914,1.17086,168055
2020-09-23 00:00:00,1.17058,1.17186,1.16508,1.16606,163094
2020-09-24 00:00:00,1.16594,1.16865,1.16261,1.16670,169390
2020-09-25 00:00:00,1.16697,1.16832,1.16118,1.16293,83151
2020-09-28 00:00:00,1.16211,1.16797,1.16148,1.16659,133211
2020-09-29 00:00:00,1.16641,1.17450,1.16601,1.17420,140211
2020-09-30 00:00:00,1.17402,1.17546,1.16841,1.17208,196702
2020-10-01 00:00:00,1.17218,1.17693,1.17168,1.17451,190529
2020-10-02 00:00:00,1.17441,1.17475,1.16954,1.17163,199376
2020-10-05 00:00:00,1.17127,1.17971,1.17052,1.17853,113856
2020-10-06 00:00:00,1.17820,1.18073,1.17314,1.17314,156624
2020-10-07 00:00:00,1.17332,1.17815,1.17245,1.17639,137204
2020-10-08 00:00:00,1.17627,1.17813,1.17323,1.17582,114072
2020-10-09 00:00:00,1.17589,1.18303,1.17510,1.18281,115548
2020-10-12 00:00:00,1.18169,1.18263,1.17863,1.18132,95481
2020-10-13 00:00:00,1.18094,1.18150,1.17301,1.17458,116411
2020-10-14 00:00:00,1.17437,1.17708,1.17193,1.17465,109022
2020-10-15 00:00:00,1.17469,1.17574,1.16880,1.17073,120505
2020-10-16 00:00:00,1.17055,1.17458,1.16935,1.17163,101822
2020-10-19 00:00:00,1.17187,1.17933,1.17027,1.17714,95241
2020-10-20 00:00:00,1.17650,1.18404,1.17595,1.18235,90084
2020-10-21 00:00:00,1.18204,1.18803,1.18204,1.18582,117171
2020-10-22 00:00:00,1.18569,1.18665,1.18109,1.18182,107786
2020-10-23 00:00:00,1.18181,1.18644,1.17864,1.18604,107686
2020-10-26 00:00:00,1.18535,1.18595,1.18028,1.18090,107113
2020-10-27 00:00:00,1.18095,1.18383,1.17959,1.17970,96494
2020-10-28 00:00:00,1.17873,1.17899,1.17174,1.17463,143760
2020-10-29 00:00:00,1.17458,1.17583,1.16497,1.16721,153075
2020-10-30 00:00:00,1.16703,1.17038,1.16395,1.16460,143391
2020-11-02 00:00:00,1.16495,1.16553,1.16215,1.16397,116043
2020-11-03 00:00:00,1.16391,1.17395,1.16231,1.17009,108193
2020-11-04 00:00:00,1.17125,1.17706,1.16020,1.17225,315718
2020-11-05 00:00:00,1.17196,1.18593,1.17104,1.18285,186793
2020-11-06 00:00:00,1.18262,1.18906,1.17950,1.18801,189435
2020-11-09 00:00:00,1.18846,1.19195,1.17950,1.18233,262838
2020-11-10 00:00:00,1.18172,1.18429,1.17794,1.18070,205348
2020-11-11 00:00:00,1.18078,1.18323,1.17451,1.17787,114522
2020-11-12 00:00:00,1.17816,1.18228,1.17582,1.18037,129682
2020-11-13 00:00:00,1.18072,1.18349,1.17974,1.18324,94455
2020-11-16 00:00:00,1.18377,1.18685,1.18138,1.18476,122752
2020-11-17 00:00:00,1.18501,1.18934,1.18421,1.18642,106626
2020-11-18 00:00:00,1.18631,1.18905,1.18500,1.18549,109281
2020-11-19 00:00:00,1.18502,1.18799,1.18166,1.18771,118102
2020-11-20 00:00:00,1.18790,1.18905,1.18494,1.18586,101608
2020-11-23 00:00:00,1.18503,1.19054,1.17995,1.18384,120537
2020-11-24 00:00:00,1.18394,1.18936,1.18331,1.18899,122612
2020-11-25 00:00:00,1.18890,1.19293,1.18814,1.19209,146601
2020-11-26 00:00:00,1.19172,1.19404,1.18847,1.19134,72294
2020-11-27 00:00:00,1.19111,1.19625,1.19061,1.19607,79712
2020-11-30 00:00:00,1.19581,1.20028,1.19306,1.19320,142353
2020-12-01 00:00:00,1.19277,1.20751,1.19217,1.20688,159320
2020-12-02 00:00:00,1.20683,1.21080,1.20396,1.21018,174138
2020-12-03 00:00:00,1.21074,1.21741,1.21006,1.21402,154351
2020-12-04 00:00:00,1.21474,1.21771,1.21120,1.21188,160083
2020-12-07 00:00:00,1.21168,1.21659,1.20782,1.21113,157573
2020-12-08 00:00:00,1.21128,1.21336,1.20950,1.21044,141504
2020-12-09 00:00:00,1.21050,1.21469,1.20584,1.20801,141380
2020-12-10 00:00:00,1.20824,1.21585,1.20747,1.21440,180614
2020-12-11 00:00:00,1.21366,1.21625,1.21049,1.21129,140001
2020-12-14 00:00:00,1.21348,1.21763,1.21150,1.21445,118249
2020-12-15 00:00:00,1.21468,1.21684,1.21208,1.21567,107926
2020-12-16 00:00:00,1.21594,1.22118,1.21246,1.21921,138976
2020-12-17 00:00:00,1.21832,1.22723,1.21807,1.22592,106536
2020-12-18 00:00:00,1.22663,1.22721,1.22251,1.22447,92358
2020-12-21 00:00:00,1.22148,1.22526,1.21292,1.22323,191516
2020-12-22 00:00:00,1.22314,1.22567,1.21519,1.21565,140298
2020-12-23 00:00:00,1.21634,1.22206,1.21535,1.21869,132471
2020-12-24 00:00:00,1.21915,1.22153,1.21769,1.21838,60945
2020-12-25 00:00:00,1.21833,1.22028,1.21702,1.21849,8026
2020-12-28 00:00:00,1.21788,1.22499,1.21767,1.22064,138539
2020-12-29 00:00:00,1.22060,1.22746,1.22060,1.22486,111602
2020-12-30 00:00:00,1.22472,1.23097,1.22419,1.22919,119150
2020-12-31 00:00:00,1.22970,1.23087,1.22241,1.22381,83163
2021-01-04 00:00:00,1.22358,1.23092,1.22277,1.22432,143981
2021-01-05 00:00:00,1.22454,1.23051,1.22401,1.22972,121525
2021-01-06 00:00:00,1.22902,1.23489,1.22649,1.23246,198287
2021-01-07 00:00:00,1.23248,1.23439,1.22446,1.22667,147281
2021-01-08 00:00:00,1.22724,1.22841,1.21924,1.22233,194636
2021-01-11 00:00:00,1.22126,1.22216,1.21316,1.21546,160691
2021-01-12 00:00:00,1.21565,1.22062,1.21366,1.22023,129037
2021-01-13 00:00:00,1.22046,1.22222,1.21393,1.21512,138855
2021-01-14 00:00:00,1.21555,1.21779,1.21105,1.21645,157824
2021-01-15 00:00:00,1.21596,1.21620,1.20760,1.20783,133546
2021-01-18 00:00:00,1.20824,1.20862,1.20529,1.20783,98350
2021-01-19 00:00:00,1.20762,1.21443,1.20702,1.21264,111389
2021-01-20 00:00:00,1.21255,1.21576,1.20761,1.21014,132230
2021-01-21 00:00:00,1.21056,1.21725,1.21006,1.21681,145491
2021-01-22 00:00:00,1.21665,1.21889,1.21510,1.21695,123092
2021-01-25 00:00:00,1.21677,1.21827,1.21154,1.21396,139615
2021-01-26 00:00:00,1.21382,1.21754,1.21072,1.21652,142459
2021-01-27 00:00:00,1.21656,1.21693,1.20580,1.21036,197300
2021-01-28 00:00:00,1.21094,1.21415,1.20802,1.21267,205757
2021-01-29 00:00:00,1.21227,1.21553,1.20939,1.21351,212645
2021-02-01 00:00:00,1.21300,1.21359,1.20573,1.20606,152974
2021-02-02 00:00:00,1.20583,1.20873,1.20110,1.20352,162285
2021-02-03 00:00:00,1.20404,1.20496,1.20035,1.20355,134442
2021-02-04 00:00:00,1.20350,1.20423,1.19567,1.19657,131311
2021-02-05 00:00:00,1.19637,1.20492,1.19517,1.20446,131665
2021-02-08 00:00:00,1.20362,1.20655,1.20192,1.20511,117121
2021-02-09 00:00:00,1.20488,1.21202,1.20414,1.21168,135115
2021-02-10 00:00:00,1.21173,1.21435,1.21083,1.21184,135525
2021-02-11 00:00:00,1.21178,1.21489,1.21129,1.21337,86782
2021-02-12 00:00:00,1.21306,1.21348,1.20809,1.21178,96444
2021-02-15 00:00:00,1.21217,1.21446,1.21162,1.21298,71031
2021-02-16 00:00:00,1.21324,1.21689,1.20945,1.21122,127811
2021-02-17 00:00:00,1.21067,1.21072,1.20227,1.20420,137690
2021-02-18 00:00:00,1.20415,1.20925,1.20291,1.20914,118635
2021-02-19 00:00:00,1.20935,1.21440,1.20817,1.21156,111013
2021-02-22 00:00:00,1.21200,1.21688,1.20905,1.21545,110224
2021-02-23 00:00:00,1.21522,1.21796,1.21347,1.21479,133233
2021-02-24 00:00:00,1.21447,1.21740,1.21085,1.21664,174068
2021-02-25 00:00:00,1.21694,1.22426,1.21554,1.21697,217812
2021-02-26 00:00:00,1.21736,1.21831,1.20712,1.20744,268478
2021-03-01 00:00:00,1.20733,1.21007,1.20270,1.20452,141499
2021-03-02 00:00:00,1.20443,1.20938,1.19911,1.20883,144052
2021-03-03 00:00:00,1.20868,1.21127,1.20421,1.20641,148621
2021-03-04 00:00:00,1.20645,1.20661,1.19610,1.19660,185409
2021-03-05 00:00:00,1.19709,1.19772,1.18926,1.19201,212711
2021-03-08 00:00:00,1.19262,1.19317,1.18452,1.18486,171168
2021-03-09 00:00:00,1.18468,1.19151,1.18349,1.19013,155132
2021-03-10 00:00:00,1.19003,1.19262,1.18682,1.19232,144469
2021-03-11 00:00:00,1.19267,1.19893,1.19150,1.19883,139570
2021-03-12 00:00:00,1.19872,1.19880,1.19093,1.19571,126233
2021-03-15 00:00:00,1.19435,1.19669,1.19104,1.19302,99892
2021-03-16 00:00:00,1.19290,1.19512,1.18815,1.19021,108549
2021-03-17 00:00:00,1.19006,1.19851,1.18856,1.19800,125176
2021-03-18 00:00:00,1.19781,1.19883,1.19057,1.19172,150353
2021-03-19 00:00:00,1.19157,1.19366,1.18732,1.19039,124037
2021-03-22 00:00:00,1.18863,1.19463,1.18740,1.19341,95206
2021-03-23 00:00:00,1.19355,1.19402,1.18415,1.18478,103948
2021-03-24 00:00:00,1.18521,1.18531,1.18091,1.18106,102635
2021-03-25 00:00:00,1.18128,1.18271,1.17610,1.17656,116628
2021-03-26 00:00:00,1.17690,1.18044,1.17654,1.17931,82613
2021-03-29 00:00:00,1.17904,1.17933,1.17601,1.17641,92205
2021-03-30 00:00:00,1.17648,1.17732,1.17105,1.17173,91089
2021-03-31 00:00:00,1.17176,1.17592,1.17035,1.17291,99169
2021-04-01 00:00:00,1.17264,1.17794,1.17121,1.17763,95589
2021-04-02 00:00:00,1.17751,1.17860,1.17485,1.17598,41335
2021-04-05 00:00:00,1.17655,1.18189,1.17372,1.18116,50178
2021-04-06 00:00:00,1.18111,1.18772,1.17946,1.18737,87059
2021-04-07 00:00:00,1.18724,1.19142,1.18602,1.18696,99350
2021-04-08 00:00:00,1.18663,1.19269,1.18601,1.19153,79112
2021-04-09 00:00:00,1.19176,1.19196,1.18665,1.19002,79079
2021-04-12 00:00:00,1.19002,1.19185,1.18705,1.19103,77242
2021-04-13 00:00:00,1.19108,1.19553,1.18771,1.19486,100530
2021-04-14 00:00:00,1.19477,1.19868,1.19463,1.19799,81593
2021-04-15 00:00:00,1.19804,1.19928,1.19555,1.19654,83527
2021-04-16 00:00:00,1.19682,1.19941,1.19499,1.19804,68439
2021-04-19 00:00:00,1.19741,1.20474,1.19420,1.20349,89982
2021-04-20 00:00:00,1.20317,1.20793,1.20219,1.20351,102595
2021-04-21 00:00:00,1.20338,1.20431,1.19980,1.20341,86492
2021-04-22 00:00:00,1.20322,1.20690,1.19931,1.20153,115983
2021-04-23 00:00:00,1.20164,1.20994,1.20123,1.20965,92600
2021-04-26 00:00:00,1.20941,1.21163,1.20604,1.20913,94343
2021-04-27 00:00:00,1.20868,1.20921,1.20562,1.20900,86568
2021-04-28 00:00:00,1.20905,1.21341,1.20556,1.21227,121599
2021-04-29 00:00:00,1.21235,1.21494,1.21015,1.21202,110974
2021-04-30 00:00:00,1.21195,1.21259,1.20159,1.20208,122711
2021-05-03 00:00:00,1.20249,1.20756,1.20125,1.20622,98888
2021-05-04 00:00:00,1.20612,1.20632,1.19983,1.20151,125479
2021-05-05 00:00:00,1.20096,1.20260,1.19854,1.20035,102535
2021-05-06 00:00:00,1.20025,1.20711,1.19925,1.20623,106005
2021-05-07 00:00:00,1.20626,1.21710,1.20523,1.21614,163842
2021-05-10 00:00:00,1.21705,1.21776,1.21282,1.21286,143223
2021-05-11 00:00:00,1.21285,1.21810,1.21224,1.21476,134151
2021-05-12 00:00:00,1.21467,1.21517,1.20650,1.20724,173986
2021-05-13 00:00:00,1.20694,1.21055,1.20508,1.20791,153970
2021-05-14 00:00:00,1.20786,1.21471,1.20704,1.21440,109740
2021-05-17 00:00:00,1.21460,1.21682,1.21256,1.21513,101193
2021-05-18 00:00:00,1.21496,1.22334,1.21495,1.22222,108445
2021-05-19 00:00:00,1.22206,1.22446,1.21593,1.21751,163243
2021-05-20 00:00:00,1.21711,1.22285,1.21683,1.22254,118774
2021-05-21 00:00:00,1.22250,1.22391,1.21602,1.21799,129757
2021-05-24 00:00:00,1.21829,1.22294,1.21742,1.22151,111338
2021-05-25 00:00:00,1.22135,1.22658,1.22109,1.22486,130745
2021-05-26 00:00:00,1.22485,1.22623,1.21813,1.21919,122890
2021-05-27 00:00:00,1.21900,1.22144,1.21746,1.21926,131557
2021-05-28 00:00:00,1.21915,1.22044,1.21320,1.21888,130250
2021-05-31 00:00:00,1.21936,1.22308,1.21828,1.22251,63852
2021-06-01 00:00:00,1.22257,1.22538,1.22111,1.22113,113694
2021-06-02 00:00:00,1.22137,1.22260,1.21635,1.22089,115185
2021-06-03 00:00:00,1.22101,1.22136,1.21177,1.21273,121443
2021-06-04 00:00:00,1.21240,1.21851,1.21033,1.21656,128117
2021-06-07 00:00:00,1.21630,1.22013,1.21443,1.21898,81714
2021-06-08 00:00:00,1.21895,1.21936,1.21637,1.21722,99065
2021-06-09 00:00:00,1.21735,1.22174,1.21706,1.21785,76524
2021-06-10 00:00:00,1.21773,1.21943,1.21426,1.21757,131243
2021-06-11 00:00:00,1.21744,1.21924,1.20921,1.21053,102598
2021-06-14 00:00:00,1.21087,1.21299,1.20936,1.21183,75703
2021-06-15 00:00:00,1.21184,1.21468,1.21007,1.21258,90565
2021-06-16 00:00:00,1.21237,1.21342,1.19949,1.19966,145134
2021-06-17 00:00:00,1.19933,1.20058,1.18912,1.19062,184953
2021-06-18 00:00:00,1.19053,1.19245,1.18466,1.18595,191578
2021-06-21 00:00:00,1.18716,1.19207,1.18470,1.19182,160249
2021-06-22 00:00:00,1.19158,1.19521,1.18804,1.19403,136377
2021-06-23 00:00:00,1.19380,1.19696,1.19111,1.19274,125000
2021-06-24 00:00:00,1.19249,1.19557,1.19171,1.19308,116616
2021-06-25 00:00:00,1.19309,1.19747,1.19257,1.19366,110016
2021-06-28 00:00:00,1.19379,1.19440,1.19017,1.19223,111560
2021-06-29 00:00:00,1.19255,1.19292,1.18771,1.18966,109853
2021-06-30 00:00:00,1.19004,1.19085,1.18445,1.18596,130732
2021-07-01 00:00:00,1.18552,1.18837,1.18368,1.18485,118757
2021-07-02 00:00:00,1.18481,1.18737,1.18067,1.18642,133504
2021-07-05 00:00:00,1.18592,1.18799,1.18508,1.18610,75059
2021-07-06 00:00:00,1.18608,1.18945,1.18061,1.18215,139539
2021-07-07 00:00:00,1.18186,1.18358,1.17808,1.17909,129224
2021-07-08 00:00:00,1.17899,1.18673,1.17829,1.18446,151309
2021-07-09 00:00:00,1.18394,1.18806,1.18244,1.18776,121318
2021-07-12 00:00:00,1.18731,1.18796,1.18355,1.18602,90181
2021-07-13 00:00:00,1.18602,1.18746,1.17715,1.17762,112582
2021-07-14 00:00:00,1.17744,1.18383,1.17714,1.18368,93613
2021-07-15 00:00:00,1.18366,1.18501,1.17957,1.18108,94220
2021-07-16 00:00:00,1.18079,1.18218,1.17915,1.18052,87142
2021-07-19 00:00:00,1.18107,1.18239,1.17633,1.17995,110980
2021-07-20 00:00:00,1.17955,1.18020,1.17550,1.17803,110254
2021-07-21 00:00:00,1.17771,1.18043,1.17512,1.17935,91951
2021-07-22 00:00:00,1.17903,1.18299,1.17568,1.17699,112922
2021-07-23 00:00:00,1.17614,1.17859,1.17538,1.17683,74640
2021-07-26 00:00:00,1.17715,1.18167,1.17629,1.18019,83404
2021-07-27 00:00:00,1.18019,1.18406,1.17696,1.18146,96152
2021-07-28 00:00:00,1.18153,1.18490,1.17715,1.18431,124753
2021-07-29 00:00:00,1.18441,1.18922,1.18389,1.18846,85009
2021-07-30 00:00:00,1.18856,1.19081,1.18510,1.18729,83295
2021-08-02 00:00:00,1.18627,1.18963,1.18583,1.18714,72940
2021-08-03 00:00:00,1.18685,1.18927,1.18530,1.18635,73418
2021-08-04 00:00:00,1.18599,1.18991,1.18321,1.18371,81242
2021-08-05 00:00:00,1.18366,1.18567,1.18275,1.18304,74377
2021-08-06 00:00:00,1.18310,1.18350,1.17537,1.17613,90621
2021-08-09 00:00:00,1.17515,1.17683,1.17343,1.17351,67356
2021-08-10 00:00:00,1.17362,1.17422,1.17091,1.17198,61550
2021-08-11 00:00:00,1.17169,1.17535,1.17054,1.17400,70342
2021-08-12 00:00:00,1.17361,1.17477,1.17230,1.17333,52126
2021-08-13 00:00:00,1.17311,1.18041,1.17282,1.17956,53135
2021-08-16 00:00:00,1.17934,1.18001,1.17667,1.17756,49405
2021-08-17 00:00:00,1.17722,1.17841,1.17075,1.17089,75172
2021-08-18 00:00:00,1.17089,1.17422,1.16931,1.17096,79539
2021-08-19 00:00:00,1.17110,1.17151,1.16651,1.16771,88427
2021-08-20 00:00:00,1.16760,1.17039,1.16634,1.16992,64416
2021-08-23 00:00:00,1.16945,1.17497,1.16931,1.17439,65322
2021-08-24 00:00:00,1.17428,1.17646,1.17266,1.17573,60917
2021-08-25 00:00:00,1.17560,1.17742,1.17255,1.17719,64857
2021-08-26 00:00:00,1.17703,1.17784,1.17455,1.17519,68814
2021-08-27 00:00:00,1.17546,1.18018,1.17343,1.17956,99625
2021-08-30 00:00:00,1.17962,1.18093,1.17821,1.17964,47136
2021-08-31 00:00:00,1.17945,1.18445,1.17939,1.18085,85235
2021-09-01 00:00:00,1.18073,1.18567,1.17931,1.18384,75517
2021-09-02 00:00:00,1.18390,1.18755,1.18337,1.18751,57199
2021-09-03 00:00:00,1.18719,1.19085,1.18652,1.18766,86414
2021-09-06 00:00:00,1.18813,1.18857,1.18553,1.18683,44521
2021-09-07 00:00:00,1.18686,1.18847,1.18369,1.18418,72614
2021-09-08 00:00:00,1.18424,1.18505,1.18014,1.18166,68553
2021-09-09 00:00:00,1.18148,1.18408,1.18047,1.18227,75689
2021-09-10 00:00:00,1.18242,1.18506,1.18088,1.18104,54411
2021-09-13 00:00:00,1.18110,1.18165,1.17696,1.18102,53719
2021-09-14 00:00:00,1.18096,1.18452,1.17995,1.18042,65533
2021-09-15 00:00:00,1.18011,1.18313,1.17985,1.18149,69268
2021-09-16 00:00:00,1.18151,1.18200,1.17499,1.17683,71107
2021-09-17 00:00:00,1.17614,1.17883,1.17240,1.17250,61444
2021-09-20 00:00:00,1.17264,1.17359,1.16996,1.17273,64436
2021-09-21 00:00:00,1.17225,1.17481,1.17142,1.17247,57446
2021-09-22 00:00:00,1.17252,1.17551,1.16837,1.16901,110529
2021-09-23 00:00:00,1.16907,1.17496,1.16828,1.17390,71786
2021-09-24 00:00:00,1.17377,1.17471,1.17000,1.17207,52691
2021-09-27 00:00:00,1.17173,1.17246,1.16840,1.16953,64541
2021-09-28 00:00:00,1.16955,1.17027,1.16676,1.16829,88588
2021-09-29 00:00:00,1.16805,1.16896,1.15888,1.15954,80941
2021-09-30 00:00:00,1.15974,1.16092,1.15620,1.15757,92430
2021-10-01 00:00:00,1.15798,1.16069,1.15624,1.15927,80442
2021-10-04 00:00:00,1.16064,1.16396,1.15871,1.16186,56281
2021-10-05 00:00:00,1.16197,1.16215,1.15799,1.15970,61308
2021-10-06 00:00:00,1.16005,1.16005,1.15286,1.15565,74501
2021-10-07 00:00:00,1.15564,1.15715,1.15468,1.15526,55044
2021-10-08 00:00:00,1.15524,1.15855,1.15408,1.15740,72533
2021-10-11 00:00:00,1.15683,1.15862,1.15484,1.15537,45656
2021-10-12 00:00:00,1.15522,1.15697,1.15238,1.15299,64810
2021-10-13 00:00:00,1.15292,1.15968,1.15281,1.15949,78774
2021-10-14 00:00:00,1.15925,1.16238,1.15834,1.15968,56726
2021-10-15 00:00:00,1.15951,1.16181,1.15875,1.15984,66558
2021-10-18 00:00:00,1.15979,1.16218,1.15711,1.16107,63883
2021-10-19 00:00:00,1.16097,1.16688,1.16078,1.16313,76768
2021-10-20 00:00:00,1.16330,1.16579,1.16162,1.16496,76334
2021-10-21 00:00:00,1.16496,1.16667,1.16188,1.16226,79905
2021-10-22 00:00:00,1.16245,1.16550,1.16205,1.16436,86193
2021-10-25 00:00:00,1.16434,1.16645,1.15899,1.16097,77449
2021-10-26 00:00:00,1.16077,1.16251,1.15842,1.15969,72679
2021-10-27 00:00:00,1.15918,1.16254,1.15842,1.16025,99140
2021-10-28 00:00:00,1.16022,1.16914,1.15815,1.16839,133188
2021-10-29 00:00:00,1.16823,1.16894,1.15344,1.15622,112062
2021-11-01 00:00:00,1.15602,1.16085,1.15453,1.16065,81188
2021-11-02 00:00:00,1.16028,1.16127,1.15745,1.15784,87778
2021-11-03 00:00:00,1.15780,1.16157,1.15616,1.16108,122257
2021-11-04 00:00:00,1.16076,1.16157,1.15275,1.15535,99736
2021-11-05 00:00:00,1.15563,1.15728,1.15125,1.15660,94416
2021-11-08 00:00:00,1.15646,1.15943,1.15498,1.15883,69319
2021-11-09 00:00:00,1.15882,1.16082,1.15690,1.15950,87842
2021-11-10 00:00:00,1.15949,1.15960,1.14770,1.14770,123443
2021-11-11 00:00:00,1.14771,1.14870,1.14424,1.14450,73814
2021-11-12 00:00:00,1.14474,1.14615,1.14322,1.14436,80044
2021-11-15 00:00:00,1.14431,1.14633,1.13606,1.13617,104345
2021-11-16 00:00:00,1.13685,1.13850,1.13142,1.13151,88475
2021-11-17 00:00:00,1.13150,1.13315,1.12629,1.13188,92916
2021-11-18 00:00:00,1.13183,1.13734,1.13131,1.13697,83182
2021-11-19 00:00:00,1.13706,1.13734,1.12493,1.12889,126204
2021-11-22 00:00:00,1.12832,1.12898,1.12300,1.12358,121718
2021-11-23 00:00:00,1.12359,1.12743,1.12253,1.12495,117453
2021-11-24 00:00:00,1.12494,1.12545,1.11853,1.12044,143878
2021-11-25 00:00:00,1.12043,1.12290,1.11976,1.12072,65034
2021-11-26 00:00:00,1.12073,1.13217,1.12053,1.13209,182405
2021-11-29 00:00:00,1.12838,1.12963,1.12577,1.12784,101795
2021-11-30 00:00:00,1.12785,1.13822,1.12344,1.13409,170270
2021-12-01 00:00:00,1.13408,1.13590,1.13019,1.13103,119891
2021-12-02 00:00:00,1.13104,1.13470,1.12946,1.12976,91286
2021-12-03 00:00:00,1.12977,1.13330,1.12659,1.13012,123789
2021-12-06 00:00:00,1.13043,1.13096,1.12658,1.12826,71828
2021-12-07 00:00:00,1.12821,1.12977,1.12269,1.12661,77376
2021-12-08 00:00:00,1.12670,1.13540,1.12645,1.13505,88816
2021-12-09 00:00:00,1.13478,1.13491,1.12777,1.12939,76567
2021-12-10 00:00:00,1.12937,1.13234,1.12644,1.13147,82110
2021-12-13 00:00:00,1.13126,1.13187,1.12594,1.12850,63732
2021-12-14 00:00:00,1.12834,1.13232,1.12538,1.12551,70300
2021-12-15 00:00:00,1.12536,1.12986,1.12210,1.12873,115027
2021-12-16 00:00:00,1.12871,1.13598,1.12807,1.13337,102289
2021-12-17 00:00:00,1.13326,1.13482,1.12427,1.12442,78285
2021-12-20 00:00:00,1.12393,1.13032,1.12339,1.12750,80799
2021-12-21 00:00:00,1.12772,1.13020,1.12601,1.12820,73880
2021-12-22 00:00:00,1.12819,1.13416,1.12636,1.13364,70667
2021-12-23 00:00:00,1.13375,1.13415,1.12893,1.13343,67626
2021-12-24 00:00:00,1.13335,1.13428,1.13215,1.13376,35308
2021-12-27 00:00:00,1.13228,1.13339,1.13023,1.13283,43604
2021-12-28 00:00:00,1.13270,1.13326,1.12889,1.13093,47314
2021-12-29 00:00:00,1.13110,1.13682,1.12730,1.13466,72273
2021-12-30 00:00:00,1.13479,1.13592,1.12977,1.13180,67889
2021-12-31 00:00:00,1.13205,1.13527,1.13026,1.13480,34808
2022-01-03 00:00:00,1.13691,1.13691,1.12790,1.12955,83861
2022-01-04 00:00:00,1.12969,1.13218,1.12715,1.12829,91309
2022-01-05 00:00:00,1.12838,1.13458,1.12763,1.13105,97224
2022-01-06 00:00:00,1.13103,1.13312,1.12838,1.12899,107142
2022-01-07 00:00:00,1.12905,1.13641,1.12866,1.13586,84502
2022-01-10 00:00:00,1.13580,1.13581,1.12843,1.13274,89286
2022-01-11 00:00:00,1.13257,1.13746,1.13122,1.13665,89827
2022-01-12 00:00:00,1.13651,1.14521,1.13540,1.14484,101750
2022-01-13 00:00:00,1.14493,1.14810,1.14351,1.14529,101977
2022-01-14 00:00:00,1.14516,1.14822,1.13978,1.14149,119533
2022-01-17 00:00:00,1.14097,1.14337,1.13911,1.14075,68424
2022-01-18 00:00:00,1.14061,1.14209,1.13139,1.13155,130504
2022-01-19 00:00:00,1.13167,1.13564,1.13160,1.13470,103053
2022-01-20 00:00:00,1.13451,1.13683,1.13023,1.13040,106712
2022-01-21 00:00:00,1.13035,1.13591,1.13002,1.13407,109069
2022-01-24 00:00:00,1.13386,1.13444,1.12898,1.13219,114879
2022-01-25 00:00:00,1.13200,1.13280,1.12626,1.13040,104674
2022-01-26 00:00:00,1.13039,1.13101,1.12347,1.12418,141544
2022-01-27 00:00:00,1.12398,1.12434,1.11306,1.11431,151202
2022-01-28 00:00:00,1.11418,1.11730,1.11207,1.11470,147336
2022-01-31 00:00:00,1.11403,1.12472,1.11389,1.12344,130588
2022-02-01 00:00:00,1.12346,1.12780,1.12201,1.12681,113824
2022-02-02 00:00:00,1.12681,1.13296,1.12654,1.13037,100967
2022-02-03 00:00:00,1.13047,1.14508,1.12667,1.14293,180644
2022-02-04 00:00:00,1.14298,1.14831,1.14110,1.14555,164129
2022-02-07 00:00:00,1.14554,1.14582,1.14145,1.14392,117612
2022-02-08 00:00:00,1.14378,1.14481,1.13955,1.14180,96576
2022-02-09 00:00:00,1.14180,1.14473,1.14018,1.14233,89478
2022-02-10 00:00:00,1.14246,1.14942,1.13742,1.14317,171170
2022-02-11 00:00:00,1.14306,1.14326,1.13290,1.13403,209969
2022-02-14 00:00:00,1.13480,1.13685,1.12794,1.12972,170222
2022-02-15 00:00:00,1.12935,1.13675,1.12934,1.13576,129752
2022-02-16 00:00:00,1.13576,1.13951,1.13443,1.13812,113884
2022-02-17 00:00:00,1.13813,1.13854,1.13225,1.13606,174636
2022-02-18 00:00:00,1.13592,1.13763,1.13136,1.13251,121053
2022-02-21 00:00:00,1.13191,1.13900,1.13059,1.13133,98547
2022-02-22 00:00:00,1.13141,1.13662,1.12873,1.13248,189056
2022-02-23 00:00:00,1.13235,1.13583,1.13004,1.13017,126271
2022-02-24 00:00:00,1.13044,1.13081,1.11056,1.11991,328331
2022-02-25 00:00:00,1.11994,1.12693,1.11607,1.12662,149420
2022-02-28 00:00:00,1.11504,1.12441,1.11414,1.12121,269000
2022-03-01 00:00:00,1.12097,1.12325,1.10792,1.11295,207616
2022-03-02 00:00:00,1.11297,1.11735,1.10568,1.11247,288335
2022-03-03 00:00:00,1.11264,1.11285,1.10327,1.10618,122022
2022-03-04 00:00:00,1.10622,1.10668,1.08862,1.09228,49130
2022-03-07 00:00:00,1.08716,1.09302,1.08057,1.08667,69444
2022-03-08 00:00:00,1.08692,1.09577,1.08487,1.09062,68946
2022-03-09 00:00:00,1.09057,1.10947,1.08897,1.10661,168944
2022-03-10 00:00:00,1.10691,1.11206,1.09795,1.09805,208224
2022-03-11 00:00:00,1.09808,1.10430,1.09014,1.09103,183510
2022-03-14 00:00:00,1.09280,1.09932,1.08999,1.09388,197404
2022-03-15 00:00:00,1.09420,1.10192,1.09255,1.09458,238137
2022-03-16 00:00:00,1.09524,1.10461,1.09477,1.10372,300556
2022-03-17 00:00:00,1.10325,1.11369,1.10067,1.10903,164281
2022-03-18 00:00:00,1.10916,1.11181,1.10029,1.10487,137901
2022-03-21 00:00:00,1.10438,1.10695,1.10095,1.10155,82944
2022-03-22 00:00:00,1.10158,1.10451,1.09603,1.10296,101108
2022-03-23 00:00:00,1.10286,1.10433,1.09635,1.10084,82815
2022-03-24 00:00:00,1.10083,1.10130,1.09653,1.09968,90904
2022-03-25 00:00:00,1.09960,1.10371,1.09803,1.09847,95944
2022-03-28 00:00:00,1.09801,1.09988,1.09440,1.09853,106467
2022-03-29 00:00:00,1.09853,1.11365,1.09684,1.10866,139521
2022-03-30 00:00:00,1.10833,1.11704,1.10820,1.11586,120743
2022-03-31 00:00:00,1.11577,1.11842,1.10604,1.10669,113202
2022-04-01 00:00:00,1.10642,1.10754,1.10273,1.10452,94725
2022-04-04 00:00:00,1.10428,1.10538,1.09597,1.09715,73343
2022-04-05 00:00:00,1.09731,1.09880,1.08994,1.09055,76783
2022-04-06 00:00:00,1.09053,1.09373,1.08739,1.08968,102892
2022-04-07 00:00:00,1.08954,1.09377,1.08642,1.08793,93055
2022-04-08 00:00:00,1.08761,1.08911,1.08358,1.08745,79315
2022-04-11 00:00:00,1.08913,1.09326,1.08721,1.08834,79191
2022-04-12 00:00:00,1.08821,1.09029,1.08206,1.08265,97685
2022-04-13 00:00:00,1.08268,1.08936,1.08083,1.08917,87495
2022-04-14 00:00:00,1.08886,1.09226,1.07566,1.08273,101892
2022-04-15 00:00:00,1.08251,1.08291,1.07961,1.08092,77390
2022-04-18 00:00:00,1.08201,1.08211,1.07693,1.07812,49563
2022-04-19 00:00:00,1.07764,1.08137,1.07605,1.07885,81643
2022-04-20 00:00:00,1.07853,1.08660,1.07834,1.08547,90126
2022-04-21 00:00:00,1.08487,1.09356,1.08231,1.08320,102654
2022-04-22 00:00:00,1.08341,1.08509,1.07699,1.07956,94745
2022-04-25 00:00:00,1.08061,1.08116,1.06962,1.07110,110695
2022-04-26 00:00:00,1.07118,1.07379,1.06357,1.06366,89609
2022-04-27 00:00:00,1.06363,1.06540,1.05137,1.05585,105677
2022-04-28 00:00:00,1.05548,1.05641,1.04706,1.04990,119684
2022-04-29 00:00:00,1.04982,1.05921,1.04905,1.05412,98150
2022-05-02 00:00:00,1.05433,1.05678,1.04895,1.05071,76743
2022-05-03 00:00:00,1.05034,1.05771,1.04915,1.05199,80744
2022-05-04 00:00:00,1.05192,1.06304,1.05055,1.06206,103756
2022-05-05 00:00:00,1.06229,1.06412,1.04920,1.05393,121673
2022-05-06 00:00:00,1.05412,1.05981,1.04822,1.05452,145747
2022-05-09 00:00:00,1.05375,1.05919,1.04947,1.05600,113457
2022-05-10 00:00:00,1.05580,1.05847,1.05248,1.05295,124300
2022-05-11 00:00:00,1.05276,1.05764,1.05012,1.05134,139559
2022-05-12 00:00:00,1.05141,1.05286,1.03535,1.03808,141091
2022-05-13 00:00:00,1.03816,1.04189,1.03488,1.04069,103208
2022-05-16 00:00:00,1.04049,1.04423,1.03885,1.04339,85063
2022-05-17 00:00:00,1.04352,1.05550,1.04278,1.05533,105753
2022-05-18 00:00:00,1.05491,1.05631,1.04604,1.04621,89732
2022-05-19 00:00:00,1.04618,1.06065,1.04616,1.05840,118984
2022-05-20 00:00:00,1.05842,1.05981,1.05322,1.05541,101675
2022-05-23 00:00:00,1.05760,1.06967,1.05673,1.06920,94986
2022-05-24 00:00:00,1.06910,1.07479,1.06603,1.07353,101136
2022-05-25 00:00:00,1.07338,1.07384,1.06417,1.06796,101872
2022-05-26 00:00:00,1.06808,1.07309,1.06619,1.07302,88081
2022-05-27 00:00:00,1.07286,1.07643,1.06964,1.07327,81295
2022-05-30 00:00:00,1.07301,1.07862,1.07256,1.07796,57711
2022-05-31 00:00:00,1.07769,1.07788,1.06784,1.07318,108409
2022-06-01 00:00:00,1.07317,1.07385,1.06265,1.06511,88827
2022-06-02 00:00:00,1.06531,1.07496,1.06442,1.07485,69204
2022-06-03 00:00:00,1.07461,1.07639,1.07035,1.07189,70191
2022-06-06 00:00:00,1.07245,1.07512,1.06838,1.06954,61636
2022-06-07 00:00:00,1.06938,1.07136,1.06519,1.07055,88608
2022-06-08 00:00:00,1.07060,1.07478,1.06708,1.07163,79497
2022-06-09 00:00:00,1.07137,1.07732,1.06104,1.06187,117454
2022-06-10 00:00:00,1.06162,1.06415,1.05051,1.05139,114424
2022-06-13 00:00:00,1.05079,1.05131,1.03990,1.04082,126420
2022-06-14 00:00:00,1.04080,1.04842,1.03964,1.04169,138291
2022-06-15 00:00:00,1.04135,1.05071,1.03585,1.04464,180029
2022-06-16 00:00:00,1.04433,1.06005,1.03803,1.05521,173083
2022-06-17 00:00:00,1.05504,1.05603,1.04438,1.04926,149204
2022-06-20 00:00:00,1.04904,1.05452,1.04840,1.05105,82982
2022-06-21 00:00:00,1.05087,1.05819,1.05084,1.05346,93836
2022-06-22 00:00:00,1.05345,1.06050,1.04682,1.05684,121522
2022-06-23 00:00:00,1.05652,1.05806,1.04821,1.05209,147121
2022-06-24 00:00:00,1.05222,1.05706,1.05117,1.05554,102437
2022-06-27 00:00:00,1.05646,1.06142,1.05497,1.05820,98262
2022-06-28 00:00:00,1.05828,1.06055,1.05027,1.05209,111793
2022-06-29 00:00:00,1.05208,1.05347,1.04346,1.04416,118189
2022-06-30 00:00:00,1.04400,1.04879,1.03818,1.04832,130950
2022-07-01 00:00:00,1.04848,1.04849,1.03650,1.04262,132611
2022-07-04 00:00:00,1.04364,1.04622,1.04165,1.04224,73381
2022-07-05 00:00:00,1.04208,1.04480,1.02345,1.02648,134102
2022-07-06 00:00:00,1.02666,1.02760,1.01610,1.01845,149755
2022-07-07 00:00:00,1.01825,1.02205,1.01435,1.01612,120093
2022-07-08 00:00:00,1.01617,1.01907,1.00714,1.01849,135334
2022-07-11 00:00:00,1.01748,1.01750,1.00330,1.00391,116339
2022-07-12 00:00:00,1.00387,1.00731,0.99994,1.00362,142067
2022-07-13 00:00:00,1.00331,1.01215,0.99974,1.00568,157699
2022-07-14 00:00:00,1.00566,1.00589,0.99515,1.00211,169359
2022-07-15 00:00:00,1.00172,1.00972,1.00061,1.00848,125480
2022-07-18 00:00:00,1.00846,1.02006,1.00800,1.01455,111943
2022-07-19 00:00:00,1.01408,1.02686,1.01189,1.02261,140487
2022-07-20 00:00:00,1.02294,1.02725,1.01548,1.01792,134572
2022-07-21 00:00:00,1.01800,1.02775,1.01531,1.02263,160406
2022-07-22 00:00:00,1.02258,1.02546,1.01292,1.02111,149840
2022-07-25 00:00:00,1.02121,1.02573,1.01784,1.02212,132838
2022-07-26 00:00:00,1.02196,1.02496,1.01070,1.01156,120455
2022-07-27 00:00:00,1.01180,1.02202,1.00960,1.02006,131426
2022-07-28 00:00:00,1.01992,1.02337,1.01134,1.01977,156044
2022-07-29 00:00:00,1.01935,1.02534,1.01454,1.02257,146666
2022-08-01 00:00:00,1.02152,1.02745,1.02049,1.02575,130167
2022-08-02 00:00:00,1.02588,1.02931,1.01628,1.01661,160550
2022-08-03 00:00:00,1.01642,1.02091,1.01222,1.01681,145198
2022-08-04 00:00:00,1.01672,1.02531,1.01536,1.02449,129822
2022-08-05 00:00:00,1.02465,1.02514,1.01409,1.01776,121921
2022-08-08 00:00:00,1.01732,1.02211,1.01587,1.01952,99693
2022-08-09 00:00:00,1.01915,1.02466,1.01881,1.02124,84023
2022-08-10 00:00:00,1.02118,1.03678,1.02014,1.02966,120352
2022-08-11 00:00:00,1.02984,1.03637,1.02749,1.03235,123991
2022-08-12 00:00:00,1.03211,1.03269,1.02375,1.02559,109539
2022-08-15 00:00:00,1.02591,1.02677,1.01539,1.01579,99790
2022-08-16 00:00:00,1.01601,1.01941,1.01219,1.01694,110053
2022-08-17 00:00:00,1.01684,1.02024,1.01449,1.01773,126889
2022-08-18 00:00:00,1.01762,1.01924,1.00792,1.00879,113121
2022-08-19 00:00:00,1.00884,1.00948,1.00313,1.00390,99977
2022-08-22 00:00:00,1.00347,1.00459,0.99255,0.99407,107455
2022-08-23 00:00:00,0.99424,1.00175,0.98997,0.99678,130633
2022-08-24 00:00:00,0.99694,0.99986,0.99094,0.99682,118285
2022-08-25 00:00:00,0.99655,1.00326,0.99484,0.99717,116180
2022-08-26 00:00:00,0.99751,1.00893,0.99458,0.99652,133066
2022-08-29 00:00:00,0.99513,1.00285,0.99135,0.99969,129031
2022-08-30 00:00:00,0.99970,1.00541,0.99813,1.00151,142886
2022-08-31 00:00:00,1.00154,1.00784,0.99707,1.00521,145207
2022-09-01 00:00:00,1.00486,1.00537,0.99103,0.99470,142833
2022-09-02 00:00:00,0.99468,1.00329,0.99423,0.99571,137885
2022-09-05 00:00:00,0.99191,0.99432,0.98773,0.99280,85808
2022-09-06 00:00:00,0.99291,0.99856,0.98633,0.99033,148413
2022-09-07 00:00:00,0.99065,1.00102,0.98749,1.00053,133441
2022-09-08 00:00:00,1.00079,1.00294,0.99300,0.99984,152712
2022-09-09 00:00:00,0.99978,1.01126,0.99963,1.00455,128039
2022-09-12 00:00:00,1.00667,1.01972,1.00618,1.01234,125458
2022-09-13 00:00:00,1.01244,1.01866,0.99669,0.99674,133127
2022-09-14 00:00:00,0.99656,1.00227,0.99563,0.99779,151858
2022-09-15 00:00:00,0.99761,1.00172,0.99551,0.99958,110511
2022-09-16 00:00:00,0.99961,1.00359,0.99442,1.00127,126586
2022-09-19 00:00:00,1.00188,1.00285,0.99653,1.00236,101301
2022-09-20 00:00:00,1.00257,1.00499,0.99544,0.99701,130211
2022-09-21 00:00:00,0.99700,0.99741,0.98125,0.98391,161843
2022-09-22 00:00:00,0.98395,0.99067,0.98077,0.98322,192130
2022-09-23 00:00:00,0.98360,0.98513,0.96674,0.96891,159879
2022-09-26 00:00:00,0.96979,0.97008,0.95528,0.96066,237086
2022-09-27 00:00:00,0.96097,0.96703,0.95684,0.95912,187639
2022-09-28 00:00:00,0.95950,0.97502,0.95352,0.97356,232865
2022-09-29 00:00:00,0.97369,0.98080,0.96350,0.98067,203847
2022-09-30 00:00:00,0.98176,0.98532,0.97341,0.97979,206769
2022-10-03 00:00:00,0.97989,0.98439,0.97520,0.98233,172556
2022-10-04 00:00:00,0.98236,0.99989,0.98054,0.99859,177220
2022-10-05 00:00:00,0.99837,0.99942,0.98341,0.98847,165006
2022-10-06 00:00:00,0.98821,0.99257,0.97874,0.97896,174166
2022-10-07 00:00:00,0.97912,0.98161,0.97255,0.97373,150885
2022-10-10 00:00:00,0.97287,0.97527,0.96811,0.97053,145823
2022-10-11 00:00:00,0.97035,0.97739,0.96699,0.97027,173503
2022-10-12 00:00:00,0.97045,0.97340,0.96671,0.97026,169856
2022-10-13 00:00:00,0.97024,0.98054,0.96310,0.97767,193314
2022-10-14 00:00:00,0.97749,0.98081,0.97067,0.97241,187913
2022-10-17 00:00:00,0.97315,0.98515,0.97194,0.98436,152892
2022-10-18 00:00:00,0.98424,0.98749,0.98119,0.98582,169619
2022-10-19 00:00:00,0.98595,0.98718,0.97569,0.97721,158016
2022-10-20 00:00:00,0.97736,0.98446,0.97540,0.97867,170682
2022-10-21 00:00:00,0.97856,0.98684,0.97043,0.98624,210784
2022-10-24 00:00:00,0.98459,0.98931,0.98064,0.98745,194530
2022-10-25 00:00:00,0.98727,0.99762,0.98478,0.99668,155279
2022-10-26 00:00:00,0.99661,1.00880,0.99427,1.00829,165751
2022-10-27 00:00:00,1.00849,1.00929,0.99569,0.99632,167561
2022-10-28 00:00:00,0.99631,0.99975,0.99260,0.99647,151773
2022-10-31 00:00:00,0.99563,0.99651,0.98723,0.98821,111098
2022-11-01 00:00:00,0.98789,0.99531,0.98524,0.98735,132129
2022-11-02 00:00:00,0.98756,0.99753,0.98126,0.98126,144926
2022-11-03 00:00:00,0.98157,0.98390,0.97293,0.97482,147188
2022-11-04 00:00:00,0.97504,0.99660,0.97420,0.99588,170239
2022-11-07 00:00:00,0.99322,1.00336,0.99171,1.00232,143843
2022-11-08 00:00:00,1.00216,1.00957,0.99714,1.00736,123766
2022-11-09 00:00:00,1.00710,1.00876,0.99921,1.00110,154491
2022-11-10 00:00:00,1.00080,1.01935,0.99349,1.01916,173023
2022-11-11 00:00:00,1.02139,1.03633,1.01625,1.03584,181122
2022-11-14 00:00:00,1.03211,1.03579,1.02708,1.03351,161398
2022-11-15 00:00:00,1.03299,1.04801,1.02796,1.03529,207282
2022-11-16 00:00:00,1.03531,1.04378,1.03302,1.03990,181953
2022-11-17 00:00:00,1.03966,1.04058,1.03045,1.03650,146229
2022-11-18 00:00:00,1.03674,1.03953,1.03194,1.03230,128099
2022-11-21 00:00:00,1.03274,1.03326,1.02221,1.02431,122622
2022-11-22 00:00:00,1.02401,1.03075,1.02365,1.03027,110557
2022-11-23 00:00:00,1.03020,1.04045,1.02957,1.04017,127016
2022-11-24 00:00:00,1.03994,1.04479,1.03809,1.04090,95426
2022-11-25 00:00:00,1.04090,1.04286,1.03540,1.04114,107164
2022-11-28 00:00:00,1.03789,1.04962,1.03296,1.03330,140782
2022-11-29 00:00:00,1.03356,1.03937,1.03194,1.03245,142723
2022-11-30 00:00:00,1.03244,1.04281,1.02895,1.04172,152370
2022-12-01 00:00:00,1.04074,1.05332,1.03923,1.05257,163490
2022-12-02 00:00:00,1.05223,1.05443,1.04275,1.05325,150208
2022-12-05 00:00:00,1.05379,1.05943,1.04796,1.04895,125467
2022-12-06 00:00:00,1.04887,1.05322,1.04586,1.04706,126101
2022-12-07 00:00:00,1.04672,1.05491,1.04425,1.05101,133014
2022-12-08 00:00:00,1.05099,1.05643,1.04889,1.05539,116542
2022-12-09 00:00:00,1.05559,1.05876,1.05010,1.05345,120385
2022-12-12 00:00:00,1.05325,1.05794,1.05051,1.05338,105258
2022-12-13 00:00:00,1.05364,1.06727,1.05273,1.06301,152133
2022-12-14 00:00:00,1.06311,1.06947,1.06183,1.06835,155920
2022-12-15 00:00:00,1.06850,1.07357,1.05917,1.06258,147836
2022-12-16 00:00:00,1.06212,1.06622,1.05947,1.05995,124270
2022-12-19 00:00:00,1.05926,1.06573,1.05752,1.06056,116679
2022-12-20 00:00:00,1.06046,1.06578,1.05782,1.06171,179527
2022-12-21 00:00:00,1.06195,1.06445,1.05897,1.06135,116719
2022-12-22 00:00:00,1.06100,1.06589,1.05726,1.05948,110499
2022-12-23 00:00:00,1.05944,1.06323,1.05861,1.06156,104975
2022-12-27 00:00:00,1.06309,1.06688,1.06109,1.06387,79825
2022-12-28 00:00:00,1.06406,1.06737,1.06077,1.06077,82126
2022-12-29 00:00:00,1.06067,1.06897,1.06067,1.06698,82753
2022-12-30 00:00:00,1.06699,1.07126,1.06379,1.07063,99657
2023-01-02 00:00:00,1.06789,1.06978,1.06495,1.06629,17979
2023-01-03 00:00:00,1.06700,1.06829,1.05188,1.05550,125736
2023-01-04 00:00:00,1.05524,1.06347,1.05401,1.06052,128625
2023-01-05 00:00:00,1.06029,1.06309,1.05143,1.05223,117419
2023-01-06 00:00:00,1.05176,1.06473,1.04816,1.06436,114040
2023-01-09 00:00:00,1.06467,1.07600,1.06434,1.07328,103707
2023-01-10 00:00:00,1.07345,1.07586,1.07115,1.07351,109057
2023-01-11 00:00:00,1.07367,1.07757,1.07248,1.07575,88813
2023-01-12 00:00:00,1.07551,1.08662,1.07276,1.08481,139063
2023-01-13 00:00:00,1.08528,1.08672,1.07798,1.08340,113182
2023-01-16 00:00:00,1.08295,1.08736,1.08008,1.08188,69748
2023-01-17 00:00:00,1.08191,1.08688,1.07737,1.07903,114922
2023-01-18 00:00:00,1.07892,1.08867,1.07655,1.07897,147979
2023-01-19 00:00:00,1.07915,1.08392,1.07817,1.08330,116820
2023-01-20 00:00:00,1.08304,1.08581,1.08016,1.08567,93609
2023-01-23 00:00:00,1.08627,1.09262,1.08456,1.08650,99140
2023-01-24 00:00:00,1.08667,1.08973,1.08345,1.08806,89897
2023-01-25 00:00:00,1.08817,1.09231,1.08565,1.09118,93395
2023-01-26 00:00:00,1.09128,1.09287,1.08499,1.08889,93623
2023-01-27 00:00:00,1.08924,1.08997,1.08371,1.08653,83974
2023-01-30 00:00:00,1.08656,1.09131,1.08384,1.08469,89439
2023-01-31 00:00:00,1.08473,1.08742,1.08014,1.08695,94447
2023-02-01 00:00:00,1.08679,1.10004,1.08515,1.09852,105315
2023-02-02 00:00:00,1.09870,1.10324,1.08847,1.09129,129471
2023-02-03 00:00:00,1.09105,1.09395,1.07926,1.07950,118090
2023-02-06 00:00:00,1.07861,1.07983,1.07088,1.07278,98362
2023-02-07 00:00:00,1.07240,1.07660,1.06685,1.07278,122437
2023-02-08 00:00:00,1.07242,1.07602,1.07087,1.07125,85259
2023-02-09 00:00:00,1.07129,1.07901,1.07088,1.07343,91799
2023-02-10 00:00:00,1.07340,1.07523,1.06656,1.06789,96475
2023-02-13 00:00:00,1.06713,1.07292,1.06549,1.07200,73103
2023-02-14 00:00:00,1.07239,1.08036,1.07061,1.07401,140056
2023-02-15 00:00:00,1.07369,1.07439,1.06599,1.06861,106441
2023-02-16 00:00:00,1.06890,1.07217,1.06538,1.06728,113337
2023-02-17 00:00:00,1.06708,1.06977,1.06122,1.06937,101180
2023-02-20 00:00:00,1.06884,1.07040,1.06696,1.06852,57205
2023-02-21 00:00:00,1.06833,1.06975,1.06367,1.06481,109007
2023-02-22 00:00:00,1.06469,1.06633,1.05985,1.06017,109859
2023-02-23 00:00:00,1.06023,1.06271,1.05765,1.05991,98557
2023-02-24 00:00:00,1.05975,1.06137,1.05354,1.05481,113313
2023-02-27 00:00:00,1.05472,1.06193,1.05323,1.06067,86811
2023-02-28 00:00:00,1.06071,1.06446,1.05792,1.05794,88070
2023-03-01 00:00:00,1.05754,1.06908,1.05647,1.06618,107182
2023-03-02 00:00:00,1.06649,1.06722,1.05758,1.05977,101721
2023-03-03 00:00:00,1.05984,1.06380,1.05877,1.06328,87991
2023-03-06 00:00:00,1.06254,1.06937,1.06215,1.06758,83253
2023-03-07 00:00:00,1.06764,1.06938,1.05454,1.05517,110434
2023-03-08 00:00:00,1.05498,1.05732,1.05237,1.05471,93168
2023-03-09 00:00:00,1.05448,1.05905,1.05374,1.05800,80246
2023-03-10 00:00:00,1.05785,1.07001,1.05733,1.06394,150295
2023-03-13 00:00:00,1.06924,1.07479,1.06496,1.07300,198653
2023-03-14 00:00:00,1.07271,1.07489,1.06781,1.07316,149554
2023-03-15 00:00:00,1.07323,1.07592,1.05154,1.05758,167418
2023-03-16 00:00:00,1.05772,1.06349,1.05505,1.06152,156287
2023-03-17 00:00:00,1.06089,1.06846,1.06084,1.06641,111296
2023-03-20 00:00:00,1.06690,1.07302,1.06305,1.07225,140903
2023-03-21 00:00:00,1.07172,1.07879,1.07032,1.07686,109073
2023-03-22 00:00:00,1.07677,1.09118,1.07584,1.08584,115063
2023-03-23 00:00:00,1.08566,1.09291,1.08237,1.08315,122486
2023-03-24 00:00:00,1.08301,1.08382,1.07127,1.07600,134110
2023-03-27 00:00:00,1.07751,1.07994,1.07443,1.07970,81550
2023-03-28 00:00:00,1.07953,1.08479,1.07939,1.08440,76028
2023-03-29 00:00:00,1.08420,1.08705,1.08171,1.08441,76892
2023-03-30 00:00:00,1.08385,1.09256,1.08230,1.09043,79914
2023-03-31 00:00:00,1.09044,1.09250,1.08361,1.08421,88817
2023-04-03 00:00:00,1.08216,1.09160,1.07876,1.09021,86777
2023-04-04 00:00:00,1.09012,1.09725,1.08822,1.09554,84083
2023-04-05 00:00:00,1.09510,1.09689,1.08903,1.09052,78999
2023-04-06 00:00:00,1.08994,1.09365,1.08840,1.09192,57733
2023-04-07 00:00:00,1.09192,1.09233,1.08790,1.08970,25830
2023-04-10 00:00:00,1.09092,1.09165,1.08309,1.08608,45956
2023-04-11 00:00:00,1.08601,1.09267,1.08583,1.09124,61999
2023-04-12 00:00:00,1.09111,1.09997,1.09089,1.09910,69703
2023-04-13 00:00:00,1.09912,1.10669,1.09767,1.10465,66085
2023-04-14 00:00:00,1.10436,1.10752,1.09717,1.09938,68214
2023-04-17 00:00:00,1.09876,1.09985,1.09090,1.09282,60954
2023-04-18 00:00:00,1.09226,1.09821,1.09217,1.09716,57830
2023-04-19 00:00:00,1.09693,1.09833,1.09168,1.09551,67162
2023-04-20 00:00:00,1.09537,1.09884,1.09327,1.09690,67627
2023-04-21 00:00:00,1.09636,1.09922,1.09376,1.09891,62741
2023-04-24 00:00:00,1.09918,1.10492,1.09652,1.10438,58765
2023-04-25 00:00:00,1.10460,1.10664,1.09635,1.09739,67834
2023-04-26 00:00:00,1.09667,1.10922,1.09665,1.10410,83037
2023-04-27 00:00:00,1.10385,1.10628,1.09915,1.10278,79517
2023-04-28 00:00:00,1.10268,1.10442,1.09618,1.10160,149587
2023-05-01 00:00:00,1.10104,1.10350,1.09637,1.09754,80128
2023-05-02 00:00:00,1.09726,1.10072,1.09414,1.09986,112095
2023-05-03 00:00:00,1.09983,1.10904,1.09980,1.10594,93388
2023-05-04 00:00:00,1.10632,1.10909,1.09855,1.10135,108334
2023-05-05 00:00:00,1.10090,1.10472,1.09660,1.10179,75013
2023-05-08 00:00:00,1.10156,1.10530,1.09994,1.10035,56733
2023-05-09 00:00:00,1.10021,1.10049,1.09404,1.09598,65041
2023-05-10 00:00:00,1.09612,1.10056,1.09409,1.09828,74570
2023-05-11 00:00:00,1.09802,1.09974,1.08995,1.09161,87199
2023-05-12 00:00:00,1.09169,1.09348,1.08472,1.08493,67706
2023-05-15 00:00:00,1.08492,1.08902,1.08471,1.08734,58659
2023-05-16 00:00:00,1.08735,1.09039,1.08544,1.08610,76863
2023-05-17 00:00:00,1.08620,1.08729,1.08096,1.08374,76570
2023-05-18 00:00:00,1.08396,1.08473,1.07618,1.07704,75400
2023-05-19 00:00:00,1.07684,1.08282,1.07593,1.08043,86519
2023-05-22 00:00:00,1.08166,1.08306,1.07948,1.08123,76389
2023-05-23 00:00:00,1.08141,1.08199,1.07595,1.07702,87440
2023-05-24 00:00:00,1.07691,1.08006,1.07475,1.07498,92458
2023-05-25 00:00:00,1.07522,1.07560,1.07067,1.07245,85185
2023-05-26 00:00:00,1.07252,1.07579,1.07011,1.07251,85280
2023-05-29 00:00:00,1.07187,1.07428,1.07048,1.07084,32201
2023-05-30 00:00:00,1.07093,1.07459,1.06719,1.07341,83302
2023-05-31 00:00:00,1.07288,1.07350,1.06345,1.06885,92760
2023-06-01 00:00:00,1.06848,1.07678,1.06611,1.07609,88785
2023-06-02 00:00:00,1.07612,1.07783,1.07044,1.07054,72729
2023-06-05 00:00:00,1.07006,1.07217,1.06739,1.07121,69491
2023-06-06 00:00:00,1.07125,1.07322,1.06663,1.06917,69499
2023-06-07 00:00:00,1.06916,1.07390,1.06677,1.06976,72187
2023-06-08 00:00:00,1.06966,1.07864,1.06961,1.07813,87934
2023-06-09 00:00:00,1.07805,1.07845,1.07421,1.07491,83900
2023-06-12 00:00:00,1.07443,1.07896,1.07325,1.07576,81211
2023-06-13 00:00:00,1.07563,1.08224,1.07546,1.07916,110130
2023-06-14 00:00:00,1.07930,1.08635,1.07734,1.08304,107134
2023-06-15 00:00:00,1.08307,1.09520,1.08029,1.09449,101235
2023-06-16 00:00:00,1.09434,1.09700,1.09172,1.09406,94663
2023-06-19 00:00:00,1.09417,1.09457,1.09064,1.09218,56105
2023-06-20 00:00:00,1.09199,1.09458,1.08917,1.09163,100182
2023-06-21 00:00:00,1.09174,1.09903,1.09049,1.09865,111693
2023-06-22 00:00:00,1.09855,1.10102,1.09477,1.09531,95338
2023-06-23 00:00:00,1.09556,1.09579,1.08438,1.08938,114339
2023-06-26 00:00:00,1.09059,1.09195,1.08868,1.09043,91073
2023-06-27 00:00:00,1.09055,1.09760,1.09012,1.09598,105241
2023-06-28 00:00:00,1.09594,1.09623,1.08964,1.09121,105935
2023-06-29 00:00:00,1.09132,1.09407,1.08593,1.08647,108420
2023-06-30 00:00:00,1.08650,1.09313,1.08345,1.09101,106524
2023-07-03 00:00:00,1.09094,1.09326,1.08695,1.09132,82661
2023-07-04 00:00:00,1.09103,1.09158,1.08767,1.08784,47088
2023-07-05 00:00:00,1.08793,1.09075,1.08502,1.08535,87794
2023-07-06 00:00:00,1.08542,1.08992,1.08330,1.08913,119169
2023-07-07 00:00:00,1.08870,1.09726,1.08663,1.09664,112816
2023-07-10 00:00:00,1.09657,1.10009,1.09427,1.09997,94720
2023-07-11 00:00:00,1.10005,1.10263,1.09762,1.10075,95174
2023-07-12 00:00:00,1.10051,1.11397,1.10051,1.11305,120976
2023-07-13 00:00:00,1.11316,1.12273,1.11282,1.12254,111960
2023-07-14 00:00:00,1.12210,1.12443,1.12033,1.12276,112406
2023-07-17 00:00:00,1.12248,1.12483,1.12026,1.12396,81246
2023-07-18 00:00:00,1.12383,1.12752,1.12081,1.12271,118756
2023-07-19 00:00:00,1.12259,1.12394,1.11736,1.12012,111420
2023-07-20 00:00:00,1.11990,1.12285,1.11178,1.11292,103916
2023-07-21 00:00:00,1.11318,1.11444,1.11073,1.11250,101498
2023-07-24 00:00:00,1.11283,1.11465,1.10596,1.10636,105806
2023-07-25 00:00:00,1.10635,1.10864,1.10198,1.10536,87356
2023-07-26 00:00:00,1.10540,1.11061,1.10371,1.10865,119856
2023-07-27 00:00:00,1.10831,1.11491,1.09651,1.09748,146544
2023-07-28 00:00:00,1.09776,1.10468,1.09431,1.10162,149759
2023-07-31 00:00:00,1.10267,1.10453,1.09928,1.09963,106031
2023-08-01 00:00:00,1.09951,1.10024,1.09516,1.09833,97847
2023-08-02 00:00:00,1.09821,1.10161,1.09175,1.09373,122984
2023-08-03 00:00:00,1.09374,1.09621,1.09116,1.09471,123983
2023-08-04 00:00:00,1.09429,1.10413,1.09342,1.10107,117108
2023-08-07 00:00:00,1.10051,1.10112,1.09646,1.10014,82815
2023-08-08 00:00:00,1.10024,1.10105,1.09285,1.09553,102523
2023-08-09 00:00:00,1.09535,1.09945,1.09510,1.09729,91085
2023-08-10 00:00:00,1.09734,1.10639,1.09666,1.09785,118320
2023-08-11 00:00:00,1.09824,1.10043,1.09422,1.09470,101223
2023-08-14 00:00:00,1.09420,1.09595,1.08741,1.09051,103997
2023-08-15 00:00:00,1.09055,1.09517,1.08959,1.09025,121631
2023-08-16 00:00:00,1.09054,1.09340,1.08709,1.08786,115060
2023-08-17 00:00:00,1.08772,1.09178,1.08557,1.08713,118025
2023-08-18 00:00:00,1.08701,1.08933,1.08442,1.08717,104456
2023-08-21 00:00:00,1.08738,1.09131,1.08689,1.08948,94483
2023-08-22 00:00:00,1.08916,1.09297,1.08322,1.08477,94700
2023-08-23 00:00:00,1.08433,1.08707,1.08017,1.08629,108512
2023-08-24 00:00:00,1.08646,1.08760,1.08042,1.08103,103274
2023-08-25 00:00:00,1.08092,1.08410,1.07650,1.07930,112224
2023-08-28 00:00:00,1.07943,1.08215,1.07928,1.08178,78540
2023-08-29 00:00:00,1.08157,1.08914,1.07817,1.08797,103215
2023-08-30 00:00:00,1.08737,1.09447,1.08544,1.09224,104579
2023-08-31 00:00:00,1.09206,1.09388,1.08344,1.08417,103517
2023-09-01 00:00:00,1.08398,1.08807,1.07715,1.07729,109370
2023-09-04 00:00:00,1.07730,1.08083,1.07710,1.07959,49693
2023-09-05 00:00:00,1.07921,1.07977,1.07056,1.07213,81020
2023-09-06 00:00:00,1.07230,1.07481,1.07012,1.07250,78621
2023-09-07 00:00:00,1.07232,1.07311,1.06854,1.06955,67585
2023-09-08 00:00:00,1.06962,1.07431,1.06934,1.06997,71506
2023-09-11 00:00:00,1.07110,1.07586,1.07078,1.07484,69343
2023-09-12 00:00:00,1.07467,1.07685,1.07048,1.07591,83243
2023-09-13 00:00:00,1.07544,1.07642,1.07096,1.07289,104138
2023-09-14 00:00:00,1.07291,1.07514,1.06312,1.06427,111305
2023-09-15 00:00:00,1.06409,1.06871,1.06325,1.06618,90866
2023-09-18 00:00:00,1.06634,1.06981,1.06540,1.06909,71958
2023-09-19 00:00:00,1.06860,1.07170,1.06743,1.06804,76424
2023-09-20 00:00:00,1.06775,1.07362,1.06496,1.06593,100432
2023-09-21 00:00:00,1.06601,1.06729,1.06162,1.06610,112188
2023-09-22 00:00:00,1.06593,1.06710,1.06143,1.06436,94150
2023-09-25 00:00:00,1.06485,1.06550,1.05747,1.05919,84248
2023-09-26 00:00:00,1.05927,1.06084,1.05614,1.05707,89223
2023-09-27 00:00:00,1.05679,1.05734,1.04873,1.05036,105931
2023-09-28 00:00:00,1.05063,1.05782,1.04905,1.05659,120590
2023-09-29 00:00:00,1.05643,1.06165,1.05574,1.05725,121369
2023-10-02 00:00:00,1.05589,1.05912,1.04773,1.04786,109263
2023-10-03 00:00:00,1.04750,1.04929,1.04476,1.04658,123998
2023-10-04 00:00:00,1.04679,1.05316,1.04508,1.05041,124695
2023-10-05 00:00:00,1.05054,1.05512,1.04993,1.05500,116813
2023-10-06 00:00:00,1.05485,1.05993,1.04819,1.05830,127935
2023-10-09 00:00:00,1.05576,1.05738,1.05188,1.05659,104227
2023-10-10 00:00:00,1.05656,1.06193,1.05536,1.06047,132330
2023-10-11 00:00:00,1.06055,1.06341,1.05799,1.06180,121393
2023-10-12 00:00:00,1.06185,1.06390,1.05251,1.05273,111179
2023-10-13 00:00:00,1.05281,1.05578,1.04949,1.05064,116855
2023-10-16 00:00:00,1.05209,1.05622,1.05148,1.05582,92682
2023-10-17 00:00:00,1.05591,1.05940,1.05322,1.05763,106291
2023-10-18 00:00:00,1.05756,1.05934,1.05223,1.05350,112361
2023-10-19 00:00:00,1.05348,1.06159,1.05274,1.05803,133093
2023-10-20 00:00:00,1.05824,1.06031,1.05642,1.05945,105576
2023-10-23 00:00:00,1.05913,1.06772,1.05708,1.06684,98644
2023-10-24 00:00:00,1.06664,1.06937,1.05824,1.05892,107737
2023-10-25 00:00:00,1.05921,1.06061,1.05651,1.05652,97578
2023-10-26 00:00:00,1.05651,1.05684,1.05208,1.05605,113430
2023-10-27 00:00:00,1.05591,1.05964,1.05345,1.05648,106299
2023-10-30 00:00:00,1.05605,1.06244,1.05465,1.06142,88359
2023-10-31 00:00:00,1.06149,1.06736,1.05568,1.05738,113113
2023-11-01 00:00:00,1.05737,1.05801,1.05149,1.05696,116820
2023-11-02 00:00:00,1.05677,1.06670,1.05662,1.06209,104218
2023-11-03 00:00:00,1.06194,1.07460,1.06141,1.07269,101285
2023-11-06 00:00:00,1.07260,1.07558,1.07186,1.07197,78717
2023-11-07 00:00:00,1.07183,1.07221,1.06635,1.06943,90912
2023-11-08 00:00:00,1.06947,1.07153,1.06585,1.07077,88564
2023-11-09 00:00:00,1.07079,1.07248,1.06594,1.06621,101280
2023-11-10 00:00:00,1.06676,1.06921,1.06556,1.06841,88155
2023-11-13 00:00:00,1.06854,1.07056,1.06644,1.07011,76496
2023-11-14 00:00:00,1.06982,1.08868,1.06922,1.08770,99306
2023-11-15 00:00:00,1.08781,1.08847,1.08309,1.08428,102119
2023-11-16 00:00:00,1.08454,1.08950,1.08294,1.08463,95445
2023-11-17 00:00:00,1.08480,1.09069,1.08241,1.09068,93577
2023-11-20 00:00:00,1.09096,1.09513,1.08967,1.09427,90702
2023-11-21 00:00:00,1.09432,1.09646,1.08995,1.09116,97347
2023-11-22 00:00:00,1.09120,1.09223,1.08517,1.08867,97281
2023-11-23 00:00:00,1.08876,1.09286,1.08826,1.09055,51473
2023-11-24 00:00:00,1.09048,1.09478,1.08943,1.09423,63575
2023-11-27 00:00:00,1.09448,1.09586,1.09244,1.09563,83207
2023-11-28 00:00:00,1.09531,1.10083,1.09337,1.09849,101621
2023-11-29 00:00:00,1.09881,1.10160,1.09594,1.09718,110971
2023-11-30 00:00:00,1.09723,1.09834,1.08787,1.08832,114633
2023-12-01 00:00:00,1.08889,1.09121,1.08281,1.08740,115732
2023-12-04 00:00:00,1.08865,1.08943,1.08035,1.08336,110938
2023-12-05 00:00:00,1.08346,1.08467,1.07775,1.07946,112198
2023-12-06 00:00:00,1.07932,1.08040,1.07579,1.07618,97724
2023-12-07 00:00:00,1.07640,1.08169,1.07546,1.07968,122199
2023-12-08 00:00:00,1.07933,1.07999,1.07216,1.07629,123784
2023-12-11 00:00:00,1.07616,1.07782,1.07410,1.07631,84545
2023-12-12 00:00:00,1.07637,1.08269,1.07586,1.07951,96012
2023-12-13 00:00:00,1.07978,1.08958,1.07724,1.08788,109060
2023-12-14 00:00:00,1.08816,1.10086,1.08727,1.09894,153693
2023-12-15 00:00:00,1.09890,1.10031,1.08881,1.09014,123511
2023-12-18 00:00:00,1.08951,1.09304,1.08913,1.09162,88811
2023-12-19 00:00:00,1.09177,1.09868,1.09142,1.09766,101126
2023-12-20 00:00:00,1.09775,1.09831,1.09334,1.09353,98170
2023-12-21 00:00:00,1.09368,1.10024,1.09345,1.10022,108506
2023-12-22 00:00:00,1.10039,1.10395,1.09925,1.10128,100600
2023-12-25 00:00:00,1.10133,1.10165,1.09924,1.10043,1407
2023-12-26 00:00:00,1.10261,1.10444,1.10080,1.10422,36940
2023-12-27 00:00:00,1.10413,1.11219,1.10278,1.11045,75055
2023-12-28 00:00:00,1.11048,1.11387,1.10545,1.10674,86011
2023-12-29 00:00:00,1.10619,1.10836,1.10376,1.10392,89015
2024-01-02 00:00:00,1.10329,1.10383,1.09395,1.09468,85333
2024-01-03 00:00:00,1.09396,1.09642,1.08923,1.09181,117468
2024-01-04 00:00:00,1.09182,1.09716,1.09139,1.09453,103620
2024-01-05 00:00:00,1.09487,1.09978,1.08747,1.09405,127043
2024-01-08 00:00:00,1.09444,1.09782,1.09219,1.09534,92701
2024-01-09 00:00:00,1.09550,1.09656,1.09096,1.09262,101622
2024-01-10 00:00:00,1.09284,1.09722,1.09222,1.09636,90782
2024-01-11 00:00:00,1.09670,1.09986,1.09296,1.09710,130335
2024-01-12 00:00:00,1.09710,1.09863,1.09351,1.09524,110918
2024-01-15 00:00:00,1.09499,1.09669,1.09328,1.09503,63139
2024-01-16 00:00:00,1.09500,1.09510,1.08614,1.08703,127359
2024-01-17 00:00:00,1.08733,1.08839,1.08440,1.08801,110762
2024-01-18 00:00:00,1.08806,1.09063,1.08462,1.08666,108957
2024-01-19 00:00:00,1.08693,1.08956,1.08651,1.08939,93155
2024-01-22 00:00:00,1.08887,1.09088,1.08794,1.08817,80670
2024-01-23 00:00:00,1.08821,1.09153,1.08209,1.08462,92602
2024-01-24 00:00:00,1.08499,1.09317,1.08473,1.08814,104898
2024-01-25 00:00:00,1.08787,1.09005,1.08209,1.08388,109089
2024-01-26 00:00:00,1.08409,1.08841,1.08122,1.08540,94956
2024-01-29 00:00:00,1.08445,1.08495,1.07952,1.08296,73229
2024-01-30 00:00:00,1.08294,1.08566,1.08112,1.08415,89598
2024-01-31 00:00:00,1.08426,1.08867,1.07942,1.08023,140677
2024-02-01 00:00:00,1.08092,1.08741,1.07792,1.08682,129728
2024-02-02 00:00:00,1.08680,1.08968,1.07799,1.07943,106109
2024-02-05 00:00:00,1.07802,1.07855,1.07227,1.07417,94936
2024-02-06 00:00:00,1.07405,1.07617,1.07221,1.07542,96302
2024-02-07 00:00:00,1.07534,1.07832,1.07494,1.07710,91542
2024-02-08 00:00:00,1.07734,1.07882,1.07409,1.07757,87426
2024-02-09 00:00:00,1.07769,1.07945,1.07614,1.07861,87023
2024-02-12 00:00:00,1.07841,1.08050,1.07552,1.07738,70983
2024-02-13 00:00:00,1.07737,1.07985,1.07000,1.07080,97209
2024-02-14 00:00:00,1.07070,1.07338,1.06942,1.07271,92180
2024-02-15 00:00:00,1.07262,1.07841,1.07240,1.07697,86940
2024-02-16 00:00:00,1.07702,1.07868,1.07314,1.07737,90552
2024-02-19 00:00:00,1.07733,1.07888,1.07614,1.07791,46137
2024-02-20 00:00:00,1.07790,1.08381,1.07611,1.08104,94150
2024-02-21 00:00:00,1.08070,1.08230,1.07892,1.08190,92225
2024-02-22 00:00:00,1.08133,1.08869,1.08022,1.08198,103319
2024-02-23 00:00:00,1.08207,1.08388,1.08111,1.08212,88221
2024-02-26 00:00:00,1.08227,1.08591,1.08121,1.08503,75505
2024-02-27 00:00:00,1.08499,1.08653,1.08322,1.08457,79908
2024-02-28 00:00:00,1.08456,1.08463,1.07960,1.08363,83683
2024-02-29 00:00:00,1.08370,1.08552,1.07952,1.08078,105029
2024-03-01 00:00:00,1.08054,1.08424,1.07976,1.08365,94600
2024-03-04 00:00:00,1.08395,1.08662,1.08372,1.08558,74808
2024-03-05 00:00:00,1.08556,1.08741,1.08398,1.08572,85084
2024-03-06 00:00:00,1.08577,1.09146,1.08415,1.08963,98198
2024-03-07 00:00:00,1.08965,1.09485,1.08671,1.09467,96768
2024-03-08 00:00:00,1.09479,1.09806,1.09165,1.09360,109751
2024-03-11 00:00:00,1.09368,1.09474,1.09138,1.09260,78862
2024-03-12 00:00:00,1.09235,1.09431,1.09007,1.09263,92110
2024-03-13 00:00:00,1.09251,1.09632,1.09195,1.09471,75207
2024-03-14 00:00:00,1.09480,1.09540,1.08800,1.08833,84673
2024-03-15 00:00:00,1.08827,1.08990,1.08724,1.08878,75098
2024-03-18 00:00:00,1.08861,1.09055,1.08655,1.08713,55556
2024-03-19 00:00:00,1.08718,1.08759,1.08340,1.08648,73762
2024-03-20 00:00:00,1.08660,1.09222,1.08358,1.09219,81569
2024-03-21 00:00:00,1.09188,1.09419,1.08548,1.08589,92432
2024-03-22 00:00:00,1.08587,1.08675,1.08010,1.08084,73269
2024-03-25 00:00:00,1.08077,1.08418,1.08014,1.08361,54355
2024-03-26 00:00:00,1.08370,1.08636,1.08236,1.08308,67127
2024-03-27 00:00:00,1.08307,1.08384,1.08101,1.08274,62999
2024-03-28 00:00:00,1.08263,1.08271,1.07744,1.07867,72930
2024-03-29 00:00:00,1.07882,1.08048,1.07675,1.07923,57681
2024-04-01 00:00:00,1.07861,1.07982,1.07303,1.07420,49218
2024-04-02 00:00:00,1.07409,1.07783,1.07240,1.07678,66623
2024-04-03 00:00:00,1.07688,1.08363,1.07632,1.08352,69736
2024-04-04 00:00:00,1.08341,1.08757,1.08313,1.08378,65610
2024-04-05 00:00:00,1.08361,1.08473,1.07909,1.08364,85286
2024-04-08 00:00:00,1.08277,1.08615,1.08205,1.08583,61448
2024-04-09 00:00:00,1.08578,1.08842,1.08468,1.08567,61116
2024-04-10 00:00:00,1.08547,1.08658,1.07283,1.07414,93133
2024-04-11 00:00:00,1.07439,1.07558,1.06987,1.07252,84590
2024-04-12 00:00:00,1.07272,1.07287,1.06221,1.06408,84625
2024-04-15 00:00:00,1.06496,1.06644,1.06197,1.06217,87786
2024-04-16 00:00:00,1.06240,1.06530,1.06005,1.06175,106404
2024-04-17 00:00:00,1.06188,1.06789,1.06055,1.06729,91250
2024-04-18 00:00:00,1.06706,1.06894,1.06410,1.06411,80082
2024-04-19 00:00:00,1.06433,1.06769,1.06097,1.06566,115875
2024-04-22 00:00:00,1.06585,1.06699,1.06233,1.06539,64382
2024-04-23 00:00:00,1.06543,1.07106,1.06379,1.07019,76831
2024-04-24 00:00:00,1.07015,1.07129,1.06772,1.06979,65047
2024-04-25 00:00:00,1.06963,1.07389,1.06777,1.07294,78895
2024-04-26 00:00:00,1.07287,1.07522,1.06733,1.06932,77566
2024-04-29 00:00:00,1.07013,1.07331,1.06896,1.07195,87251
2024-04-30 00:00:00,1.07214,1.07346,1.06655,1.06662,85429
2024-05-01 00:00:00,1.06695,1.07314,1.06487,1.07157,85775
2024-05-02 00:00:00,1.07093,1.07295,1.06737,1.07251,87259
2024-05-03 00:00:00,1.07250,1.08095,1.07230,1.07627,92991
2024-05-06 00:00:00,1.07618,1.07902,1.07545,1.07691,51191
2024-05-07 00:00:00,1.07685,1.07867,1.07472,1.07541,60503
2024-05-08 00:00:00,1.07547,1.07568,1.07343,1.07463,53516
2024-05-09 00:00:00,1.07457,1.07837,1.07233,1.07816,58499
2024-05-10 00:00:00,1.07803,1.07894,1.07598,1.07692,59285
2024-05-13 00:00:00,1.07727,1.08062,1.07651,1.07892,51830
2024-05-14 00:00:00,1.07882,1.08250,1.07651,1.08190,58451
2024-05-15 00:00:00,1.08179,1.08853,1.08123,1.08834,75251
2024-05-16 00:00:00,1.08832,1.08944,1.08537,1.08663,64026
2024-05-17 00:00:00,1.08656,1.08778,1.08350,1.08693,53410
2024-05-20 00:00:00,1.08701,1.08838,1.08534,1.08568,51955
2024-05-21 00:00:00,1.08558,1.08741,1.08420,1.08533,61218
2024-05-22 00:00:00,1.08535,1.08628,1.08168,1.08216,67822
2024-05-23 00:00:00,1.08235,1.08604,1.08040,1.08132,81594
2024-05-24 00:00:00,1.08111,1.08571,1.08048,1.08453,60968
2024-05-27 00:00:00,1.08498,1.08668,1.08399,1.08585,33479
2024-05-28 00:00:00,1.08563,1.08884,1.08542,1.08558,68163
2024-05-29 00:00:00,1.08574,1.08601,1.07995,1.08005,71452
2024-05-30 00:00:00,1.08023,1.08443,1.07876,1.08314,75112
2024-05-31 00:00:00,1.08290,1.08816,1.08105,1.08487,84099
2024-06-03 00:00:00,1.08506,1.09023,1.08271,1.09016,77471
2024-06-04 00:00:00,1.09022,1.09156,1.08583,1.08779,83169
2024-06-05 00:00:00,1.08793,1.08904,1.08539,1.08687,67458
2024-06-06 00:00:00,1.08707,1.09012,1.08613,1.08890,68975
2024-06-07 00:00:00,1.08907,1.09012,1.07992,1.08013,87905
2024-06-10 00:00:00,1.07767,1.07808,1.07321,1.07643,71426
2024-06-11 00:00:00,1.07629,1.07729,1.07188,1.07396,72985
2024-06-12 00:00:00,1.07408,1.08516,1.07339,1.08089,101231
2024-06-13 00:00:00,1.08068,1.08157,1.07322,1.07382,82979
2024-06-14 00:00:00,1.07367,1.07443,1.06662,1.07051,97563
2024-06-17 00:00:00,1.07063,1.07371,1.06857,1.07334,76255
2024-06-18 00:00:00,1.07318,1.07606,1.07093,1.07387,81987
2024-06-19 00:00:00,1.07385,1.07527,1.07242,1.07434,48320
2024-06-20 00:00:00,1.07439,1.07482,1.07013,1.07019,77466
2024-06-21 00:00:00,1.07021,1.07200,1.06703,1.06922,80014
2024-06-24 00:00:00,1.06932,1.07457,1.06830,1.07342,74285
2024-06-25 00:00:00,1.07329,1.07435,1.06900,1.07125,69413
2024-06-26 00:00:00,1.07127,1.07172,1.06653,1.06787,76855
2024-06-27 00:00:00,1.06782,1.07258,1.06764,1.07027,76428
2024-06-28 00:00:00,1.07028,1.07240,1.06847,1.07126,89305
2024-07-01 00:00:00,1.07363,1.07757,1.07190,1.07391,81776
2024-07-02 00:00:00,1.07347,1.07465,1.07092,1.07449,71943
2024-07-03 00:00:00,1.07447,1.08160,1.07355,1.07879,68975
2024-07-04 00:00:00,1.07836,1.08133,1.07829,1.08108,42971
2024-07-05 00:00:00,1.08111,1.08420,1.07994,1.08385,76960
2024-07-08 00:00:00,1.08239,1.08443,1.08140,1.08226,73400
2024-07-09 00:00:00,1.08239,1.08327,1.08048,1.08142,68954
2024-07-10 00:00:00,1.08125,1.08292,1.08102,1.08284,64448
2024-07-11 00:00:00,1.08265,1.08992,1.08264,1.08667,97306
2024-07-12 00:00:00,1.08863,1.09107,1.08611,1.09042,88458
2024-07-15 00:00:00,1.08864,1.09217,1.08826,1.08945,81170
2024-07-16 00:00:00,1.08930,1.09048,1.08709,1.08985,79619
2024-07-17 00:00:00,1.08988,1.09473,1.08944,1.09388,93271
2024-07-18 00:00:00,1.09381,1.09403,1.08929,1.08949,90971
2024-07-19 00:00:00,1.08978,1.09011,1.08749,1.08808,86149
2024-07-22 00:00:00,1.08991,1.09021,1.08723,1.08889,77735
2024-07-23 00:00:00,1.08881,1.08961,1.08432,1.08554,75994
2024-07-24 00:00:00,1.08529,1.08659,1.08250,1.08383,90555
2024-07-25 00:00:00,1.08381,1.08694,1.08276,1.08448,114893
2024-07-26 00:00:00,1.08451,1.08676,1.08414,1.08548,81584
2024-07-29 00:00:00,1.08554,1.08692,1.08021,1.08210,77491
2024-07-30 00:00:00,1.08227,1.08351,1.07976,1.08137,91240
2024-07-31 00:00:00,1.08136,1.08487,1.08006,1.08255,94512
2024-08-01 00:00:00,1.08235,1.08348,1.07768,1.07890,89576
2024-08-02 00:00:00,1.07897,1.09260,1.07811,1.09101,114289
2024-08-05 00:00:00,1.09056,1.10083,1.08919,1.09495,186556
2024-08-06 00:00:00,1.09498,1.09624,1.09031,1.09271,123494
2024-08-07 00:00:00,1.09286,1.09359,1.09048,1.09212,96203
2024-08-08 00:00:00,1.09201,1.09436,1.08807,1.09177,79935
2024-08-09 00:00:00,1.09117,1.09306,1.09084,1.09151,64187
2024-08-12 00:00:00,1.09127,1.09387,1.09111,1.09299,48995
2024-08-13 00:00:00,1.09297,1.09989,1.09130,1.09929,61854
2024-08-14 00:00:00,1.09860,1.10467,1.09850,1.10117,63194
2024-08-15 00:00:00,1.10124,1.10151,1.09489,1.09706,55376
2024-08-16 00:00:00,1.09715,1.10289,1.09700,1.10266,48207
2024-08-19 00:00:00,1.10245,1.10857,1.10221,1.10841,55815
2024-08-20 00:00:00,1.10845,1.11293,1.10712,1.11285,64618
2024-08-21 00:00:00,1.11267,1.11733,1.10986,1.11503,73057
2024-08-22 00:00:00,1.11486,1.11644,1.10975,1.11105,62695
2024-08-23 00:00:00,1.11116,1.12001,1.11048,1.11927,70102
2024-08-26 00:00:00,1.11908,1.12009,1.11494,1.11605,67449
2024-08-27 00:00:00,1.11610,1.11899,1.11495,1.11841,59640
2024-08-28 00:00:00,1.11801,1.11852,1.11043,1.11191,67359
2024-08-29 00:00:00,1.11191,1.11393,1.10550,1.10775,80199
2024-08-30 00:00:00,1.10766,1.10944,1.10431,1.10477,82436
2024-09-02 00:00:00,1.10453,1.10767,1.10413,1.10711,41661
2024-09-03 00:00:00,1.10694,1.10725,1.10256,1.10434,76081
2024-09-04 00:00:00,1.10406,1.10944,1.10388,1.10814,69816
2024-09-05 00:00:00,1.10825,1.11190,1.10740,1.11103,75132
2024-09-06 00:00:00,1.11095,1.11540,1.10649,1.10851,100307
2024-09-09 00:00:00,1.10864,1.10904,1.10333,1.10341,65732
2024-09-10 00:00:00,1.10359,1.10490,1.10144,1.10182,58205
2024-09-11 00:00:00,1.10189,1.10542,1.10013,1.10135,86974
2024-09-12 00:00:00,1.10128,1.10743,1.10049,1.10724,75522
2024-09-13 00:00:00,1.10732,1.11011,1.10696,1.10737,76764
2024-09-16 00:00:00,1.10862,1.11369,1.10843,1.11321,61930
2024-09-17 00:00:00,1.11317,1.11456,1.11102,1.11122,79987
2024-09-18 00:00:00,1.11147,1.11877,1.10960,1.11169,96611
2024-09-19 00:00:00,1.11168,1.11782,1.10671,1.11615,109608
2024-09-20 00:00:00,1.11613,1.11811,1.11354,1.11627,92856
2024-09-23 00:00:00,1.11618,1.11666,1.10825,1.11110,83962
2024-09-24 00:00:00,1.11120,1.11798,1.11026,1.11796,74412
2024-09-25 00:00:00,1.11777,1.12133,1.11209,1.11310,74506
2024-09-26 00:00:00,1.11307,1.11886,1.11245,1.11745,86896
2024-09-27 00:00:00,1.11756,1.12023,1.11242,1.11588,96564
2024-09-30 00:00:00,1.11701,1.12083,1.11130,1.11344,84404
2024-10-01 00:00:00,1.11329,1.11434,1.10451,1.10680,96604
2024-10-02 00:00:00,1.10683,1.10822,1.10320,1.10472,74484
2024-10-03 00:00:00,1.10468,1.10487,1.10077,1.10279,90338
2024-10-04 00:00:00,1.10291,1.10389,1.09505,1.09744,86281
2024-10-07 00:00:00,1.09691,1.09862,1.09536,1.09734,80028
2024-10-08 00:00:00,1.09735,1.09964,1.09603,1.09795,79497
2024-10-09 00:00:00,1.09734,1.09803,1.09355,1.09395,73586
2024-10-10 00:00:00,1.09402,1.09542,1.08996,1.09357,91303
2024-10-11 00:00:00,1.09327,1.09531,1.09254,1.09350,60179
2024-10-14 00:00:00,1.09266,1.09360,1.08876,1.09078,55645
2024-10-15 00:00:00,1.09054,1.09161,1.08812,1.08906,70418
2024-10-16 00:00:00,1.08920,1.09009,1.08526,1.08615,68208
2024-10-17 00:00:00,1.08632,1.08731,1.08104,1.08298,78686
2024-10-18 00:00:00,1.08295,1.08688,1.08246,1.08668,64969
2024-10-21 00:00:00,1.08689,1.08690,1.08104,1.08126,68808
2024-10-22 00:00:00,1.08155,1.08374,1.07919,1.07973,69705
2024-10-23 00:00:00,1.07953,1.08060,1.07605,1.07830,80895
2024-10-24 00:00:00,1.07873,1.08292,1.07698,1.08274,87408
2024-10-25 00:00:00,1.08256,1.08386,1.07924,1.07949,64459
2024-10-28 00:00:00,1.07955,1.08270,1.07814,1.08122,61189
2024-10-29 00:00:00,1.08110,1.08257,1.07681,1.08165,86289
2024-10-30 00:00:00,1.08141,1.08706,1.08066,1.08559,77723
2024-10-31 00:00:00,1.08606,1.08875,1.08435,1.08822,89170
2024-11-01 00:00:00,1.08825,1.09051,1.08311,1.08330,78058
2024-11-04 00:00:00,1.08803,1.09140,1.08692,1.08760,73471
2024-11-05 00:00:00,1.08738,1.09359,1.08718,1.09251,53529
2024-11-06 00:00:00,1.09243,1.09365,1.06819,1.07332,191914
2024-11-07 00:00:00,1.07325,1.08240,1.07122,1.07957,102303
2024-11-08 00:00:00,1.07986,1.08047,1.06862,1.07182,91263
2024-11-11 00:00:00,1.07087,1.07271,1.06279,1.06535,76423
2024-11-12 00:00:00,1.06550,1.06625,1.05943,1.06180,96486
2024-11-13 00:00:00,1.06253,1.06531,1.05551,1.05590,105442
2024-11-14 00:00:00,1.05647,1.05819,1.04956,1.05119,119005
2024-11-15 00:00:00,1.05199,1.05922,1.05157,1.05266,108755
2024-11-18 00:00:00,1.05315,1.06065,1.05296,1.05899,88420
2024-11-19 00:00:00,1.05939,1.06002,1.05228,1.05950,112969
2024-11-20 00:00:00,1.05943,1.06091,1.05061,1.05382,81734
2024-11-21 00:00:00,1.05399,1.05542,1.04615,1.04817,94058
2024-11-22 00:00:00,1.04775,1.04975,1.03320,1.04130,112913
2024-11-25 00:00:00,1.04776,1.05296,1.04484,1.04945,110566
2024-11-26 00:00:00,1.04943,1.05440,1.04244,1.04764,121576
2024-11-27 00:00:00,1.04852,1.05871,1.04737,1.05643,111930
2024-11-28 00:00:00,1.05645,1.05693,1.05269,1.05542,65028
2024-11-29 00:00:00,1.05555,1.05965,1.05408,1.05817,99977
2024-12-02 00:00:00,1.05613,1.05658,1.04600,1.05033,116431
2024-12-03 00:00:00,1.05014,1.05337,1.04800,1.05085,93760
2024-12-04 00:00:00,1.05079,1.05434,1.04716,1.05143,100242
2024-12-05 00:00:00,1.05144,1.05889,1.05057,1.05808,81898
2024-12-06 00:00:00,1.05853,1.06284,1.05416,1.05614,88289
2024-12-09 00:00:00,1.05618,1.05938,1.05314,1.05482,77547
2024-12-10 00:00:00,1.05531,1.05675,1.04978,1.05255,84445
2024-12-11 00:00:00,1.05244,1.05387,1.04795,1.04891,103827
2024-12-12 00:00:00,1.04931,1.05302,1.04630,1.04661,102091
2024-12-13 00:00:00,1.04706,1.05235,1.04526,1.04956,85283
2024-12-16 00:00:00,1.04942,1.05241,1.04740,1.05075,78995
2024-12-17 00:00:00,1.05080,1.05337,1.04785,1.04864,81726
2024-12-18 00:00:00,1.04879,1.05121,1.03432,1.03633,87581
2024-12-19 00:00:00,1.03722,1.04217,1.03464,1.03672,111467
2024-12-20 00:00:00,1.03626,1.04468,1.03424,1.04328,101817
2024-12-23 00:00:00,1.04316,1.04447,1.03837,1.04066,70337
2024-12-24 00:00:00,1.04051,1.04094,1.03881,1.03910,44545
2024-12-26 00:00:00,1.04005,1.04295,1.03898,1.04203,47795
2024-12-27 00:00:00,1.04196,1.04434,1.04043,1.04259,66126
2024-12-30 00:00:00,1.04305,1.04577,1.03710,1.04007,69767
2024-12-31 00:00:00,1.03998,1.04238,1.03432,1.03482,65561
2025-01-02 00:00:00,1.03611,1.03718,1.02237,1.02624,80367
2025-01-03 00:00:00,1.02643,1.03069,1.02526,1.03050,70088
2025-01-06 00:00:00,1.03004,1.04360,1.02948,1.03860,108699
2025-01-07 00:00:00,1.03869,1.04337,1.03441,1.03465,92725
2025-01-08 00:00:00,1.03423,1.03570,1.02725,1.03150,96497
2025-01-09 00:00:00,1.03166,1.03208,1.02829,1.03012,66130
2025-01-10 00:00:00,1.02990,1.03113,1.02112,1.02429,98975
2025-01-13 00:00:00,1.02460,1.02493,1.01771,1.02158,92588
2025-01-14 00:00:00,1.02181,1.03079,1.02178,1.03031,98400
2025-01-15 00:00:00,1.03022,1.03533,1.02579,1.02955,88318
2025-01-16 00:00:00,1.02944,1.03144,1.02593,1.02988,93245
2025-01-17 00:00:00,1.02980,1.03300,1.02646,1.02749,83094
2025-01-20 00:00:00,1.02775,1.04336,1.02657,1.04162,91565
2025-01-21 00:00:00,1.04148,1.04347,1.03412,1.04157,117940
2025-01-22 00:00:00,1.04208,1.04567,1.03917,1.04129,87282
2025-01-23 00:00:00,1.04121,1.04372,1.03715,1.04157,85483
2025-01-24 00:00:00,1.04137,1.05208,1.04107,1.04914,96116
2025-01-27 00:00:00,1.04814,1.05327,1.04533,1.04883,99717
2025-01-28 00:00:00,1.04880,1.04921,1.04132,1.04312,92355
2025-01-29 00:00:00,1.04327,1.04430,1.03817,1.04122,92790
2025-01-30 00:00:00,1.04142,1.04671,1.03855,1.04049,82641
2025-01-31 00:00:00,1.03931,1.04333,1.03597,1.03645,119283
2025-02-03 00:00:00,1.02504,1.03349,1.02101,1.02934,161904
2025-02-04 00:00:00,1.02927,1.03868,1.02716,1.03845,117399
2025-02-05 00:00:00,1.03833,1.04414,1.03691,1.04058,88806
2025-02-06 00:00:00,1.04023,1.04051,1.03520,1.03869,77608
2025-02-07 00:00:00,1.03879,1.04110,1.03046,1.03281,96009
2025-02-10 00:00:00,1.02907,1.03359,1.02899,1.03056,61792
2025-02-11 00:00:00,1.03069,1.03808,1.02915,1.03662,63749
2025-02-12 00:00:00,1.03635,1.04292,1.03159,1.03927,90083
2025-02-13 00:00:00,1.03865,1.04653,1.03724,1.04627,105878
2025-02-14 00:00:00,1.04590,1.05134,1.04464,1.04923,76691
2025-02-17 00:00:00,1.04888,1.05055,1.04664,1.04817,46790
2025-02-18 00:00:00,1.04820,1.04854,1.04345,1.04449,61836
2025-02-19 00:00:00,1.04481,1.04607,1.04002,1.04232,68356
2025-02-20 00:00:00,1.04240,1.05027,1.04161,1.05012,74317
2025-02-21 00:00:00,1.05001,1.05048,1.04487,1.04601,78267
2025-02-24 00:00:00,1.04741,1.05278,1.04521,1.04654,87360
2025-02-25 00:00:00,1.04649,1.05187,1.04556,1.05151,83467
2025-02-26 00:00:00,1.05152,1.05282,1.04743,1.04854,92114
2025-02-27 00:00:00,1.04854,1.04916,1.03996,1.04016,87237
2025-02-28 00:00:00,1.04007,1.04193,1.03593,1.03709,97020
2025-03-03 00:00:00,1.04031,1.05031,1.03879,1.04765,99787
2025-03-04 00:00:00,1.04836,1.06231,1.04706,1.06101,133459
2025-03-05 00:00:00,1.06158,1.07960,1.06008,1.07919,145907
2025-03-06 00:00:00,1.07861,1.08532,1.07650,1.07870,143568
2025-03-07 00:00:00,1.07843,1.08882,1.07741,1.08456,118503
2025-03-10 00:00:00,1.08488,1.08740,1.08044,1.08304,108899
2025-03-11 00:00:00,1.08319,1.09466,1.08311,1.09172,108587
2025-03-12 00:00:00,1.09158,1.09313,1.08751,1.08864,98766
2025-03-13 00:00:00,1.08860,1.08966,1.08219,1.08540,92612
2025-03-14 00:00:00,1.08474,1.09120,1.08301,1.08812,87097
2025-03-17 00:00:00,1.08808,1.09290,1.08680,1.09217,65404
2025-03-18 00:00:00,1.09187,1.09541,1.08919,1.09444,69269
2025-03-19 00:00:00,1.09449,1.09460,1.08598,1.09035,76513
2025-03-20 00:00:00,1.09013,1.09167,1.08141,1.08523,72012
2025-03-21 00:00:00,1.08519,1.08607,1.07965,1.08124,70175
2025-03-24 00:00:00,1.08190,1.08576,1.07810,1.08003,73242
2025-03-25 00:00:00,1.07955,1.08295,1.07762,1.07897,71532
2025-03-26 00:00:00,1.07912,1.08021,1.07434,1.07508,73326
2025-03-27 00:00:00,1.07537,1.08205,1.07321,1.08009,79351
2025-03-28 00:00:00,1.07980,1.08440,1.07640,1.08296,73757
2025-03-31 00:00:00,1.08202,1.08487,1.07835,1.08162,85730
2025-04-01 00:00:00,1.08176,1.08294,1.07776,1.07942,81512
2025-04-02 00:00:00,1.07887,1.09238,1.07796,1.08418,84907
2025-04-03 00:00:00,1.08462,1.11460,1.08040,1.10519,185087
2025-04-04 00:00:00,1.10490,1.11070,1.09239,1.09617,227886
2025-04-07 00:00:00,1.09814,1.10495,1.09005,1.09048,250964
2025-04-08 00:00:00,1.09053,1.09913,1.08880,1.09537,183346
2025-04-09 00:00:00,1.09493,1.10945,1.09127,1.09488,254962
2025-04-10 00:00:00,1.09484,1.12408,1.09422,1.12010,207076
2025-04-11 00:00:00,1.11980,1.14732,1.11888,1.13506,256818
2025-04-14 00:00:00,1.13334,1.14240,1.12952,1.13498,161745
2025-04-15 00:00:00,1.13446,1.13783,1.12635,1.12818,138321
2025-04-16 00:00:00,1.12808,1.14121,1.12790,1.13964,155189
2025-04-17 00:00:00,1.13988,1.14083,1.13348,1.13649,131017
2025-04-18 00:00:00,1.13632,1.13969,1.13584,1.13926,100220
2025-04-21 00:00:00,1.14324,1.15726,1.14324,1.15116,121376
2025-04-22 00:00:00,1.15095,1.15468,1.14170,1.14183,132805
2025-04-23 00:00:00,1.14227,1.14392,1.13069,1.13123,157934
2025-04-24 00:00:00,1.13159,1.13974,1.13133,1.13927,103909
2025-04-25 00:00:00,1.13828,1.13906,1.13151,1.13592,97794
2025-04-28 00:00:00,1.13492,1.14243,1.13289,1.14223,87466
2025-04-29 00:00:00,1.14195,1.14210,1.13696,1.13845,99879
2025-04-30 00:00:00,1.13825,1.13988,1.13165,1.13233,99513
2025-05-01 00:00:00,1.13267,1.13405,1.12653,1.12919,87638
2025-05-02 00:00:00,1.12880,1.13803,1.12733,1.12983,108674
2025-05-05 00:00:00,1.13048,1.13643,1.12965,1.13129,87334
2025-05-06 00:00:00,1.13131,1.13806,1.12789,1.13720,92501
2025-05-07 00:00:00,1.13668,1.13776,1.12912,1.13014,112885
2025-05-08 00:00:00,1.13051,1.13357,1.12115,1.12285,108954
2025-05-09 00:00:00,1.12243,1.12923,1.11961,1.12471,77950
2025-05-12 00:00:00,1.12246,1.12418,1.10648,1.10868,128374
2025-05-13 00:00:00,1.10887,1.11942,1.10850,1.11867,90111
2025-05-14 00:00:00,1.11850,1.12651,1.11638,1.11726,102176
2025-05-15 00:00:00,1.11730,1.12274,1.11697,1.11849,82125
2025-05-16 00:00:00,1.11854,1.12190,1.11305,1.11599,76323
2025-05-19 00:00:00,1.11894,1.12876,1.11718,1.12423,88909
2025-05-20 00:00:00,1.12425,1.12843,1.12171,1.12829,80156
2025-05-21 00:00:00,1.12800,1.13622,1.12795,1.13295,94567
2025-05-22 00:00:00,1.13282,1.13443,1.12552,1.12796,99229
2025-05-23 00:00:00,1.12798,1.13750,1.12770,1.13639,92168
2025-05-26 00:00:00,1.13733,1.14182,1.13683,1.13860,54904
2025-05-27 00:00:00,1.13809,1.14063,1.13227,1.13286,79723
2025-05-28 00:00:00,1.13272,1.13441,1.12832,1.12922,82082
2025-05-29 00:00:00,1.12944,1.13839,1.12093,1.13679,108719
2025-05-30 00:00:00,1.13697,1.13889,1.13119,1.13463,95950
2025-06-02 00:00:00,1.13544,1.14492,1.13500,1.14415,79355
2025-06-03 00:00:00,1.14393,1.14536,1.13635,1.13708,74258
2025-06-04 00:00:00,1.13715,1.14339,1.13566,1.14196,78590
2025-06-05 00:00:00,1.14144,1.14943,1.14040,1.14433,92872
2025-06-06 00:00:00,1.14435,1.14564,1.13711,1.13923,77155
2025-06-09 00:00:00,1.14060,1.14387,1.13859,1.14176,53622
2025-06-10 00:00:00,1.14174,1.14470,1.13724,1.14244,69240
2025-06-11 00:00:00,1.14235,1.14989,1.14047,1.14865,79873
2025-06-12 00:00:00,1.14854,1.16308,1.14817,1.15854,96990
2025-06-13 00:00:00,1.15853,1.16136,1.14883,1.15470,128527
2025-06-16 00:00:00,1.15405,1.16141,1.15232,1.15610,92306
2025-06-17 00:00:00,1.15620,1.15789,1.14741,1.14834,94984
2025-06-18 00:00:00,1.14848,1.15297,1.14601,1.14789,99294
2025-06-19 00:00:00,1.14782,1.14995,1.14457,1.14981,75046
2025-06-20 00:00:00,1.14912,1.15433,1.14904,1.15211,80550
2025-06-23 00:00:00,1.14882,1.15810,1.14529,1.15772,114548
2025-06-24 00:00:00,1.15780,1.16411,1.15729,1.16098,102779
2025-06-25 00:00:00,1.16056,1.16645,1.15894,1.16551,72133
2025-06-26 00:00:00,1.16552,1.17447,1.16531,1.16993,95621
2025-06-27 00:00:00,1.16925,1.17534,1.16798,1.17187,89437
2025-06-30 00:00:00,1.17293,1.17859,1.17072,1.17812,81729
2025-07-01 00:00:00,1.17784,1.18292,1.17607,1.18046,81034
2025-07-02 00:00:00,1.18001,1.18091,1.17461,1.17953,76198
2025-07-03 00:00:00,1.17961,1.18093,1.17168,1.17559,69592
2025-07-04 00:00:00,1.17563,1.17869,1.17517,1.17732,67625
2025-07-07 00:00:00,1.17790,1.17893,1.16860,1.17075,67522
2025-07-08 00:00:00,1.17093,1.17647,1.16819,1.17247,75571
2025-07-09 00:00:00,1.17184,1.17284,1.16889,1.17199,62366
2025-07-10 00:00:00,1.17160,1.17486,1.16620,1.16975,59825
2025-07-11 00:00:00,1.16987,1.17133,1.16638,1.16915,76251
2025-07-14 00:00:00,1.16641,1.16968,1.16536,1.16629,54876
2025-07-15 00:00:00,1.16601,1.16920,1.15923,1.15997,64531
2025-07-16 00:00:00,1.15981,1.17211,1.15617,1.16414,87850
2025-07-17 00:00:00,1.16395,1.16416,1.15556,1.15956,59909
2025-07-18 00:00:00,1.15904,1.16705,1.15900,1.16216,58407
2025-07-21 00:00:00,1.16255,1.17161,1.16140,1.16923,51878
2025-07-22 00:00:00,1.16914,1.17599,1.16782,1.17512,53450
2025-07-23 00:00:00,1.17537,1.17746,1.17103,1.17698,69922
2025-07-24 00:00:00,1.17670,1.17881,1.17301,1.17466,65716
2025-07-25 00:00:00,1.17393,1.17602,1.17025,1.17383,67469
2025-07-28 00:00:00,1.17542,1.17694,1.15847,1.15875,72948
2025-07-29 00:00:00,1.15887,1.15984,1.15184,1.15444,78022
2025-07-30 00:00:00,1.15451,1.15716,1.14017,1.14051,85896
2025-07-31 00:00:00,1.14035,1.14601,1.14026,1.14137,77237
2025-08-01 00:00:00,1.14142,1.15964,1.13910,1.15949,111553
2025-08-04 00:00:00,1.15831,1.15892,1.15490,1.15742,79454
2025-08-05 00:00:00,1.15695,1.15868,1.15271,1.15752,69342
2025-08-06 00:00:00,1.15724,1.16679,1.15637,1.16556,62276
2025-08-07 00:00:00,1.16538,1.16981,1.16105,1.16661,75032
2025-08-08 00:00:00,1.16648,1.16785,1.16283,1.16402,66862
2025-08-11 00:00:00,1.16463,1.16748,1.15894,1.16177,49716
2025-08-12 00:00:00,1.16126,1.16966,1.15981,1.16721,81632
2025-08-13 00:00:00,1.16709,1.17296,1.16680,1.17045,55422
2025-08-14 00:00:00,1.17040,1.17141,1.16304,1.16479,66453
2025-08-15 00:00:00,1.16481,1.17146,1.16453,1.17024,55967
2025-08-18 00:00:00,1.17126,1.17134,1.16554,1.16609,48021
2025-08-19 00:00:00,1.16608,1.16922,1.16382,1.16456,52769
2025-08-20 00:00:00,1.16476,1.16730,1.16213,1.16506,58059
2025-08-21 00:00:00,1.16512,1.16621,1.16005,1.16054,62032
2025-08-22 00:00:00,1.16039,1.17420,1.15822,1.17205,69766
2025-08-25 00:00:00,1.17122,1.17200,1.16023,1.16199,48194
2025-08-26 00:00:00,1.16190,1.16646,1.16016,1.16409,74459
2025-08-27 00:00:00,1.16445,1.16467,1.15735,1.16369,54797
2025-08-28 00:00:00,1.16337,1.16967,1.16285,1.16811,55204
2025-08-29 00:00:00,1.16790,1.17082,1.16504,1.16861,58358
2025-09-01 00:00:00,1.16877,1.17357,1.16859,1.17112,40664
2025-09-02 00:00:00,1.17070,1.17173,1.16124,1.16415,81137
2025-09-03 00:00:00,1.16376,1.16815,1.16076,1.16603,64216
2025-09-04 00:00:00,1.16576,1.16684,1.16293,1.16508,56921
2025-09-05 00:00:00,1.16459,1.17589,1.16459,1.17202,72173
2025-09-08 00:00:00,1.17053,1.17649,1.17039,1.17605,54875
2025-09-09 00:00:00,1.17599,1.17794,1.17031,1.17087,70035
2025-09-10 00:00:00,1.17096,1.17298,1.16820,1.16942,65640
2025-09-11 00:00:00,1.16955,1.17454,1.16594,1.17355,69969
2025-09-12 00:00:00,1.17331,1.17471,1.17007,1.17313,54691
2025-09-15 00:00:00,1.17277,1.17739,1.17156,1.17599,45276
2025-09-16 00:00:00,1.17618,1.18778,1.17564,1.18645,73377
2025-09-17 00:00:00,1.18583,1.19182,1.18073,1.18113,82544
2025-09-18 00:00:00,1.18118,1.18476,1.17495,1.17813,80839
2025-09-19 00:00:00,1.17871,1.17919,1.17282,1.17426,67531
2025-09-22 00:00:00,1.17401,1.18024,1.17251,1.18013,51326
2025-09-23 00:00:00,1.17934,1.18194,1.17787,1.18143,54758
2025-09-24 00:00:00,1.18121,1.18181,1.17275,1.17370,55707
2025-09-25 00:00:00,1.17380,1.17533,1.16449,1.16643,60336
2025-09-26 00:00:00,1.16546,1.17068,1.16546,1.17014,58636
2025-09-29 00:00:00,1.17034,1.17540,1.17033,1.17263,48809
2025-09-30 00:00:00,1.17240,1.17608,1.17116,1.17331,55920
2025-10-01 00:00:00,1.17332,1.17781,1.17149,1.17281,76499
2025-10-02 00:00:00,1.17269,1.17578,1.16826,1.17155,55728
2025-10-03 00:00:00,1.17127,1.17582,1.17122,1.17391,46945
2025-10-06 00:00:00,1.17155,1.17302,1.16512,1.17105,56669
2025-10-07 00:00:00,1.17094,1.17140,1.16471,1.16572,48730
2025-10-08 00:00:00,1.16545,1.16606,1.15979,1.16287,53011
2025-10-09 00:00:00,1.16223,1.16476,1.15415,1.15636,62310
2025-10-10 00:00:00,1.15620,1.16301,1.15564,1.16240,55499
2025-10-13 00:00:00,1.16023,1.16292,1.15569,1.15670,46672
2025-10-14 00:00:00,1.15704,1.16146,1.15416,1.16056,170918
2025-10-15 00:00:00,1.16068,1.16471,1.16010,1.16452,187669
2025-10-16 00:00:00,1.16422,1.16936,1.16411,1.16869,229408
2025-10-17 00:00:00,1.16855,1.17276,1.16499,1.16523,232645
2025-10-20 00:00:00,1.16554,1.16747,1.16375,1.16428,130804
2025-10-21 00:00:00,1.16403,1.16545,1.15969,1.15992,183007
2025-10-22 00:00:00,1.16009,1.16217,1.15762,1.16089,127599
2025-10-23 00:00:00,1.16104,1.16194,1.15846,1.16177,100547
2025-10-24 00:00:00,1.16110,1.16488,1.16001,1.16268,181332
2025-10-27 00:00:00,1.16274,1.16513,1.16169,1.16432,89536
2025-10-28 00:00:00,1.16446,1.16681,1.16247,1.16528,102936
2025-10-29 00:00:00,1.16512,1.16653,1.15770,1.15986,105145
2025-10-30 00:00:00,1.16015,1.16367,1.15464,1.15689,71599
2025-10-31 00:00:00,1.15653,1.15765,1.15209,1.15350,56512
2025-11-03 00:00:00,1.15338,1.15406,1.15045,1.15176,50074
2025-11-04 00:00:00,1.15171,1.15329,1.14724,1.14778,58038
2025-11-05 00:00:00,1.14804,1.14971,1.14681,1.14878,53273
2025-11-06 00:00:00,1.14896,1.15517,1.14880,1.15458,53176
2025-11-07 00:00:00,1.15470,1.15905,1.15289,1.15642,52477
2025-11-10 00:00:00,1.15563,1.15824,1.15405,1.15619,49725
2025-11-11 00:00:00,1.15620,1.16052,1.15462,1.15838,51474
2025-11-12 00:00:00,1.15831,1.15972,1.15623,1.15877,49182
2025-11-13 00:00:00,1.15849,1.16555,1.15779,1.16347,63100
2025-11-14 00:00:00,1.16309,1.16532,1.16056,1.16212,74887
2025-11-17 00:00:00,1.16206,1.16238,1.15812,1.15878,48562
2025-11-18 00:00:00,1.15877,1.16072,1.15709,1.15787,59272
2025-11-19 00:00:00,1.15801,1.15967,1.15173,1.15260,62734
2025-11-20 00:00:00,1.15252,1.15493,1.15017,1.15291,75171
2025-11-21 00:00:00,1.15246,1.15519,1.14905,1.15138,77510
2025-11-24 00:00:00,1.15120,1.15498,1.15010,1.15242,55563
2025-11-25 00:00:00,1.15214,1.15852,1.15110,1.15604,70434
2025-11-26 00:00:00,1.15686,1.16002,1.15464,1.15919,78695
2025-11-27 00:00:00,1.15943,1.16129,1.15759,1.15943,42319
2025-11-28 00:00:00,1.15953,1.16069,1.15547,1.16025,111884
2025-12-01 00:00:00,1.15980,1.16518,1.15888,1.16082,74359
2025-12-02 00:00:00,1.16093,1.16253,1.15906,1.16241,56303
2025-12-03 00:00:00,1.16215,1.16770,1.16163,1.16671,61194
2025-12-04 00:00:00,1.16637,1.16813,1.16411,1.16412,62497
2025-12-05 00:00:00,1.16436,1.16712,1.16275,1.16393,59140
2025-12-08 00:00:00,1.16449,1.16713,1.16158,1.16385,63055
2025-12-09 00:00:00,1.16369,1.16566,1.16145,1.16276,60224
2025-12-10 00:00:00,1.16265,1.16991,1.16210,1.16928,73356
2025-12-11 00:00:00,1.16908,1.17621,1.16817,1.17412,69554
2025-12-12 00:00:00,1.17413,1.17491,1.17189,1.17393,60768
2025-12-15 00:00:00,1.17365,1.17683,1.17258,1.17484,56282
2025-12-16 00:00:00,1.17507,1.18035,1.17344,1.17519,72077
2025-12-17 00:00:00,1.17484,1.17575,1.17025,1.17408,69074
2025-12-18 00:00:00,1.17382,1.17622,1.17119,1.17200,71892
2025-12-19 00:00:00,1.17237,1.17371,1.17022,1.17081,62302
2025-12-22 00:00:00,1.17120,1.17687,1.17049,1.17567,52804
2025-12-23 00:00:00,1.17565,1.18013,1.17529,1.17884,60087
2025-12-24 00:00:00,1.17899,1.18073,1.17748,1.17769,41400
2025-12-26 00:00:00,1.17828,1.17961,1.17608,1.17735,43163
2025-12-29 00:00:00,1.17697,1.17884,1.17488,1.17650,62031
2025-12-30 00:00:00,1.17721,1.17792,1.17442,1.17442,50631
2025-12-31 00:00:00,1.17469,1.17587,1.17194,1.17354,48976
2026-01-02 00:00:00,1.17506,1.17538,1.17127,1.17159,46181
2026-01-05 00:00:00,1.17133,1.17281,1.16585,1.17252,70068
2026-01-06 00:00:00,1.17244,1.17422,1.16833,1.16893,63045
2026-01-07 00:00:00,1.16869,1.17020,1.16722,1.16796,56715
2026-01-08 00:00:00,1.16771,1.16823,1.16420,1.16529,50117
2026-01-09 00:00:00,1.16513,1.16616,1.16175,1.16344,57549
2026-01-12 00:00:00,1.16284,1.16979,1.16207,1.16641,55254
2026-01-13 00:00:00,1.16660,1.16769,1.16336,1.16455,55501
2026-01-14 00:00:00,1.16429,1.16610,1.16347,1.16428,52323
2026-01-15 00:00:00,1.16446,1.16462,1.15924,1.16043,52300
2026-01-16 00:00:00,1.16040,1.16267,1.15839,1.16012,51803
2026-01-19 00:00:00,1.15842,1.16481,1.15784,1.16432,49859
2026-01-20 00:00:00,1.16442,1.17684,1.16317,1.17168,79534
2026-01-21 00:00:00,1.17213,1.17424,1.16756,1.16875,74777
2026-01-22 00:00:00,1.16864,1.17522,1.16691,1.17490,59573
2026-01-23 00:00:00,1.17480,1.18258,1.17276,1.18208,71380
2026-01-26 00:00:00,1.18889,1.19061,1.18344,1.18803,90873
2026-01-27 00:00:00,1.18788,1.20819,1.18498,1.20552,95448
2026-01-28 00:00:00,1.20460,1.20489,1.18952,1.19461,116584
2026-01-29 00:00:00,1.19518,1.19960,1.19054,1.19652,113889
2026-01-30 00:00:00,1.19636,1.19736,1.18541,1.18585,137604
2026-02-02 00:00:00,1.18498,1.18741,1.17753,1.17866,117233
2026-02-03 00:00:00,1.17927,1.18284,1.17795,1.18189,83526
2026-02-04 00:00:00,1.18237,1.18373,1.17898,1.18017,78169
2026-02-05 00:00:00,1.18025,1.18211,1.17797,1.17802,83123
2026-02-06 00:00:00,1.17776,1.18255,1.17647,1.18210,57670
2026-02-09 00:00:00,1.18143,1.19260,1.18088,1.19133,73082
2026-02-10 00:00:00,1.19117,1.19280,1.18863,1.18971,64554
2026-02-11 00:00:00,1.18926,1.19266,1.18325,1.18734,74859
2026-02-12 00:00:00,1.18702,1.18892,1.18518,1.18682,62678
2026-02-13 00:00:00,1.18694,1.18840,1.18465,1.18697,54984
2026-02-16 00:00:00,1.18697,1.18712,1.18455,1.18535,27678
2026-02-17 00:00:00,1.18532,1.18533,1.18043,1.18486,47952
2026-02-18 00:00:00,1.18520,1.18566,1.17815,1.17830,42038
2026-02-19 00:00:00,1.17860,1.18069,1.17414,1.17676,47663
2026-02-20 00:00:00,1.17690,1.18068,1.17427,1.17848,59726
2026-02-23 00:00:00,1.17935,1.18337,1.17738,1.17872,52753
2026-02-24 00:00:00,1.17895,1.17954,1.17654,1.17768,45462
2026-02-25 00:00:00,1.17743,1.18137,1.17632,1.18050,44310
2026-02-26 00:00:00,1.18049,1.18282,1.17734,1.18003,49317
2026-02-27 00:00:00,1.17996,1.18260,1.17846,1.18213,62013
2026-03-02 00:00:00,1.17734,1.17951,1.16709,1.16896,97413
2026-03-03 00:00:00,1.16909,1.17057,1.15295,1.16170,113446
2026-03-04 00:00:00,1.16142,1.16539,1.15737,1.16410,101300
2026-03-05 00:00:00,1.16365,1.16463,1.15580,1.16065,111686
2026-03-06 00:00:00,1.16073,1.16206,1.15452,1.16088,104164
2026-03-09 00:00:00,1.15350,1.16325,1.15061,1.16285,136936
2026-03-10 00:00:00,1.16338,1.16665,1.16054,1.16086,111307
2026-03-11 00:00:00,1.16068,1.16445,1.15601,1.15644,93569
2026-03-12 00:00:00,1.15657,1.15734,1.15093,1.15111,88287
2026-03-13 00:00:00,1.15106,1.15286,1.14101,1.14130,92956
2026-03-16 00:00:00,1.14288,1.15241,1.14135,1.15055,78994
2026-03-17 00:00:00,1.15045,1.15466,1.14652,1.15399,72691
2026-03-18 00:00:00,1.15342,1.15546,1.14493,1.14500,81421
2026-03-19 00:00:00,1.14549,1.16156,1.14423,1.15849,111346
2026-03-20 00:00:00,1.15875,1.15934,1.15241,1.15695,93396
2026-03-23 00:00:00,1.15578,1.16390,1.14836,1.16088,129458
2026-03-24 00:00:00,1.16129,1.16276,1.15564,1.16052,118858
2026-03-25 00:00:00,1.16056,1.16293,1.15546,1.15572,94817
2026-03-26 00:00:00,1.15602,1.15716,1.15189,1.15281,80725
2026-03-27 00:00:00,1.15316,1.15471,1.15012,1.15110,78772
2026-03-30 00:00:00,1.14878,1.15204,1.14425,1.14585,78138
2026-03-31 00:00:00,1.14570,1.15627,1.14462,1.15525,113391
2026-04-01 00:00:00,1.15543,1.16263,1.15513,1.15891,126199
2026-04-02 00:00:00,1.15858,1.16046,1.15083,1.15381,127896
2026-04-03 00:00:00,1.15361,1.15485,1.15104,1.15141,38272
2026-04-06 00:00:00,1.15142,1.15708,1.15053,1.15413,96245
2026-04-07 00:00:00,1.15417,1.16041,1.15235,1.15953,117123
2026-04-08 00:00:00,1.15939,1.17210,1.15881,1.16601,178063
2026-04-09 00:00:00,1.16615,1.17227,1.16493,1.16973,120911
2026-04-10 00:00:00,1.16968,1.17387,1.16766,1.17289,98632
2026-04-13 00:00:00,1.16717,1.17648,1.16631,1.17579,94980
2026-04-14 00:00:00,1.17555,1.18104,1.17521,1.17939,95798
2026-04-15 00:00:00,1.17937,1.18073,1.17712,1.17992,102877
2026-04-16 00:00:00,1.17976,1.18231,1.17664,1.17813,104635
2026-04-17 00:00:00,1.17758,1.18484,1.17598,1.17622,121897
2026-04-20 00:00:00,1.17392,1.17895,1.17355,1.17857,127946
2026-04-21 00:00:00,1.17820,1.17899,1.17183,1.17409,113883
2026-04-22 00:00:00,1.17414,1.17619,1.17023,1.17045,81049
2026-04-23 00:00:00,1.17046,1.17157,1.16684,1.16814,119814
2026-04-24 00:00:00,1.16829,1.17218,1.16721,1.17212,100718
2026-04-27 00:00:00,1.17072,1.17542,1.17043,1.17205,68201
2026-04-28 00:00:00,1.17190,1.17259,1.16767,1.17127,87831
2026-04-29 00:00:00,1.17096,1.17195,1.16605,1.16721,91361
2026-04-30 00:00:00,1.16725,1.17411,1.16543,1.17317,134873
2026-05-01 00:00:00,1.17281,1.17845,1.17147,1.17193,98631
2026-05-04 00:00:00,1.17326,1.17382,1.16804,1.16901,121706
2026-05-05 00:00:00,1.16893,1.17128,1.16758,1.16930,89149
2026-05-06 00:00:00,1.16923,1.17962,1.16908,1.17458,128638
2026-05-07 00:00:00,1.17443,1.17775,1.17281,1.17282,114695
2026-05-08 00:00:00,1.17262,1.17873,1.17232,1.17863,91710
2026-05-11 00:00:00,1.17632,1.17871,1.17479,1.17799,66780
2026-05-12 00:00:00,1.17817,1.17867,1.17211,1.17391,88512
2026-05-13 00:00:00,1.17364,1.17409,1.16948,1.17121,72349
2026-05-14 00:00:00,1.17120,1.17207,1.16650,1.16677,84705
2026-05-15 00:00:00,1.16667,1.16728,1.16162,1.16226,99940
2026-05-18 00:00:00,1.16225,1.16601,1.16072,1.16539,107665
2026-05-19 00:00:00,1.16511,1.16606,1.15914,1.16043,96375
2026-05-20 00:00:00,1.16016,1.16443,1.15819,1.16248,103586
2026-05-21 00:00:00,1.16246,1.16348,1.15755,1.16169,107491
2026-05-22 00:00:00,1.16215,1.16216,1.15876,1.16015,71191
2026-05-25 00:00:00,1.16421,1.16520,1.16289,1.16423,45206
2026-05-26 00:00:00,1.16374,1.16444,1.16157,1.16302,60857
2026-05-27 00:00:00,1.16269,1.16607,1.16214,1.16254,74237
2026-05-28 00:00:00,1.16281,1.16606,1.15855,1.16482,82883
2026-05-29 00:00:00,1.16522,1.16849,1.16242,1.16587,78694
2026-06-01 00:00:00,1.16538,1.16641,1.16061,1.16306,84831
2026-06-02 00:00:00,1.16283,1.16549,1.16128,1.16293,57473
2026-06-03 00:00:00,1.16290,1.16322,1.15941,1.15977,77799
2026-06-04 00:00:00,1.15990,1.16444,1.15937,1.16102,68994
2026-06-05 00:00:00,1.16139,1.16437,1.15173,1.15212,97290
2026-06-08 00:00:00,1.15121,1.15540,1.14991,1.15304,119090
2026-06-09 00:00:00,1.15346,1.15773,1.15260,1.15424,93172
2026-06-10 00:00:00,1.15446,1.15723,1.15320,1.15344,122145
2026-06-11 00:00:00,1.15387,1.15891,1.15022,1.15774,140400
2026-06-12 00:00:00,1.15758,1.15888,1.15563,1.15667,124752
2026-06-15 00:00:00,1.16080,1.16214,1.15829,1.15875,81110
2026-06-16 00:00:00,1.15891,1.16190,1.15740,1.16075,86877
2026-06-17 00:00:00,1.16083,1.16155,1.14771,1.15000,100919
2026-06-18 00:00:00,1.15020,1.15275,1.14505,1.14567,125746
2026-06-19 00:00:00,1.14564,1.14800,1.14172,1.14731,70584
2026-06-22 00:00:00,1.14612,1.14726,1.14182,1.14270,86180
2026-06-23 00:00:00,1.14264,1.14383,1.13752,1.13799,106914
2026-06-24 00:00:00,1.13828,1.13830,1.13236,1.13582,121225
2026-06-25 00:00:00,1.13559,1.13873,1.13327,1.13700,98676
2026-06-26 00:00:00,1.13677,1.14334,1.13535,1.13809,99807
2026-06-29 00:00:00,1.13843,1.14298,1.13800,1.14226,90737
2026-06-30 00:00:00,1.14222,1.14359,1.13818,1.14209,89023
2026-07-01 00:00:00,1.14206,1.14230,1.13610,1.13754,94779
2026-07-02 00:00:00,1.13774,1.14721,1.13739,1.14330,100484
2026-07-03 00:00:00,1.14325,1.14617,1.14195,1.14349,66730
2026-07-06 00:00:00,1.14356,1.14444,1.14077,1.14397,90031
2026-07-07 00:00:00,1.14407,1.14470,1.14076,1.14099,89985
2026-07-08 00:00:00,1.14103,1.14310,1.13905,1.14158,121673
2026-07-09 00:00:00,1.14182,1.14487,1.14150,1.14283,92128
2026-07-10 00:00:00,1.14300,1.14601,1.14108,1.14132,80646
2026-07-13 00:00:00,1.13939,1.14451,1.13763,1.13782,95302
2026-07-14 00:00:00,1.13807,1.14617,1.13771,1.14199,99565
2026-07-15 00:00:00,1.14221,1.14817,1.14053,1.14626,89757
2026-07-16 00:00:00,1.14596,1.14759,1.14305,1.14425,81846
2026-07-17 00:00:00,1.14395,1.14516,1.14238,1.14369,82837
2026-07-20 00:00:00,1.14254,1.14489,1.14017,1.14122,88845
2026-07-21 00:00:00,1.14141,1.14279,1.13976,1.13976,80835
2026-07-22 00:00:00,1.13974,1.14208,1.13963,1.14107,75068
2026-07-23 00:00:00,1.14063,1.14351,1.13631,1.13762,119744
2026-07-24 00:00:00,1.13753,1.14003,1.13643,1.13689,89736
2026-07-27 00:00:00,1.13881,1.14174,1.13662,1.13668,62975
2026-07-28 00:00:00,1.13679,1.14046,1.13523,1.13857,68548
2026-07-29 00:00:00,1.13892,1.14704,1.13740,1.14653,104984
2026-07-30 00:00:00,1.14584,1.15364,1.14336,1.15273,105421
2026-07-31 00:00:00,1.15257,1.15465,1.14545,1.15388,130262
2026-08-03 00:00:00,1.15472,1.15550,1.14995,1.15073,112770
2026-08-04 00:00:00,1.15081,1.15333,1.15011,1.15309,81323
2026-08-05 00:00:00,1.15261,1.15588,1.15257,1.15517,78995
2026-08-06 00:00:00,1.15550,1.15587,1.15138,1.15214,81580
2026-08-07 00:00:00,1.15219,1.15804,1.15170,1.15565,79676
2026-08-10 00:00:00,1.15547,1.15651,1.15390,1.15413,77542
2026-08-11 00:00:00,1.15408,1.15486,1.15305,1.15406,84316
2026-08-12 00:00:00,1.15400,1.15621,1.15190,1.15237,80415
2026-08-13 00:00:00,1.15217,1.15448,1.15110,1.15282,64060
2026-08-14 00:00:00,1.15249,1.15847,1.15249,1.15682,63229
2026-08-17 00:00:00,1.15740,1.16134,1.15703,1.15777,72187
2026-08-18 00:00:00,1.15779,1.15876,1.15659,1.15736,65886
2026-08-19 00:00:00,1.15753,1.16784,1.15691,1.16771,93311
2026-08-20 00:00:00,1.16757,1.17099,1.16684,1.16767,97249
2026-08-21 00:00:00,1.16772,1.17108,1.16681,1.16756,79472
2026-08-24 00:00:00,1.16749,1.16865,1.16544,1.16627,80574
2026-08-25 00:00:00,1.16601,1.16789,1.16504,1.16744,73673
2026-08-26 00:00:00,1.16723,1.16765,1.16410,1.16524,72351
2026-08-27 00:00:00,1.16505,1.16591,1.16358,1.16506,73167
2026-08-28 00:00:00,1.16478,1.16588,1.15772,1.15811,91606
2026-08-31 00:00:00,1.15835,1.16200,1.15825,1.16155,73747
2026-09-01 00:00:00,1.16168,1.16233,1.15842,1.15906,70053
2026-09-02 00:00:00,1.15883,1.16083,1.15656,1.15878,84129
2026-09-03 00:00:00,1.15881,1.16404,1.15823,1.16257,106599
2026-09-04 00:00:00,1.16280,1.16324,1.15842,1.16120,88220
2026-09-07 00:00:00,1.16123,1.16351,1.16066,1.16212,60896
2026-09-08 00:00:00,1.16218,1.16351,1.16073,1.16224,81592
2026-09-09 00:00:00,1.16238,1.16534,1.16193,1.16318,75739
2026-09-10 00:00:00,1.16344,1.16411,1.15915,1.16089,82892
2026-09-11 00:00:00,1.16073,1.16165,1.15686,1.15962,85893
2026-09-14 00:00:00,1.15901,1.15947,1.15224,1.15485,109159
2026-09-15 00:00:00,1.15500,1.15513,1.15263,1.15399,80402
2026-09-16 00:00:00,1.15354,1.15558,1.14601,1.14642,107696
2026-09-17 00:00:00,1.14611,1.14970,1.14553,1.14755,102761
2026-09-18 00:00:00,1.14769,1.14911,1.14541,1.14848,110053
2026-09-21 00:00:00,1.14796,1.14950,1.14613,1.14636,66009
2026-09-22 00:00:00,1.14650,1.14776,1.14287,1.14418,93003
